actas_counted,actas_percentage,actas_total,blank_votes,created_at,id,null_votes,percentage_gap,pos1_candidate_name,pos1_percentage,pos1_votes,pos2_candidate_id,pos2_candidate_name,pos2_party_id,pos2_party_name,pos2_percentage,pos2_percentage_emitted,pos2_votes,pos3_candidate_id,pos3_candidate_name,pos3_party_id,pos3_party_name,pos3_percentage,pos3_percentage_emitted,pos3_votes,region_code,timestamp,total_emitted_votes,total_valid_votes,vote_gap
86656,93.414,92766,2199063,2026-04-18T01:26:08.432672+00:00,231,945053,0.085,KEIKO SOFIA FUJIMORI HIGUCHI,17.056,2687151,16002918,ROBERTO HELBERT SANCHEZ PALOMINO,10,JUNTOS POR EL PERÚ,12.006,10.009,1891502,07845838,RAFAEL BERNARDO LÓPEZ ALIAGA CAZORLA,35,RENOVACIÓN POPULAR,11.921,9.938,1878134,TOTAL,2026-04-18T06:26:07.848395+00:00,18898830,15754714,13368
84917,94.119,90223,2149427,2026-04-18T01:26:08.762241+00:00,232,931877,0.409,KEIKO SOFIA FUJIMORI HIGUCHI,17.063,2651756,16002918,ROBERTO HELBERT SANCHEZ PALOMINO,10,JUNTOS POR EL PERÚ,12.137,10.129,1886161,07845838,RAFAEL BERNARDO LÓPEZ ALIAGA CAZORLA,35,RENOVACIÓN POPULAR,11.728,9.787,1822608,PERU,2026-04-18T06:26:07.849086+00:00,18622090,15540786,63553
1739,68.384,2543,49636,2026-04-18T01:26:09.077738+00:00,233,13176,-23.458,RAFAEL BERNARDO LÓPEZ ALIAGA CAZORLA,25.955,55526,16002918,ROBERTO HELBERT SANCHEZ PALOMINO,10,JUNTOS POR EL PERÚ,2.497,1.93,5341,07845838,RAFAEL BERNARDO LÓPEZ ALIAGA CAZORLA,35,RENOVACIÓN POPULAR,25.955,20.064,55526,EXTRANJERO,2026-04-18T06:26:08.209093+00:00,276740,213928,-50185
1197,93.662,1278,33921,2026-04-18T01:26:09.388811+00:00,234,14123,32.355,ROBERTO HELBERT SANCHEZ PALOMINO,36.077,55364,16002918,ROBERTO HELBERT SANCHEZ PALOMINO,10,JUNTOS POR EL PERÚ,36.077,27.475,55364,07845838,RAFAEL BERNARDO LÓPEZ ALIAGA CAZORLA,35,RENOVACIÓN POPULAR,3.722,2.835,5712,010000,2026-04-18T06:26:08.514935+00:00,201505,153461,49652
3215,92.598,3472,96781,2026-04-18T01:26:09.717323+00:00,235,45870,8.914,KEIKO SOFIA FUJIMORI HIGUCHI,18.051,90889,16002918,ROBERTO HELBERT SANCHEZ PALOMINO,10,JUNTOS POR EL PERÚ,14.936,11.639,75205,07845838,RAFAEL BERNARDO LÓPEZ ALIAGA CAZORLA,35,RENOVACIÓN POPULAR,6.022,4.693,30323,020000,2026-04-18T06:26:08.552006+00:00,646162,503511,44882
1270,96.431,1317,38347,2026-04-18T01:26:10.278238+00:00,236,13914,37.722,ROBERTO HELBERT SANCHEZ PALOMINO,40.877,79312,16002918,ROBERTO HELBERT SANCHEZ PALOMINO,10,JUNTOS POR EL PERÚ,40.877,32.203,79312,07845838,RAFAEL BERNARDO LÓPEZ ALIAGA CAZORLA,35,RENOVACIÓN POPULAR,3.155,2.486,6122,030000,2026-04-18T06:26:09.131914+00:00,246288,194027,73190
4127,97.912,4215,73344,2026-04-18T01:26:10.588345+00:00,237,37939,-0.583,JORGE NIETO MONTESINOS,18.664,160940,16002918,ROBERTO HELBERT SANCHEZ PALOMINO,10,JUNTOS POR EL PERÚ,10.049,8.9,86652,07845838,RAFAEL BERNARDO LÓPEZ ALIAGA CAZORLA,35,RENOVACIÓN POPULAR,10.632,9.417,91679,040000,2026-04-18T06:26:09.186647+00:00,973590,862307,-5027
1808,95.158,1900,50184,2026-04-18T01:26:10.888618+00:00,238,17870,28.552,ROBERTO HELBERT SANCHEZ PALOMINO,31.291,84615,16002918,ROBERTO HELBERT SANCHEZ PALOMINO,10,JUNTOS POR EL PERÚ,31.291,25.0,84615,07845838,RAFAEL BERNARDO LÓPEZ ALIAGA CAZORLA,35,RENOVACIÓN POPULAR,2.739,2.188,7406,050000,2026-04-18T06:26:09.760866+00:00,338463,270409,77209
4000,94.34,4240,117696,2026-04-18T01:26:11.205082+00:00,239,50111,38.462,ROBERTO HELBERT SANCHEZ PALOMINO,41.702,254121,16002918,ROBERTO HELBERT SANCHEZ PALOMINO,10,JUNTOS POR EL PERÚ,41.702,32.698,254121,07845838,RAFAEL BERNARDO LÓPEZ ALIAGA CAZORLA,35,RENOVACIÓN POPULAR,3.24,2.54,19744,060000,2026-04-18T06:26:10.339691+00:00,777177,609370,234377
3806,95.556,3983,94305,2026-04-18T01:26:11.504018+00:00,240,46601,17.891,ROBERTO HELBERT SANCHEZ PALOMINO,22.661,150690,16002918,ROBERTO HELBERT SANCHEZ PALOMINO,10,JUNTOS POR EL PERÚ,22.661,18.699,150690,07845838,RAFAEL BERNARDO LÓPEZ ALIAGA CAZORLA,35,RENOVACIÓN POPULAR,4.77,3.936,31722,070000,2026-04-18T06:26:10.645059+00:00,805878,664972,118968
1210,95.051,1273,31216,2026-04-18T01:26:11.836602+00:00,241,11247,41.03,ROBERTO HELBERT SANCHEZ PALOMINO,43.377,71456,16002918,ROBERTO HELBERT SANCHEZ PALOMINO,10,JUNTOS POR EL PERÚ,43.377,34.487,71456,07845838,RAFAEL BERNARDO LÓPEZ ALIAGA CAZORLA,35,RENOVACIÓN POPULAR,2.347,1.866,3866,080000,2026-04-18T06:26:10.681893+00:00,207195,164732,67590
2129,90.944,2341,66208,2026-04-18T01:26:12.145951+00:00,242,22153,23.456,ROBERTO HELBERT SANCHEZ PALOMINO,29.436,92130,16002918,ROBERTO HELBERT SANCHEZ PALOMINO,10,JUNTOS POR EL PERÚ,29.436,22.956,92130,07845838,RAFAEL BERNARDO LÓPEZ ALIAGA CAZORLA,35,RENOVACIÓN POPULAR,5.98,4.663,18715,090000,2026-04-18T06:26:10.980667+00:00,401341,312980,73415
2213,90.585,2443,64532,2026-04-18T01:26:12.447808+00:00,243,25769,-1.708,KEIKO SOFIA FUJIMORI HIGUCHI,20.328,89051,16002918,ROBERTO HELBERT SANCHEZ PALOMINO,10,JUNTOS POR EL PERÚ,7.706,6.389,33759,07845838,RAFAEL BERNARDO LÓPEZ ALIAGA CAZORLA,35,RENOVACIÓN POPULAR,9.414,7.805,41242,100000,2026-04-18T06:26:11.280232+00:00,528373,438072,-7483
3520,95.367,3691,101800,2026-04-18T01:26:12.747243+00:00,244,39796,4.614,KEIKO SOFIA FUJIMORI HIGUCHI,16.997,103338,16002918,ROBERTO HELBERT SANCHEZ PALOMINO,10,JUNTOS POR EL PERÚ,12.221,9.912,74298,07845838,RAFAEL BERNARDO LÓPEZ ALIAGA CAZORLA,35,RENOVACIÓN POPULAR,7.607,6.17,46246,110000,2026-04-18T06:26:11.62332+00:00,749561,607965,28052
4913,92.663,5302,147507,2026-04-18T01:26:13.058359+00:00,245,67252,1.171,KEIKO SOFIA FUJIMORI HIGUCHI,20.261,175447,16002918,ROBERTO HELBERT SANCHEZ PALOMINO,10,JUNTOS POR EL PERÚ,9.4,7.532,81396,07845838,RAFAEL BERNARDO LÓPEZ ALIAGA CAZORLA,35,RENOVACIÓN POPULAR,8.229,6.594,71258,120000,2026-04-18T06:26:11.924495+00:00,1080703,865944,10138
3421,95.292,3590,95380,2026-04-18T01:26:13.357304+00:00,246,46735,2.056,KEIKO SOFIA FUJIMORI HIGUCHI,26.414,168476,16002918,ROBERTO HELBERT SANCHEZ PALOMINO,10,JUNTOS POR EL PERÚ,10.642,8.703,67875,07845838,RAFAEL BERNARDO LÓPEZ ALIAGA CAZORLA,35,RENOVACIÓN POPULAR,8.586,7.021,54760,130000,2026-04-18T06:26:12.225022+00:00,779934,637819,13115
27841,95.193,29247,528008,2026-04-18T01:26:13.657063+00:00,247,243128,-16.67,RAFAEL BERNARDO LÓPEZ ALIAGA CAZORLA,19.936,1157356,16002918,ROBERTO HELBERT SANCHEZ PALOMINO,10,JUNTOS POR EL PERÚ,3.266,2.883,189602,07845838,RAFAEL BERNARDO LÓPEZ ALIAGA CAZORLA,35,RENOVACIÓN POPULAR,19.936,17.598,1157356,140000,2026-04-18T06:26:12.534163+00:00,6576518,5805382,-967754
2280,84.538,2697,71685,2026-04-18T01:26:14.040272+00:00,248,21833,3.152,KEIKO SOFIA FUJIMORI HIGUCHI,28.134,81753,16002918,ROBERTO HELBERT SANCHEZ PALOMINO,10,JUNTOS POR EL PERÚ,9.912,7.498,28802,07845838,RAFAEL BERNARDO LÓPEZ ALIAGA CAZORLA,35,RENOVACIÓN POPULAR,6.76,5.114,19645,150000,2026-04-18T06:26:13.108194+00:00,384105,290587,9157
453,89.349,507,16484,2026-04-18T01:26:14.33845+00:00,249,4251,19.828,ROBERTO HELBERT SANCHEZ PALOMINO,23.226,16809,16002918,ROBERTO HELBERT SANCHEZ PALOMINO,10,JUNTOS POR EL PERÚ,23.226,18.053,16809,07845838,RAFAEL BERNARDO LÓPEZ ALIAGA CAZORLA,35,RENOVACIÓN POPULAR,3.398,2.641,2459,160000,2026-04-18T06:26:13.408311+00:00,93108,72373,14350
549,94.983,578,11335,2026-04-18T01:26:14.652571+00:00,250,4912,7.001,ROBERTO HELBERT SANCHEZ PALOMINO,12.816,13912,16002918,ROBERTO HELBERT SANCHEZ PALOMINO,10,JUNTOS POR EL PERÚ,12.816,11.147,13912,07845838,RAFAEL BERNARDO LÓPEZ ALIAGA CAZORLA,35,RENOVACIÓN POPULAR,5.815,5.058,6313,170000,2026-04-18T06:26:13.450275+00:00,124803,108556,7599
747,93.142,802,20596,2026-04-18T01:26:14.985104+00:00,251,7297,12.235,ROBERTO HELBERT SANCHEZ PALOMINO,18.736,20282,16002918,ROBERTO HELBERT SANCHEZ PALOMINO,10,JUNTOS POR EL PERÚ,18.736,14.897,20282,07845838,RAFAEL BERNARDO LÓPEZ ALIAGA CAZORLA,35,RENOVACIÓN POPULAR,6.501,5.169,7038,180000,2026-04-18T06:26:13.814875+00:00,136146,108253,13244
4853,91.895,5281,167956,2026-04-18T01:26:15.287324+00:00,252,76098,4.663,KEIKO SOFIA FUJIMORI HIGUCHI,27.971,226718,16002918,ROBERTO HELBERT SANCHEZ PALOMINO,10,JUNTOS POR EL PERÚ,11.35,8.723,91995,07845838,RAFAEL BERNARDO LÓPEZ ALIAGA CAZORLA,35,RENOVACIÓN POPULAR,6.687,5.139,54199,190000,2026-04-18T06:26:14.115299+00:00,1054592,810538,37796
3291,96.88,3397,75413,2026-04-18T01:26:15.604474+00:00,253,39356,22.898,ROBERTO HELBERT SANCHEZ PALOMINO,24.819,156760,16002918,ROBERTO HELBERT SANCHEZ PALOMINO,10,JUNTOS POR EL PERÚ,24.819,21.003,156760,07845838,RAFAEL BERNARDO LÓPEZ ALIAGA CAZORLA,35,RENOVACIÓN POPULAR,1.921,1.626,12133,200000,2026-04-18T06:26:14.450719+00:00,746374,631605,144627
2372,93.607,2534,98012,2026-04-18T01:26:16.174647+00:00,254,35897,17.891,ROBERTO HELBERT SANCHEZ PALOMINO,23.777,86916,16002918,ROBERTO HELBERT SANCHEZ PALOMINO,10,JUNTOS POR EL PERÚ,23.777,17.402,86916,07845838,RAFAEL BERNARDO LÓPEZ ALIAGA CAZORLA,35,RENOVACIÓN POPULAR,5.886,4.308,21517,210000,2026-04-18T06:26:14.767086+00:00,499462,365553,65399
989,95.005,1041,17962,2026-04-18T01:26:16.47858+00:00,255,8677,5.673,RICARDO PABLO BELMONT CASSINELLI,14.583,30616,16002918,ROBERTO HELBERT SANCHEZ PALOMINO,10,JUNTOS POR EL PERÚ,11.889,10.551,24961,07845838,RAFAEL BERNARDO LÓPEZ ALIAGA CAZORLA,35,RENOVACIÓN POPULAR,6.216,5.516,13051,220000,2026-04-18T06:26:15.069418+00:00,236582,209943,11910
573,90.665,632,19494,2026-04-18T01:26:16.829473+00:00,256,8259,0.954,KEIKO SOFIA FUJIMORI HIGUCHI,33.96,34177,16002918,ROBERTO HELBERT SANCHEZ PALOMINO,10,JUNTOS POR EL PERÚ,6.872,5.387,6916,07845838,RAFAEL BERNARDO LÓPEZ ALIAGA CAZORLA,35,RENOVACIÓN POPULAR,5.918,4.639,5956,230000,2026-04-18T06:26:15.924127+00:00,128393,100640,960
2764,95.376,2898,59551,2026-04-18T01:26:17.098893+00:00,257,27902,-11.985,KEIKO SOFIA FUJIMORI HIGUCHI,20.669,114185,16002918,ROBERTO HELBERT SANCHEZ PALOMINO,10,JUNTOS POR EL PERÚ,3.005,2.595,16603,07845838,RAFAEL BERNARDO LÓPEZ ALIAGA CAZORLA,35,RENOVACIÓN POPULAR,14.99,12.942,82814,240000,2026-04-18T06:26:16.221547+00:00,639897,552444,-66211
1376,87.98,1564,51710,2026-04-18T01:26:17.38868+00:00,258,14887,7.222,KEIKO SOFIA FUJIMORI HIGUCHI,29.532,58869,16002918,ROBERTO HELBERT SANCHEZ PALOMINO,10,JUNTOS POR EL PERÚ,12.907,9.675,25730,07845838,RAFAEL BERNARDO LÓPEZ ALIAGA CAZORLA,35,RENOVACIÓN POPULAR,5.685,4.261,11332,250000,2026-04-18T06:26:16.273835+00:00,265940,199343,14398
2137,91.286,2341,66404,2026-04-18T09:45:04.76488+00:00,269,22256,23.439,ROBERTO HELBERT SANCHEZ PALOMINO,29.418,92464,16002918,ROBERTO HELBERT SANCHEZ PALOMINO,10,JUNTOS POR EL PERÚ,29.418,22.945,92464,07845838,RAFAEL BERNARDO LÓPEZ ALIAGA CAZORLA,35,RENOVACIÓN POPULAR,5.979,4.664,18793,090000,2026-04-18T14:45:04.312795+00:00,402976,314316,73671
84917,94.128,90223,2149623,2026-04-18T09:30:04.905203+00:00,267,931980,0.411,KEIKO SOFIA FUJIMORI HIGUCHI,17.063,2651935,16002918,ROBERTO HELBERT SANCHEZ PALOMINO,10,JUNTOS POR EL PERÚ,12.138,10.13,1886495,07845838,RAFAEL BERNARDO LÓPEZ ALIAGA CAZORLA,35,RENOVACIÓN POPULAR,11.727,9.787,1822686,PERU,2026-04-18T14:30:04.189474+00:00,18623725,15542122,63809
86656,93.422,92766,2199259,2026-04-18T09:30:05.243724+00:00,268,945156,0.086,KEIKO SOFIA FUJIMORI HIGUCHI,17.056,2687330,16002918,ROBERTO HELBERT SANCHEZ PALOMINO,10,JUNTOS POR EL PERÚ,12.007,10.009,1891836,07845838,RAFAEL BERNARDO LÓPEZ ALIAGA CAZORLA,35,RENOVACIÓN POPULAR,11.921,9.937,1878212,TOTAL,2026-04-18T14:30:04.231108+00:00,18900465,15756050,13624
86712,93.474,92766,2199259,2026-04-18T13:30:04.589852+00:00,270,945156,0.086,KEIKO SOFIA FUJIMORI HIGUCHI,17.056,2687330,16002918,ROBERTO HELBERT SANCHEZ PALOMINO,10,JUNTOS POR EL PERÚ,12.007,10.009,1891836,07845838,RAFAEL BERNARDO LÓPEZ ALIAGA CAZORLA,35,RENOVACIÓN POPULAR,11.921,9.937,1878212,TOTAL,2026-04-18T18:30:04.031212+00:00,18900465,15756050,13624
1787,70.271,2543,49636,2026-04-18T13:30:04.932857+00:00,271,13176,-23.458,RAFAEL BERNARDO LÓPEZ ALIAGA CAZORLA,25.955,55526,16002918,ROBERTO HELBERT SANCHEZ PALOMINO,10,JUNTOS POR EL PERÚ,2.497,1.93,5341,07845838,RAFAEL BERNARDO LÓPEZ ALIAGA CAZORLA,35,RENOVACIÓN POPULAR,25.955,20.064,55526,EXTRANJERO,2026-04-18T18:30:04.087282+00:00,276740,213928,-50185
84925,94.128,90223,2149642,2026-04-18T17:30:04.602701+00:00,272,931987,0.41,KEIKO SOFIA FUJIMORI HIGUCHI,17.063,2651974,16002918,ROBERTO HELBERT SANCHEZ PALOMINO,10,JUNTOS POR EL PERÚ,12.138,10.129,1886500,07845838,RAFAEL BERNARDO LÓPEZ ALIAGA CAZORLA,35,RENOVACIÓN POPULAR,11.728,9.787,1822732,PERU,2026-04-18T22:30:03.994862+00:00,18623968,15542339,63768
86712,93.474,92766,2199278,2026-04-18T17:30:04.922723+00:00,273,945163,0.086,KEIKO SOFIA FUJIMORI HIGUCHI,17.056,2687369,16002918,ROBERTO HELBERT SANCHEZ PALOMINO,10,JUNTOS POR EL PERÚ,12.007,10.009,1891841,07845838,RAFAEL BERNARDO LÓPEZ ALIAGA CAZORLA,35,RENOVACIÓN POPULAR,11.921,9.938,1878258,TOTAL,2026-04-18T22:30:04.035382+00:00,18900708,15756267,13583
27842,95.196,29247,528008,2026-04-18T17:30:07.480478+00:00,274,243128,-16.67,RAFAEL BERNARDO LÓPEZ ALIAGA CAZORLA,19.936,1157356,16002918,ROBERTO HELBERT SANCHEZ PALOMINO,10,JUNTOS POR EL PERÚ,3.266,2.883,189602,07845838,RAFAEL BERNARDO LÓPEZ ALIAGA CAZORLA,35,RENOVACIÓN POPULAR,19.936,17.598,1157356,140000,2026-04-18T22:30:06.95133+00:00,6576518,5805382,-967754
86713,93.475,92766,2199278,2026-04-18T17:45:03.431179+00:00,275,945163,0.086,KEIKO SOFIA FUJIMORI HIGUCHI,17.056,2687369,16002918,ROBERTO HELBERT SANCHEZ PALOMINO,10,JUNTOS POR EL PERÚ,12.007,10.009,1891841,07845838,RAFAEL BERNARDO LÓPEZ ALIAGA CAZORLA,35,RENOVACIÓN POPULAR,11.921,9.938,1878258,TOTAL,2026-04-18T22:45:02.727202+00:00,18900708,15756267,13583
84926,94.129,90223,2149642,2026-04-18T17:45:03.757793+00:00,276,931987,0.41,KEIKO SOFIA FUJIMORI HIGUCHI,17.063,2651974,16002918,ROBERTO HELBERT SANCHEZ PALOMINO,10,JUNTOS POR EL PERÚ,12.138,10.129,1886500,07845838,RAFAEL BERNARDO LÓPEZ ALIAGA CAZORLA,35,RENOVACIÓN POPULAR,11.728,9.787,1822732,PERU,2026-04-18T22:45:02.767713+00:00,18623968,15542339,63768
27842,95.196,29247,528027,2026-04-18T17:45:06.27946+00:00,277,243135,-16.67,RAFAEL BERNARDO LÓPEZ ALIAGA CAZORLA,19.936,1157402,16002918,ROBERTO HELBERT SANCHEZ PALOMINO,10,JUNTOS POR EL PERÚ,3.266,2.883,189607,07845838,RAFAEL BERNARDO LÓPEZ ALIAGA CAZORLA,35,RENOVACIÓN POPULAR,19.936,17.598,1157402,140000,2026-04-18T22:45:05.907677+00:00,6576761,5805599,-967795
86717,93.479,92766,2199348,2026-04-18T19:15:03.513841+00:00,278,945218,0.086,KEIKO SOFIA FUJIMORI HIGUCHI,17.056,2687502,16002918,ROBERTO HELBERT SANCHEZ PALOMINO,10,JUNTOS POR EL PERÚ,12.007,10.009,1891885,07845838,RAFAEL BERNARDO LÓPEZ ALIAGA CAZORLA,35,RENOVACIÓN POPULAR,11.921,9.938,1878352,TOTAL,2026-04-19T00:15:03.049282+00:00,18901576,15757010,13533
84930,94.133,90223,2149712,2026-04-18T19:15:03.893937+00:00,279,932042,0.41,KEIKO SOFIA FUJIMORI HIGUCHI,17.063,2652107,16002918,ROBERTO HELBERT SANCHEZ PALOMINO,10,JUNTOS POR EL PERÚ,12.138,10.129,1886544,07845838,RAFAEL BERNARDO LÓPEZ ALIAGA CAZORLA,35,RENOVACIÓN POPULAR,11.728,9.787,1822826,PERU,2026-04-19T00:15:03.050705+00:00,18624836,15543082,63718
27846,95.21,29247,528027,2026-04-18T19:15:06.422497+00:00,280,243135,-16.67,RAFAEL BERNARDO LÓPEZ ALIAGA CAZORLA,19.936,1157402,16002918,ROBERTO HELBERT SANCHEZ PALOMINO,10,JUNTOS POR EL PERÚ,3.266,2.883,189607,07845838,RAFAEL BERNARDO LÓPEZ ALIAGA CAZORLA,35,RENOVACIÓN POPULAR,19.936,17.598,1157402,140000,2026-04-19T00:15:05.796443+00:00,6576761,5805599,-967795
27846,95.21,29247,528097,2026-04-18T19:30:07.402867+00:00,281,243190,-16.669,RAFAEL BERNARDO LÓPEZ ALIAGA CAZORLA,19.935,1157496,16002918,ROBERTO HELBERT SANCHEZ PALOMINO,10,JUNTOS POR EL PERÚ,3.266,2.883,189651,07845838,RAFAEL BERNARDO LÓPEZ ALIAGA CAZORLA,35,RENOVACIÓN POPULAR,19.935,17.597,1157496,140000,2026-04-19T00:30:06.951244+00:00,6577629,5806342,-967845
84930,94.133,90223,2149756,2026-04-18T20:00:04.89358+00:00,282,932053,0.409,KEIKO SOFIA FUJIMORI HIGUCHI,17.063,2652184,16002918,ROBERTO HELBERT SANCHEZ PALOMINO,10,JUNTOS POR EL PERÚ,12.137,10.129,1886564,07845838,RAFAEL BERNARDO LÓPEZ ALIAGA CAZORLA,35,RENOVACIÓN POPULAR,11.728,9.787,1822893,PERU,2026-04-19T01:00:04.520866+00:00,18625290,15543481,63671
86717,93.479,92766,2199392,2026-04-18T20:00:05.169264+00:00,283,945229,0.085,KEIKO SOFIA FUJIMORI HIGUCHI,17.056,2687579,16002918,ROBERTO HELBERT SANCHEZ PALOMINO,10,JUNTOS POR EL PERÚ,12.006,10.009,1891905,07845838,RAFAEL BERNARDO LÓPEZ ALIAGA CAZORLA,35,RENOVACIÓN POPULAR,11.921,9.938,1878419,TOTAL,2026-04-19T01:00:04.562126+00:00,18902030,15757409,13486
88080,97.625,90223,2239485,2026-05-02T17:30:06.208481+00:00,1462,979880,0.575,KEIKO SOFIA FUJIMORI HIGUCHI,17.126,2754166,16002918,ROBERTO HELBERT SANCHEZ PALOMINO,10,JUNTOS POR EL PERÚ,12.217,10.179,1964771,07845838,RAFAEL BERNARDO LÓPEZ ALIAGA CAZORLA,35,RENOVACIÓN POPULAR,11.642,9.7,1872237,PERU,2026-05-02T22:30:05.393228+00:00,19301446,16082081,92534
90443,97.496,92766,2308581,2026-05-02T17:30:06.601069+00:00,1463,1000907,0.168,KEIKO SOFIA FUJIMORI HIGUCHI,17.121,2802831,16002918,ROBERTO HELBERT SANCHEZ PALOMINO,10,JUNTOS POR EL PERÚ,12.047,10.022,1972248,07845838,RAFAEL BERNARDO LÓPEZ ALIAGA CAZORLA,35,RENOVACIÓN POPULAR,11.879,9.881,1944683,TOTAL,2026-05-02T22:30:05.434989+00:00,19680116,16370628,27565
2346,96.029,2443,68567,2026-05-02T17:30:08.230379+00:00,1464,27815,-1.698,KEIKO SOFIA FUJIMORI HIGUCHI,20.297,94264,16002918,ROBERTO HELBERT SANCHEZ PALOMINO,10,JUNTOS POR EL PERÚ,7.719,6.392,35847,07845838,RAFAEL BERNARDO LÓPEZ ALIAGA CAZORLA,35,RENOVACIÓN POPULAR,9.417,7.798,43733,100000,2026-05-02T22:30:07.933859+00:00,560794,464412,-7886
1461,93.414,1564,54670,2026-05-02T17:30:10.349113+00:00,1465,16076,7.082,KEIKO SOFIA FUJIMORI HIGUCHI,29.604,62673,16002918,ROBERTO HELBERT SANCHEZ PALOMINO,10,JUNTOS POR EL PERÚ,12.768,9.57,27030,07845838,RAFAEL BERNARDO LÓPEZ ALIAGA CAZORLA,35,RENOVACIÓN POPULAR,5.686,4.262,12037,250000,2026-05-02T22:30:10.181132+00:00,282452,211706,14993
90632,97.7,92766,2314710,2026-05-02T22:45:03.82806+00:00,1506,1003621,0.164,KEIKO SOFIA FUJIMORI HIGUCHI,17.131,2809424,16002918,ROBERTO HELBERT SANCHEZ PALOMINO,10,JUNTOS POR EL PERÚ,12.042,10.015,1974778,07845838,RAFAEL BERNARDO LÓPEZ ALIAGA CAZORLA,35,RENOVACIÓN POPULAR,11.878,9.879,1948028,TOTAL,2026-05-03T03:45:03.348906+00:00,19718059,16399728,26750
2404,94.534,2543,70471,2026-05-02T22:45:04.249121+00:00,1507,21784,-22.461,RAFAEL BERNARDO LÓPEZ ALIAGA CAZORLA,25.05,73441,16002918,ROBERTO HELBERT SANCHEZ PALOMINO,10,JUNTOS POR EL PERÚ,2.589,1.969,7589,07845838,RAFAEL BERNARDO LÓPEZ ALIAGA CAZORLA,35,RENOVACIÓN POPULAR,25.05,19.054,73441,EXTRANJERO,2026-05-03T03:45:03.909914+00:00,385436,293181,-65852
5270,99.396,5302,158418,2026-05-03T18:00:08.976577+00:00,1536,73500,1.266,KEIKO SOFIA FUJIMORI HIGUCHI,20.26,188023,16002918,ROBERTO HELBERT SANCHEZ PALOMINO,10,JUNTOS POR EL PERÚ,9.45,7.561,87707,07845838,RAFAEL BERNARDO LÓPEZ ALIAGA CAZORLA,35,RENOVACIÓN POPULAR,8.184,6.548,75957,120000,2026-05-03T23:00:08.48123+00:00,1159987,928069,11750
90707,97.78,92766,2316775,2026-05-04T01:30:05.341859+00:00,1561,1004445,0.171,KEIKO SOFIA FUJIMORI HIGUCHI,17.132,2811087,16002918,ROBERTO HELBERT SANCHEZ PALOMINO,10,JUNTOS POR EL PERÚ,12.047,10.019,1976693,07845838,RAFAEL BERNARDO LÓPEZ ALIAGA CAZORLA,35,RENOVACIÓN POPULAR,11.876,9.877,1948754,TOTAL,2026-05-04T06:30:04.982257+00:00,19730037,16408817,27939
88303,97.872,90223,2246304,2026-05-04T01:30:05.662783+00:00,1562,982661,0.582,KEIKO SOFIA FUJIMORI HIGUCHI,17.136,2761560,16002918,ROBERTO HELBERT SANCHEZ PALOMINO,10,JUNTOS POR EL PERÚ,12.219,10.179,1969104,07845838,RAFAEL BERNARDO LÓPEZ ALIAGA CAZORLA,35,RENOVACIÓN POPULAR,11.637,9.694,1875313,PERU,2026-05-04T06:30:05.023478+00:00,19344601,16115636,93791
90727,97.802,92766,2317429,2026-05-04T13:15:03.999824+00:00,1586,1004646,0.159,KEIKO SOFIA FUJIMORI HIGUCHI,17.131,2812218,16002918,ROBERTO HELBERT SANCHEZ PALOMINO,10,JUNTOS POR EL PERÚ,12.042,10.016,1976850,07845838,RAFAEL BERNARDO LÓPEZ ALIAGA CAZORLA,35,RENOVACIÓN POPULAR,11.883,9.883,1950595,TOTAL,2026-05-04T18:15:03.532335+00:00,19737720,16415645,26255
88323,97.894,90223,2246958,2026-05-04T13:15:04.392376+00:00,1587,982862,0.571,KEIKO SOFIA FUJIMORI HIGUCHI,17.136,2762691,16002918,ROBERTO HELBERT SANCHEZ PALOMINO,10,JUNTOS POR EL PERÚ,12.214,10.176,1969261,07845838,RAFAEL BERNARDO LÓPEZ ALIAGA CAZORLA,35,RENOVACIÓN POPULAR,11.643,9.7,1877154,PERU,2026-05-04T18:15:03.574028+00:00,19352284,16122464,92107
2850,98.344,2898,61418,2026-05-04T13:15:08.86807+00:00,1588,29239,-12.03,KEIKO SOFIA FUJIMORI HIGUCHI,20.667,117706,16002918,ROBERTO HELBERT SANCHEZ PALOMINO,10,JUNTOS POR EL PERÚ,3.004,2.591,17109,07845838,RAFAEL BERNARDO LÓPEZ ALIAGA CAZORLA,35,RENOVACIÓN POPULAR,15.034,12.97,85625,240000,2026-05-04T18:15:07.940598+00:00,660200,569543,-68516
90736,97.812,92766,2318463,2026-05-04T19:30:05.286384+00:00,1608,1005309,0.157,KEIKO SOFIA FUJIMORI HIGUCHI,17.135,2813973,16002918,ROBERTO HELBERT SANCHEZ PALOMINO,10,JUNTOS POR EL PERÚ,12.039,10.013,1977147,07845838,RAFAEL BERNARDO LÓPEZ ALIAGA CAZORLA,35,RENOVACIÓN POPULAR,11.882,9.882,1951250,TOTAL,2026-05-05T00:30:04.541367+00:00,19746122,16422350,25897
88332,97.904,90223,2247992,2026-05-04T19:30:05.618088+00:00,1609,983525,0.569,KEIKO SOFIA FUJIMORI HIGUCHI,17.139,2764446,16002918,ROBERTO HELBERT SANCHEZ PALOMINO,10,JUNTOS POR EL PERÚ,12.211,10.173,1969558,07845838,RAFAEL BERNARDO LÓPEZ ALIAGA CAZORLA,35,RENOVACIÓN POPULAR,11.642,9.699,1877809,PERU,2026-05-05T00:30:04.584057+00:00,19360686,16129169,91749
88392,97.971,90223,2249379,2026-05-04T21:30:06.475024+00:00,1624,984182,0.572,KEIKO SOFIA FUJIMORI HIGUCHI,17.142,2765778,16002918,ROBERTO HELBERT SANCHEZ PALOMINO,10,JUNTOS POR EL PERÚ,12.212,10.173,1970391,07845838,RAFAEL BERNARDO LÓPEZ ALIAGA CAZORLA,35,RENOVACIÓN POPULAR,11.64,9.697,1878104,PERU,2026-05-05T02:30:05.518489+00:00,19368469,16134908,92287
90837,97.921,92766,2320818,2026-05-04T22:45:04.331524+00:00,1634,1006327,0.158,KEIKO SOFIA FUJIMORI HIGUCHI,17.137,2815988,16002918,ROBERTO HELBERT SANCHEZ PALOMINO,10,JUNTOS POR EL PERÚ,12.039,10.012,1978260,07845838,RAFAEL BERNARDO LÓPEZ ALIAGA CAZORLA,35,RENOVACIÓN POPULAR,11.881,9.881,1952342,TOTAL,2026-05-05T03:45:03.560328+00:00,19759122,16431977,25918
88406,97.986,90223,2249504,2026-05-04T22:45:04.634314+00:00,1635,984209,0.573,KEIKO SOFIA FUJIMORI HIGUCHI,17.141,2765845,16002918,ROBERTO HELBERT SANCHEZ PALOMINO,10,JUNTOS POR EL PERÚ,12.213,10.174,1970563,07845838,RAFAEL BERNARDO LÓPEZ ALIAGA CAZORLA,35,RENOVACIÓN POPULAR,11.64,9.697,1878169,PERU,2026-05-05T03:45:03.602412+00:00,19369267,16135554,92394
3429,98.762,3472,102951,2026-05-04T22:45:05.221649+00:00,1636,49144,8.945,KEIKO SOFIA FUJIMORI HIGUCHI,17.921,96136,16002918,ROBERTO HELBERT SANCHEZ PALOMINO,10,JUNTOS POR EL PERÚ,14.98,11.671,80362,07845838,RAFAEL BERNARDO LÓPEZ ALIAGA CAZORLA,35,RENOVACIÓN POPULAR,6.035,4.702,32373,020000,2026-05-05T03:45:04.712578+00:00,688543,536448,47989
28517,97.504,29247,542136,2026-05-04T22:45:07.115453+00:00,1637,251608,-16.621,RAFAEL BERNARDO LÓPEZ ALIAGA CAZORLA,19.902,1182570,16002918,ROBERTO HELBERT SANCHEZ PALOMINO,10,JUNTOS POR EL PERÚ,3.281,2.894,194961,07845838,RAFAEL BERNARDO LÓPEZ ALIAGA CAZORLA,35,RENOVACIÓN POPULAR,19.902,17.557,1182570,140000,2026-05-05T03:45:06.636532+00:00,6735614,5941870,-987609
88411,97.992,90223,2249578,2026-05-04T23:45:03.81036+00:00,1640,984257,0.572,KEIKO SOFIA FUJIMORI HIGUCHI,17.141,2766029,16002918,ROBERTO HELBERT SANCHEZ PALOMINO,10,JUNTOS POR EL PERÚ,12.212,10.173,1970584,07845838,RAFAEL BERNARDO LÓPEZ ALIAGA CAZORLA,35,RENOVACIÓN POPULAR,11.64,9.697,1878364,PERU,2026-05-05T04:45:02.985261+00:00,19370451,16136616,92220
28523,97.525,29247,542210,2026-05-04T23:45:06.107936+00:00,1641,251656,-16.621,RAFAEL BERNARDO LÓPEZ ALIAGA CAZORLA,19.902,1182765,16002918,ROBERTO HELBERT SANCHEZ PALOMINO,10,JUNTOS POR EL PERÚ,3.281,2.894,194982,07845838,RAFAEL BERNARDO LÓPEZ ALIAGA CAZORLA,35,RENOVACIÓN POPULAR,19.902,17.557,1182765,140000,2026-05-05T04:45:05.678631+00:00,6736798,5942932,-987783
27848,95.217,29247,528097,2026-04-18T20:00:07.78344+00:00,284,243190,-16.669,RAFAEL BERNARDO LÓPEZ ALIAGA CAZORLA,19.935,1157496,16002918,ROBERTO HELBERT SANCHEZ PALOMINO,10,JUNTOS POR EL PERÚ,3.266,2.883,189651,07845838,RAFAEL BERNARDO LÓPEZ ALIAGA CAZORLA,35,RENOVACIÓN POPULAR,19.935,17.597,1157496,140000,2026-04-19T01:00:07.270524+00:00,6577629,5806342,-967845
84932,94.136,90223,2149756,2026-04-18T20:15:03.248739+00:00,285,932053,0.409,KEIKO SOFIA FUJIMORI HIGUCHI,17.063,2652184,16002918,ROBERTO HELBERT SANCHEZ PALOMINO,10,JUNTOS POR EL PERÚ,12.137,10.129,1886564,07845838,RAFAEL BERNARDO LÓPEZ ALIAGA CAZORLA,35,RENOVACIÓN POPULAR,11.728,9.787,1822893,PERU,2026-04-19T01:15:02.829144+00:00,18625290,15543481,63671
86719,93.481,92766,2199392,2026-04-18T20:15:03.498963+00:00,286,945229,0.085,KEIKO SOFIA FUJIMORI HIGUCHI,17.056,2687579,16002918,ROBERTO HELBERT SANCHEZ PALOMINO,10,JUNTOS POR EL PERÚ,12.006,10.009,1891905,07845838,RAFAEL BERNARDO LÓPEZ ALIAGA CAZORLA,35,RENOVACIÓN POPULAR,11.921,9.938,1878419,TOTAL,2026-04-19T01:15:02.869614+00:00,18902030,15757409,13486
27848,95.217,29247,528141,2026-04-18T20:15:05.867795+00:00,287,243201,-16.669,RAFAEL BERNARDO LÓPEZ ALIAGA CAZORLA,19.935,1157563,16002918,ROBERTO HELBERT SANCHEZ PALOMINO,10,JUNTOS POR EL PERÚ,3.266,2.883,189671,07845838,RAFAEL BERNARDO LÓPEZ ALIAGA CAZORLA,35,RENOVACIÓN POPULAR,19.935,17.597,1157563,140000,2026-04-19T01:15:05.434123+00:00,6578083,5806741,-967892
86720,93.483,92766,2199412,2026-04-18T21:00:05.589839+00:00,288,945234,0.085,KEIKO SOFIA FUJIMORI HIGUCHI,17.056,2687621,16002918,ROBERTO HELBERT SANCHEZ PALOMINO,10,JUNTOS POR EL PERÚ,12.006,10.009,1891906,07845838,RAFAEL BERNARDO LÓPEZ ALIAGA CAZORLA,35,RENOVACIÓN POPULAR,11.921,9.938,1878493,TOTAL,2026-04-19T02:00:05.116278+00:00,18902266,15757620,13413
84933,94.137,90223,2149776,2026-04-18T21:00:06.0927+00:00,289,932058,0.409,KEIKO SOFIA FUJIMORI HIGUCHI,17.063,2652226,16002918,ROBERTO HELBERT SANCHEZ PALOMINO,10,JUNTOS POR EL PERÚ,12.137,10.129,1886565,07845838,RAFAEL BERNARDO LÓPEZ ALIAGA CAZORLA,35,RENOVACIÓN POPULAR,11.728,9.787,1822967,PERU,2026-04-19T02:00:05.158288+00:00,18625526,15543692,63598
27849,95.22,29247,528161,2026-04-18T21:00:08.90723+00:00,290,243206,-16.669,RAFAEL BERNARDO LÓPEZ ALIAGA CAZORLA,19.935,1157637,16002918,ROBERTO HELBERT SANCHEZ PALOMINO,10,JUNTOS POR EL PERÚ,3.266,2.883,189672,07845838,RAFAEL BERNARDO LÓPEZ ALIAGA CAZORLA,35,RENOVACIÓN POPULAR,19.935,17.598,1157637,140000,2026-04-19T02:00:08.401824+00:00,6578319,5806952,-967965
86721,93.484,92766,2199435,2026-04-19T00:00:05.501344+00:00,291,945241,0.085,KEIKO SOFIA FUJIMORI HIGUCHI,17.056,2687661,16002918,ROBERTO HELBERT SANCHEZ PALOMINO,10,JUNTOS POR EL PERÚ,12.006,10.009,1891908,07845838,RAFAEL BERNARDO LÓPEZ ALIAGA CAZORLA,35,RENOVACIÓN POPULAR,11.921,9.938,1878522,TOTAL,2026-04-19T05:00:04.922211+00:00,18902505,15757829,13386
84934,94.138,90223,2149799,2026-04-19T00:00:05.968384+00:00,292,932065,0.409,KEIKO SOFIA FUJIMORI HIGUCHI,17.063,2652266,16002918,ROBERTO HELBERT SANCHEZ PALOMINO,10,JUNTOS POR EL PERÚ,12.137,10.129,1886567,07845838,RAFAEL BERNARDO LÓPEZ ALIAGA CAZORLA,35,RENOVACIÓN POPULAR,11.728,9.787,1822996,PERU,2026-04-19T05:00:04.963869+00:00,18625765,15543901,63571
2765,95.411,2898,59574,2026-04-19T00:00:10.113555+00:00,293,27909,-11.985,KEIKO SOFIA FUJIMORI HIGUCHI,20.668,114225,16002918,ROBERTO HELBERT SANCHEZ PALOMINO,10,JUNTOS POR EL PERÚ,3.005,2.594,16605,07845838,RAFAEL BERNARDO LÓPEZ ALIAGA CAZORLA,35,RENOVACIÓN POPULAR,14.99,12.941,82843,240000,2026-04-19T05:00:09.648438+00:00,640136,552653,-66238
86722,93.485,92766,2199455,2026-04-19T10:45:03.319929+00:00,294,945242,0.085,KEIKO SOFIA FUJIMORI HIGUCHI,17.056,2687703,16002918,ROBERTO HELBERT SANCHEZ PALOMINO,10,JUNTOS POR EL PERÚ,12.006,10.009,1891925,07845838,RAFAEL BERNARDO LÓPEZ ALIAGA CAZORLA,35,RENOVACIÓN POPULAR,11.921,9.938,1878551,TOTAL,2026-04-19T15:45:02.824826+00:00,18902744,15758047,13374
84935,94.139,90223,2149819,2026-04-19T10:45:03.719328+00:00,295,932066,0.409,KEIKO SOFIA FUJIMORI HIGUCHI,17.063,2652308,16002918,ROBERTO HELBERT SANCHEZ PALOMINO,10,JUNTOS POR EL PERÚ,12.137,10.129,1886584,07845838,RAFAEL BERNARDO LÓPEZ ALIAGA CAZORLA,35,RENOVACIÓN POPULAR,11.728,9.788,1823025,PERU,2026-04-19T15:45:02.864958+00:00,18626004,15544119,63559
27849,95.22,29247,528181,2026-04-19T10:45:06.201972+00:00,296,243207,-16.669,RAFAEL BERNARDO LÓPEZ ALIAGA CAZORLA,19.935,1157666,16002918,ROBERTO HELBERT SANCHEZ PALOMINO,10,JUNTOS POR EL PERÚ,3.266,2.883,189689,07845838,RAFAEL BERNARDO LÓPEZ ALIAGA CAZORLA,35,RENOVACIÓN POPULAR,19.935,17.598,1157666,140000,2026-04-19T15:45:05.757295+00:00,6578558,5807170,-967977
27850,95.223,29247,528181,2026-04-19T11:00:08.05558+00:00,297,243207,-16.669,RAFAEL BERNARDO LÓPEZ ALIAGA CAZORLA,19.935,1157666,16002918,ROBERTO HELBERT SANCHEZ PALOMINO,10,JUNTOS POR EL PERÚ,3.266,2.883,189689,07845838,RAFAEL BERNARDO LÓPEZ ALIAGA CAZORLA,35,RENOVACIÓN POPULAR,19.935,17.598,1157666,140000,2026-04-19T16:00:07.510694+00:00,6578558,5807170,-967977
84936,94.14,90223,2149832,2026-04-19T11:30:04.402467+00:00,298,932074,0.409,KEIKO SOFIA FUJIMORI HIGUCHI,17.063,2652355,16002918,ROBERTO HELBERT SANCHEZ PALOMINO,10,JUNTOS POR EL PERÚ,12.137,10.129,1886594,07845838,RAFAEL BERNARDO LÓPEZ ALIAGA CAZORLA,35,RENOVACIÓN POPULAR,11.728,9.788,1823056,PERU,2026-04-19T16:30:03.947447+00:00,18626250,15544344,63538
86722,93.485,92766,2199468,2026-04-19T11:30:04.852621+00:00,299,945250,0.085,KEIKO SOFIA FUJIMORI HIGUCHI,17.056,2687750,16002918,ROBERTO HELBERT SANCHEZ PALOMINO,10,JUNTOS POR EL PERÚ,12.006,10.009,1891935,07845838,RAFAEL BERNARDO LÓPEZ ALIAGA CAZORLA,35,RENOVACIÓN POPULAR,11.921,9.938,1878582,TOTAL,2026-04-19T16:30:03.98797+00:00,18902990,15758272,13353
27851,95.227,29247,528181,2026-04-19T11:30:07.502645+00:00,300,243207,-16.669,RAFAEL BERNARDO LÓPEZ ALIAGA CAZORLA,19.935,1157666,16002918,ROBERTO HELBERT SANCHEZ PALOMINO,10,JUNTOS POR EL PERÚ,3.266,2.883,189689,07845838,RAFAEL BERNARDO LÓPEZ ALIAGA CAZORLA,35,RENOVACIÓN POPULAR,19.935,17.598,1157666,140000,2026-04-19T16:30:07.047121+00:00,6578558,5807170,-967977
86723,93.486,92766,2199468,2026-04-19T11:45:03.391295+00:00,301,945250,0.085,KEIKO SOFIA FUJIMORI HIGUCHI,17.056,2687750,16002918,ROBERTO HELBERT SANCHEZ PALOMINO,10,JUNTOS POR EL PERÚ,12.006,10.009,1891935,07845838,RAFAEL BERNARDO LÓPEZ ALIAGA CAZORLA,35,RENOVACIÓN POPULAR,11.921,9.938,1878582,TOTAL,2026-04-19T16:45:03.061448+00:00,18902990,15758272,13353
27851,95.227,29247,528194,2026-04-19T11:45:06.363746+00:00,302,243215,-16.668,RAFAEL BERNARDO LÓPEZ ALIAGA CAZORLA,19.935,1157697,16002918,ROBERTO HELBERT SANCHEZ PALOMINO,10,JUNTOS POR EL PERÚ,3.267,2.883,189699,07845838,RAFAEL BERNARDO LÓPEZ ALIAGA CAZORLA,35,RENOVACIÓN POPULAR,19.935,17.597,1157697,140000,2026-04-19T16:45:05.685828+00:00,6578804,5807395,-967998
84937,94.141,90223,2149868,2026-04-19T13:30:04.052785+00:00,303,932091,0.409,KEIKO SOFIA FUJIMORI HIGUCHI,17.063,2652366,16002918,ROBERTO HELBERT SANCHEZ PALOMINO,10,JUNTOS POR EL PERÚ,12.137,10.129,1886657,07845838,RAFAEL BERNARDO LÓPEZ ALIAGA CAZORLA,35,RENOVACIÓN POPULAR,11.728,9.787,1823059,PERU,2026-04-19T18:30:03.637216+00:00,18626437,15544478,63598
86724,93.487,92766,2199504,2026-04-19T13:30:04.467437+00:00,304,945267,0.085,KEIKO SOFIA FUJIMORI HIGUCHI,17.056,2687761,16002918,ROBERTO HELBERT SANCHEZ PALOMINO,10,JUNTOS POR EL PERÚ,12.006,10.009,1891998,07845838,RAFAEL BERNARDO LÓPEZ ALIAGA CAZORLA,35,RENOVACIÓN POPULAR,11.921,9.938,1878585,TOTAL,2026-04-19T18:30:03.678694+00:00,18903177,15758406,13413
4001,94.363,4240,117732,2026-04-19T13:30:05.738168+00:00,305,50128,38.463,ROBERTO HELBERT SANCHEZ PALOMINO,41.703,254184,16002918,ROBERTO HELBERT SANCHEZ PALOMINO,10,JUNTOS POR EL PERÚ,41.703,32.698,254184,07845838,RAFAEL BERNARDO LÓPEZ ALIAGA CAZORLA,35,RENOVACIÓN POPULAR,3.24,2.54,19747,060000,2026-04-19T18:30:05.179186+00:00,777364,609504,234437
86726,93.489,92766,2199672,2026-04-19T14:15:03.214014+00:00,306,945294,0.085,KEIKO SOFIA FUJIMORI HIGUCHI,17.056,2687830,16002918,ROBERTO HELBERT SANCHEZ PALOMINO,10,JUNTOS POR EL PERÚ,12.006,10.009,1892006,07845838,RAFAEL BERNARDO LÓPEZ ALIAGA CAZORLA,35,RENOVACIÓN POPULAR,11.921,9.938,1878617,TOTAL,2026-04-19T19:15:02.655904+00:00,18903643,15758677,13389
1789,70.35,2543,49636,2026-04-19T14:15:03.890106+00:00,307,13176,-23.458,RAFAEL BERNARDO LÓPEZ ALIAGA CAZORLA,25.955,55526,16002918,ROBERTO HELBERT SANCHEZ PALOMINO,10,JUNTOS POR EL PERÚ,2.497,1.93,5341,07845838,RAFAEL BERNARDO LÓPEZ ALIAGA CAZORLA,35,RENOVACIÓN POPULAR,25.955,20.064,55526,EXTRANJERO,2026-04-19T19:15:02.74987+00:00,276740,213928,-50185
1789,70.35,2543,49804,2026-04-19T14:30:05.005337+00:00,308,13203,-23.441,RAFAEL BERNARDO LÓPEZ ALIAGA CAZORLA,25.938,55558,16002918,ROBERTO HELBERT SANCHEZ PALOMINO,10,JUNTOS POR EL PERÚ,2.497,1.93,5349,07845838,RAFAEL BERNARDO LÓPEZ ALIAGA CAZORLA,35,RENOVACIÓN POPULAR,25.938,20.042,55558,EXTRANJERO,2026-04-19T19:30:04.272746+00:00,277206,214199,-50209
84939,94.143,90223,2149895,2026-04-19T15:00:05.295494+00:00,309,932102,0.409,KEIKO SOFIA FUJIMORI HIGUCHI,17.063,2652432,16002918,ROBERTO HELBERT SANCHEZ PALOMINO,10,JUNTOS POR EL PERÚ,12.137,10.129,1886676,07845838,RAFAEL BERNARDO LÓPEZ ALIAGA CAZORLA,35,RENOVACIÓN POPULAR,11.728,9.788,1823106,PERU,2026-04-19T20:00:04.81218+00:00,18626834,15544837,63570
86729,93.492,92766,2199725,2026-04-19T15:00:05.691028+00:00,310,945306,0.085,KEIKO SOFIA FUJIMORI HIGUCHI,17.056,2687916,16002918,ROBERTO HELBERT SANCHEZ PALOMINO,10,JUNTOS POR EL PERÚ,12.006,10.009,1892028,07845838,RAFAEL BERNARDO LÓPEZ ALIAGA CAZORLA,35,RENOVACIÓN POPULAR,11.921,9.938,1878706,TOTAL,2026-04-19T20:00:04.853958+00:00,18904160,15759129,13322
1790,70.389,2543,49830,2026-04-19T15:00:05.968211+00:00,311,13204,-23.448,RAFAEL BERNARDO LÓPEZ ALIAGA CAZORLA,25.946,55600,16002918,ROBERTO HELBERT SANCHEZ PALOMINO,10,JUNTOS POR EL PERÚ,2.498,1.93,5352,07845838,RAFAEL BERNARDO LÓPEZ ALIAGA CAZORLA,35,RENOVACIÓN POPULAR,25.946,20.049,55600,EXTRANJERO,2026-04-19T20:00:04.907846+00:00,277326,214292,-50248
27853,95.234,29247,528221,2026-04-19T15:00:08.432352+00:00,312,243226,-16.667,RAFAEL BERNARDO LÓPEZ ALIAGA CAZORLA,19.934,1157744,16002918,ROBERTO HELBERT SANCHEZ PALOMINO,10,JUNTOS POR EL PERÚ,3.267,2.884,189718,07845838,RAFAEL BERNARDO LÓPEZ ALIAGA CAZORLA,35,RENOVACIÓN POPULAR,19.934,17.597,1157744,140000,2026-04-19T20:00:07.880198+00:00,6579201,5807754,-968026
84941,94.146,90223,2149940,2026-04-19T15:30:04.447109+00:00,313,932121,0.409,KEIKO SOFIA FUJIMORI HIGUCHI,17.063,2652521,16002918,ROBERTO HELBERT SANCHEZ PALOMINO,10,JUNTOS POR EL PERÚ,12.137,10.129,1886700,07845838,RAFAEL BERNARDO LÓPEZ ALIAGA CAZORLA,35,RENOVACIÓN POPULAR,11.728,9.788,1823163,PERU,2026-04-19T20:30:03.755981+00:00,18627317,15545256,63537
86729,93.492,92766,2200144,2026-04-19T15:30:04.86204+00:00,314,945675,0.085,KEIKO SOFIA FUJIMORI HIGUCHI,17.056,2688137,16002918,ROBERTO HELBERT SANCHEZ PALOMINO,10,JUNTOS POR EL PERÚ,12.006,10.008,1892110,07845838,RAFAEL BERNARDO LÓPEZ ALIAGA CAZORLA,35,RENOVACIÓN POPULAR,11.921,9.938,1878843,TOTAL,2026-04-19T20:30:03.796272+00:00,18906171,15760352,13267
86737,93.501,92766,2200144,2026-04-19T15:45:03.481291+00:00,315,945675,0.085,KEIKO SOFIA FUJIMORI HIGUCHI,17.056,2688137,16002918,ROBERTO HELBERT SANCHEZ PALOMINO,10,JUNTOS POR EL PERÚ,12.006,10.008,1892110,07845838,RAFAEL BERNARDO LÓPEZ ALIAGA CAZORLA,35,RENOVACIÓN POPULAR,11.921,9.938,1878843,TOTAL,2026-04-19T20:45:02.994185+00:00,18906171,15760352,13267
1796,70.625,2543,50204,2026-04-19T15:45:03.839553+00:00,316,13554,-23.371,RAFAEL BERNARDO LÓPEZ ALIAGA CAZORLA,25.886,55680,16002918,ROBERTO HELBERT SANCHEZ PALOMINO,10,JUNTOS POR EL PERÚ,2.515,1.94,5410,07845838,RAFAEL BERNARDO LÓPEZ ALIAGA CAZORLA,35,RENOVACIÓN POPULAR,25.886,19.967,55680,EXTRANJERO,2026-04-19T20:45:03.049979+00:00,278854,215096,-50270
27855,95.241,29247,528266,2026-04-19T15:45:06.36857+00:00,317,243245,-16.667,RAFAEL BERNARDO LÓPEZ ALIAGA CAZORLA,19.934,1157801,16002918,ROBERTO HELBERT SANCHEZ PALOMINO,10,JUNTOS POR EL PERÚ,3.267,2.884,189742,07845838,RAFAEL BERNARDO LÓPEZ ALIAGA CAZORLA,35,RENOVACIÓN POPULAR,19.934,17.597,1157801,140000,2026-04-19T20:45:05.833098+00:00,6579684,5808173,-968059
0,0.0,0,2200144,2026-04-19T16:11:33.632247+00:00,318,945675,0.085,KEIKO SOFIA FUJIMORI HIGUCHI,17.056,2688137,16002918,ROBERTO HELBERT SANCHEZ PALOMINO,10,JUNTOS POR EL PERÚ,12.006,10.008,1892110,07845838,RAFAEL BERNARDO LÓPEZ ALIAGA CAZORLA,35,RENOVACIÓN POPULAR,11.921,9.938,1878843,NACIONAL,2026-04-19T21:11:33.595411+00:00,18906171,15760352,13267
86740,93.504,92766,2200343,2026-04-19T16:15:03.418272+00:00,319,945723,0.084,KEIKO SOFIA FUJIMORI HIGUCHI,17.057,2688241,16002918,ROBERTO HELBERT SANCHEZ PALOMINO,10,JUNTOS POR EL PERÚ,12.005,10.008,1892123,07845838,RAFAEL BERNARDO LÓPEZ ALIAGA CAZORLA,35,RENOVACIÓN POPULAR,11.921,9.938,1878888,TOTAL,2026-04-19T21:15:02.88967+00:00,18906778,15760712,13235
1799,70.743,2543,50204,2026-04-19T16:15:03.885517+00:00,320,13554,-23.371,RAFAEL BERNARDO LÓPEZ ALIAGA CAZORLA,25.886,55680,16002918,ROBERTO HELBERT SANCHEZ PALOMINO,10,JUNTOS POR EL PERÚ,2.515,1.94,5410,07845838,RAFAEL BERNARDO LÓPEZ ALIAGA CAZORLA,35,RENOVACIÓN POPULAR,25.886,19.967,55680,EXTRANJERO,2026-04-19T21:15:02.986345+00:00,278854,215096,-50270
84942,94.147,90223,2149954,2026-04-19T16:30:04.53495+00:00,321,932128,0.409,KEIKO SOFIA FUJIMORI HIGUCHI,17.063,2652547,16002918,ROBERTO HELBERT SANCHEZ PALOMINO,10,JUNTOS POR EL PERÚ,12.137,10.129,1886705,07845838,RAFAEL BERNARDO LÓPEZ ALIAGA CAZORLA,35,RENOVACIÓN POPULAR,11.728,9.788,1823186,PERU,2026-04-19T21:30:04.009902+00:00,18627458,15545376,63519
1799,70.743,2543,50403,2026-04-19T16:30:05.269764+00:00,322,13602,-23.347,RAFAEL BERNARDO LÓPEZ ALIAGA CAZORLA,25.864,55725,16002918,ROBERTO HELBERT SANCHEZ PALOMINO,10,JUNTOS POR EL PERÚ,2.517,1.941,5423,07845838,RAFAEL BERNARDO LÓPEZ ALIAGA CAZORLA,35,RENOVACIÓN POPULAR,25.864,19.94,55725,EXTRANJERO,2026-04-19T21:30:04.06262+00:00,279461,215456,-50302
0,0.0,0,2200343,2026-04-19T16:31:48.549937+00:00,323,945723,0.084,KEIKO SOFIA FUJIMORI HIGUCHI,17.057,2688241,16002918,ROBERTO HELBERT SANCHEZ PALOMINO,10,JUNTOS POR EL PERÚ,12.005,10.008,1892123,07845838,RAFAEL BERNARDO LÓPEZ ALIAGA CAZORLA,35,RENOVACIÓN POPULAR,11.921,9.938,1878888,NACIONAL,2026-04-19T21:31:48.473417+00:00,18906778,15760712,13235
1806,71.018,2543,50611,2026-04-19T16:45:03.662119+00:00,324,13662,-23.339,RAFAEL BERNARDO LÓPEZ ALIAGA CAZORLA,25.858,55874,16002918,ROBERTO HELBERT SANCHEZ PALOMINO,10,JUNTOS POR EL PERÚ,2.519,1.942,5444,07845838,RAFAEL BERNARDO LÓPEZ ALIAGA CAZORLA,35,RENOVACIÓN POPULAR,25.858,19.93,55874,EXTRANJERO,2026-04-19T21:45:03.12884+00:00,280356,216083,-50430
86748,93.513,92766,2200565,2026-04-19T16:45:04.031132+00:00,325,945790,0.083,KEIKO SOFIA FUJIMORI HIGUCHI,17.057,2688395,16002918,ROBERTO HELBERT SANCHEZ PALOMINO,10,JUNTOS POR EL PERÚ,12.005,10.007,1892149,07845838,RAFAEL BERNARDO LÓPEZ ALIAGA CAZORLA,35,RENOVACIÓN POPULAR,11.922,9.938,1879060,TOTAL,2026-04-19T21:45:03.129591+00:00,18907814,15761459,13089
27856,95.244,29247,528280,2026-04-19T16:45:06.46053+00:00,326,243252,-16.667,RAFAEL BERNARDO LÓPEZ ALIAGA CAZORLA,19.934,1157824,16002918,ROBERTO HELBERT SANCHEZ PALOMINO,10,JUNTOS POR EL PERÚ,3.267,2.884,189747,07845838,RAFAEL BERNARDO LÓPEZ ALIAGA CAZORLA,35,RENOVACIÓN POPULAR,19.934,17.597,1157824,140000,2026-04-19T21:45:05.825589+00:00,6579825,5808293,-968077
86757,93.522,92766,2201249,2026-04-19T17:45:03.326968+00:00,327,945918,0.082,KEIKO SOFIA FUJIMORI HIGUCHI,17.057,2688674,16002918,ROBERTO HELBERT SANCHEZ PALOMINO,10,JUNTOS POR EL PERÚ,12.004,10.006,1892230,07845838,RAFAEL BERNARDO LÓPEZ ALIAGA CAZORLA,35,RENOVACIÓN POPULAR,11.922,9.938,1879241,TOTAL,2026-04-19T22:45:02.807824+00:00,18910088,15762921,12989
1815,71.372,2543,51295,2026-04-19T17:45:04.086799+00:00,328,13790,-23.227,RAFAEL BERNARDO LÓPEZ ALIAGA CAZORLA,25.767,56055,16002918,ROBERTO HELBERT SANCHEZ PALOMINO,10,JUNTOS POR EL PERÚ,2.54,1.955,5525,07845838,RAFAEL BERNARDO LÓPEZ ALIAGA CAZORLA,35,RENOVACIÓN POPULAR,25.767,19.833,56055,EXTRANJERO,2026-04-19T22:45:03.449551+00:00,282630,217545,-50530
86766,93.532,92766,2201755,2026-04-19T18:15:03.143079+00:00,329,946088,0.082,KEIKO SOFIA FUJIMORI HIGUCHI,17.057,2688896,16002918,ROBERTO HELBERT SANCHEZ PALOMINO,10,JUNTOS POR EL PERÚ,12.004,10.006,1892381,07845838,RAFAEL BERNARDO LÓPEZ ALIAGA CAZORLA,35,RENOVACIÓN POPULAR,11.922,9.937,1879399,TOTAL,2026-04-19T23:15:02.728354+00:00,18912469,15764626,12982
84944,94.149,90223,2149966,2026-04-19T18:15:03.555329+00:00,330,932170,0.409,KEIKO SOFIA FUJIMORI HIGUCHI,17.063,2652584,16002918,ROBERTO HELBERT SANCHEZ PALOMINO,10,JUNTOS POR EL PERÚ,12.137,10.129,1886754,07845838,RAFAEL BERNARDO LÓPEZ ALIAGA CAZORLA,35,RENOVACIÓN POPULAR,11.728,9.787,1823206,PERU,2026-04-19T23:15:02.769224+00:00,18627983,15545847,63548
1822,71.648,2543,51295,2026-04-19T18:15:04.124017+00:00,331,13790,-23.227,RAFAEL BERNARDO LÓPEZ ALIAGA CAZORLA,25.767,56055,16002918,ROBERTO HELBERT SANCHEZ PALOMINO,10,JUNTOS POR EL PERÚ,2.54,1.955,5525,07845838,RAFAEL BERNARDO LÓPEZ ALIAGA CAZORLA,35,RENOVACIÓN POPULAR,25.767,19.833,56055,EXTRANJERO,2026-04-19T23:15:03.290262+00:00,282630,217545,-50530
4129,97.96,4215,73344,2026-04-19T18:15:04.957572+00:00,332,37939,-0.583,JORGE NIETO MONTESINOS,18.664,160940,16002918,ROBERTO HELBERT SANCHEZ PALOMINO,10,JUNTOS POR EL PERÚ,10.049,8.9,86652,07845838,RAFAEL BERNARDO LÓPEZ ALIAGA CAZORLA,35,RENOVACIÓN POPULAR,10.632,9.417,91679,040000,2026-04-19T23:15:04.23132+00:00,973590,862307,-5027
1822,71.648,2543,51789,2026-04-19T18:30:05.020403+00:00,333,13918,-23.113,RAFAEL BERNARDO LÓPEZ ALIAGA CAZORLA,25.685,56193,16002918,ROBERTO HELBERT SANCHEZ PALOMINO,10,JUNTOS POR EL PERÚ,2.572,1.978,5627,07845838,RAFAEL BERNARDO LÓPEZ ALIAGA CAZORLA,35,RENOVACIÓN POPULAR,25.685,19.752,56193,EXTRANJERO,2026-04-19T23:30:03.936067+00:00,284486,218779,-50566
4129,97.96,4215,73356,2026-04-19T18:30:05.965934+00:00,334,37981,-0.579,JORGE NIETO MONTESINOS,18.664,161028,16002918,ROBERTO HELBERT SANCHEZ PALOMINO,10,JUNTOS POR EL PERÚ,10.049,8.9,86701,07845838,RAFAEL BERNARDO LÓPEZ ALIAGA CAZORLA,35,RENOVACIÓN POPULAR,10.628,9.414,91699,040000,2026-04-19T23:30:05.375911+00:00,974115,862778,-4998
84970,94.178,90223,2150594,2026-04-19T18:45:03.556095+00:00,335,932468,0.413,KEIKO SOFIA FUJIMORI HIGUCHI,17.06,2652927,16002918,ROBERTO HELBERT SANCHEZ PALOMINO,10,JUNTOS POR EL PERÚ,12.139,10.131,1887691,07845838,RAFAEL BERNARDO LÓPEZ ALIAGA CAZORLA,35,RENOVACIÓN POPULAR,11.726,9.786,1823473,PERU,2026-04-19T23:45:02.69509+00:00,18633237,15550175,64218
1823,71.687,2543,51789,2026-04-19T18:45:03.831494+00:00,336,13918,-23.113,RAFAEL BERNARDO LÓPEZ ALIAGA CAZORLA,25.685,56193,16002918,ROBERTO HELBERT SANCHEZ PALOMINO,10,JUNTOS POR EL PERÚ,2.572,1.978,5627,07845838,RAFAEL BERNARDO LÓPEZ ALIAGA CAZORLA,35,RENOVACIÓN POPULAR,25.685,19.752,56193,EXTRANJERO,2026-04-19T23:45:02.749678+00:00,284486,218779,-50566
4138,98.173,4215,73356,2026-04-19T18:45:04.547324+00:00,337,37981,-0.579,JORGE NIETO MONTESINOS,18.664,161028,16002918,ROBERTO HELBERT SANCHEZ PALOMINO,10,JUNTOS POR EL PERÚ,10.049,8.9,86701,07845838,RAFAEL BERNARDO LÓPEZ ALIAGA CAZORLA,35,RENOVACIÓN POPULAR,10.628,9.414,91699,040000,2026-04-19T23:45:04.064239+00:00,974115,862778,-4998
3822,95.958,3983,94305,2026-04-19T18:45:05.173166+00:00,338,46601,17.891,ROBERTO HELBERT SANCHEZ PALOMINO,22.661,150690,16002918,ROBERTO HELBERT SANCHEZ PALOMINO,10,JUNTOS POR EL PERÚ,22.661,18.699,150690,07845838,RAFAEL BERNARDO LÓPEZ ALIAGA CAZORLA,35,RENOVACIÓN POPULAR,4.77,3.936,31722,070000,2026-04-19T23:45:04.61464+00:00,805878,664972,118968
86793,93.561,92766,2202395,2026-04-19T19:00:05.46381+00:00,339,946391,0.087,KEIKO SOFIA FUJIMORI HIGUCHI,17.054,2689255,16002918,ROBERTO HELBERT SANCHEZ PALOMINO,10,JUNTOS POR EL PERÚ,12.007,10.008,1893319,07845838,RAFAEL BERNARDO LÓPEZ ALIAGA CAZORLA,35,RENOVACIÓN POPULAR,11.92,9.936,1879699,TOTAL,2026-04-20T00:00:05.000744+00:00,18917821,15769035,13620
1823,71.687,2543,51801,2026-04-19T19:00:06.009041+00:00,340,13923,-23.118,RAFAEL BERNARDO LÓPEZ ALIAGA CAZORLA,25.69,56226,16002918,ROBERTO HELBERT SANCHEZ PALOMINO,10,JUNTOS POR EL PERÚ,2.572,1.978,5628,07845838,RAFAEL BERNARDO LÓPEZ ALIAGA CAZORLA,35,RENOVACIÓN POPULAR,25.69,19.757,56226,EXTRANJERO,2026-04-20T00:00:05.546915+00:00,284584,218860,-50598
4138,98.173,4215,73519,2026-04-19T19:00:06.876979+00:00,341,38061,-0.58,JORGE NIETO MONTESINOS,18.674,161479,16002918,ROBERTO HELBERT SANCHEZ PALOMINO,10,JUNTOS POR EL PERÚ,10.041,8.894,86828,07845838,RAFAEL BERNARDO LÓPEZ ALIAGA CAZORLA,35,RENOVACIÓN POPULAR,10.621,9.407,91842,040000,2026-04-20T00:00:06.319933+00:00,976304,864724,-5014
3822,95.958,3983,94754,2026-04-19T19:00:07.579598+00:00,342,46802,17.943,ROBERTO HELBERT SANCHEZ PALOMINO,22.709,151497,16002918,ROBERTO HELBERT SANCHEZ PALOMINO,10,JUNTOS POR EL PERÚ,22.709,18.734,151497,07845838,RAFAEL BERNARDO LÓPEZ ALIAGA CAZORLA,35,RENOVACIÓN POPULAR,4.766,3.932,31797,070000,2026-04-20T00:00:07.005598+00:00,808680,667124,119700
27857,95.247,29247,528296,2026-04-19T19:00:09.013027+00:00,343,243269,-16.667,RAFAEL BERNARDO LÓPEZ ALIAGA CAZORLA,19.934,1157873,16002918,ROBERTO HELBERT SANCHEZ PALOMINO,10,JUNTOS POR EL PERÚ,3.267,2.884,189750,07845838,RAFAEL BERNARDO LÓPEZ ALIAGA CAZORLA,35,RENOVACIÓN POPULAR,19.934,17.597,1157873,140000,2026-04-20T00:00:08.291615+00:00,6580088,5808523,-968123
84978,94.187,90223,2150810,2026-04-19T20:15:03.848276+00:00,344,932516,0.416,KEIKO SOFIA FUJIMORI HIGUCHI,17.059,2653001,16002918,ROBERTO HELBERT SANCHEZ PALOMINO,10,JUNTOS POR EL PERÚ,12.142,10.133,1888191,07845838,RAFAEL BERNARDO LÓPEZ ALIAGA CAZORLA,35,RENOVACIÓN POPULAR,11.726,9.785,1823501,PERU,2026-04-20T01:15:03.278432+00:00,18634824,15551498,64690
86801,93.57,92766,2202611,2026-04-19T20:15:04.117989+00:00,345,946439,0.09,KEIKO SOFIA FUJIMORI HIGUCHI,17.053,2689329,16002918,ROBERTO HELBERT SANCHEZ PALOMINO,10,JUNTOS POR EL PERÚ,12.009,10.01,1893819,07845838,RAFAEL BERNARDO LÓPEZ ALIAGA CAZORLA,35,RENOVACIÓN POPULAR,11.919,9.935,1879727,TOTAL,2026-04-20T01:15:03.319285+00:00,18919408,15770358,14092
3832,96.209,3983,95000,2026-04-19T20:15:05.537609+00:00,346,46855,17.98,ROBERTO HELBERT SANCHEZ PALOMINO,22.741,152034,16002918,ROBERTO HELBERT SANCHEZ PALOMINO,10,JUNTOS POR EL PERÚ,22.741,18.76,152034,07845838,RAFAEL BERNARDO LÓPEZ ALIAGA CAZORLA,35,RENOVACIÓN POPULAR,4.761,3.927,31828,070000,2026-04-20T01:15:05.01231+00:00,810407,668552,120206
4851,91.858,5281,167926,2026-04-19T20:30:08.094576+00:00,347,76093,4.66,KEIKO SOFIA FUJIMORI HIGUCHI,27.972,226696,16002918,ROBERTO HELBERT SANCHEZ PALOMINO,10,JUNTOS POR EL PERÚ,11.347,8.721,91958,07845838,RAFAEL BERNARDO LÓPEZ ALIAGA CAZORLA,35,RENOVACIÓN POPULAR,6.687,5.14,54196,190000,2026-04-20T01:30:07.623516+00:00,1054452,810433,37762
86801,93.57,92766,2202696,2026-04-20T11:00:05.511793+00:00,348,946487,0.09,KEIKO SOFIA FUJIMORI HIGUCHI,17.053,2689415,16002918,ROBERTO HELBERT SANCHEZ PALOMINO,10,JUNTOS POR EL PERÚ,12.009,10.01,1893912,07845838,RAFAEL BERNARDO LÓPEZ ALIAGA CAZORLA,35,RENOVACIÓN POPULAR,11.919,9.935,1879812,TOTAL,2026-04-20T16:00:04.923845+00:00,18920413,15771230,14100
84978,94.187,90223,2150895,2026-04-20T11:00:05.958942+00:00,349,932564,0.416,KEIKO SOFIA FUJIMORI HIGUCHI,17.059,2653087,16002918,ROBERTO HELBERT SANCHEZ PALOMINO,10,JUNTOS POR EL PERÚ,12.141,10.133,1888284,07845838,RAFAEL BERNARDO LÓPEZ ALIAGA CAZORLA,35,RENOVACIÓN POPULAR,11.725,9.785,1823586,PERU,2026-04-20T16:00:04.965193+00:00,18635829,15552370,64698
4141,98.244,4215,73519,2026-04-20T11:00:07.417887+00:00,350,38061,-0.58,JORGE NIETO MONTESINOS,18.674,161479,16002918,ROBERTO HELBERT SANCHEZ PALOMINO,10,JUNTOS POR EL PERÚ,10.041,8.894,86828,07845838,RAFAEL BERNARDO LÓPEZ ALIAGA CAZORLA,35,RENOVACIÓN POPULAR,10.621,9.407,91842,040000,2026-04-20T16:00:06.654886+00:00,976304,864724,-5014
27857,95.247,29247,528322,2026-04-20T11:00:09.569951+00:00,351,243280,-16.667,RAFAEL BERNARDO LÓPEZ ALIAGA CAZORLA,19.934,1157912,16002918,ROBERTO HELBERT SANCHEZ PALOMINO,10,JUNTOS POR EL PERÚ,3.267,2.884,189754,07845838,RAFAEL BERNARDO LÓPEZ ALIAGA CAZORLA,35,RENOVACIÓN POPULAR,19.934,17.597,1157912,140000,2026-04-20T16:00:09.039212+00:00,6580341,5808739,-968158
84982,94.191,90223,2150895,2026-04-20T11:15:03.342744+00:00,352,932564,0.416,KEIKO SOFIA FUJIMORI HIGUCHI,17.059,2653087,16002918,ROBERTO HELBERT SANCHEZ PALOMINO,10,JUNTOS POR EL PERÚ,12.141,10.133,1888284,07845838,RAFAEL BERNARDO LÓPEZ ALIAGA CAZORLA,35,RENOVACIÓN POPULAR,11.725,9.785,1823586,PERU,2026-04-20T16:15:03.087853+00:00,18635829,15552370,64698
86805,93.574,92766,2202696,2026-04-20T11:15:03.646843+00:00,353,946487,0.09,KEIKO SOFIA FUJIMORI HIGUCHI,17.053,2689415,16002918,ROBERTO HELBERT SANCHEZ PALOMINO,10,JUNTOS POR EL PERÚ,12.009,10.01,1893912,07845838,RAFAEL BERNARDO LÓPEZ ALIAGA CAZORLA,35,RENOVACIÓN POPULAR,11.919,9.935,1879812,TOTAL,2026-04-20T16:15:03.089272+00:00,18920413,15771230,14100
4141,98.244,4215,73578,2026-04-20T11:15:04.515239+00:00,354,38098,-0.574,JORGE NIETO MONTESINOS,18.671,161573,16002918,ROBERTO HELBERT SANCHEZ PALOMINO,10,JUNTOS POR EL PERÚ,10.044,8.896,86917,07845838,RAFAEL BERNARDO LÓPEZ ALIAGA CAZORLA,35,RENOVACIÓN POPULAR,10.618,9.405,91888,040000,2026-04-20T16:15:04.171387+00:00,977056,865380,-4971
27858,95.251,29247,528322,2026-04-20T11:15:06.628125+00:00,355,243280,-16.667,RAFAEL BERNARDO LÓPEZ ALIAGA CAZORLA,19.934,1157912,16002918,ROBERTO HELBERT SANCHEZ PALOMINO,10,JUNTOS POR EL PERÚ,3.267,2.884,189754,07845838,RAFAEL BERNARDO LÓPEZ ALIAGA CAZORLA,35,RENOVACIÓN POPULAR,19.934,17.597,1157912,140000,2026-04-20T16:15:06.262252+00:00,6580341,5808739,-968158
86810,93.58,92766,2202785,2026-04-20T12:00:05.687417+00:00,356,946530,0.09,KEIKO SOFIA FUJIMORI HIGUCHI,17.052,2689469,16002918,ROBERTO HELBERT SANCHEZ PALOMINO,10,JUNTOS POR EL PERÚ,12.009,10.01,1894021,07845838,RAFAEL BERNARDO LÓPEZ ALIAGA CAZORLA,35,RENOVACIÓN POPULAR,11.919,9.935,1879956,TOTAL,2026-04-20T17:00:05.122564+00:00,18921646,15772331,14065
84987,94.197,90223,2150984,2026-04-20T12:00:06.449731+00:00,357,932607,0.415,KEIKO SOFIA FUJIMORI HIGUCHI,17.058,2653141,16002918,ROBERTO HELBERT SANCHEZ PALOMINO,10,JUNTOS POR EL PERÚ,12.141,10.132,1888393,07845838,RAFAEL BERNARDO LÓPEZ ALIAGA CAZORLA,35,RENOVACIÓN POPULAR,11.726,9.786,1823730,PERU,2026-04-20T17:00:05.167451+00:00,18637062,15553471,64663
4146,98.363,4215,73667,2026-04-20T12:00:07.532522+00:00,358,38141,-0.577,JORGE NIETO MONTESINOS,18.67,161772,16002918,ROBERTO HELBERT SANCHEZ PALOMINO,10,JUNTOS POR EL PERÚ,10.044,8.896,87026,07845838,RAFAEL BERNARDO LÓPEZ ALIAGA CAZORLA,35,RENOVACIÓN POPULAR,10.621,9.407,92032,040000,2026-04-20T17:00:06.913461+00:00,978289,866481,-5006
86815,93.585,92766,2202885,2026-04-20T13:00:05.667543+00:00,359,946593,0.089,KEIKO SOFIA FUJIMORI HIGUCHI,17.051,2689550,16002918,ROBERTO HELBERT SANCHEZ PALOMINO,10,JUNTOS POR EL PERÚ,12.008,10.01,1894098,07845838,RAFAEL BERNARDO LÓPEZ ALIAGA CAZORLA,35,RENOVACIÓN POPULAR,11.919,9.935,1880048,TOTAL,2026-04-20T18:00:05.065051+00:00,18922782,15773304,14050
84992,94.202,90223,2151084,2026-04-20T13:00:06.018459+00:00,360,932670,0.416,KEIKO SOFIA FUJIMORI HIGUCHI,17.058,2653222,16002918,ROBERTO HELBERT SANCHEZ PALOMINO,10,JUNTOS POR EL PERÚ,12.141,10.132,1888470,07845838,RAFAEL BERNARDO LÓPEZ ALIAGA CAZORLA,35,RENOVACIÓN POPULAR,11.725,9.785,1823822,PERU,2026-04-20T18:00:05.106262+00:00,18638198,15554444,64648
4150,98.458,4215,73746,2026-04-20T13:00:07.205888+00:00,361,38195,-0.576,JORGE NIETO MONTESINOS,18.672,161950,16002918,ROBERTO HELBERT SANCHEZ PALOMINO,10,JUNTOS POR EL PERÚ,10.043,8.895,87102,07845838,RAFAEL BERNARDO LÓPEZ ALIAGA CAZORLA,35,RENOVACIÓN POPULAR,10.619,9.405,92099,040000,2026-04-20T18:00:06.739161+00:00,979261,867320,-4997
27859,95.254,29247,528343,2026-04-20T13:00:09.379181+00:00,362,243289,-16.667,RAFAEL BERNARDO LÓPEZ ALIAGA CAZORLA,19.934,1157937,16002918,ROBERTO HELBERT SANCHEZ PALOMINO,10,JUNTOS POR EL PERÚ,3.267,2.884,189755,07845838,RAFAEL BERNARDO LÓPEZ ALIAGA CAZORLA,35,RENOVACIÓN POPULAR,19.934,17.596,1157937,140000,2026-04-20T18:00:08.812108+00:00,6580505,5808873,-968182
84994,94.204,90223,2151137,2026-04-20T14:15:03.523691+00:00,363,932684,0.416,KEIKO SOFIA FUJIMORI HIGUCHI,17.058,2653269,16002918,ROBERTO HELBERT SANCHEZ PALOMINO,10,JUNTOS POR EL PERÚ,12.141,10.132,1888514,07845838,RAFAEL BERNARDO LÓPEZ ALIAGA CAZORLA,35,RENOVACIÓN POPULAR,11.725,9.785,1823864,PERU,2026-04-20T19:15:03.028845+00:00,18638644,15554823,64650
86817,93.587,92766,2202938,2026-04-20T14:15:03.974372+00:00,364,946607,0.089,KEIKO SOFIA FUJIMORI HIGUCHI,17.051,2689597,16002918,ROBERTO HELBERT SANCHEZ PALOMINO,10,JUNTOS POR EL PERÚ,12.008,10.01,1894142,07845838,RAFAEL BERNARDO LÓPEZ ALIAGA CAZORLA,35,RENOVACIÓN POPULAR,11.919,9.935,1880090,TOTAL,2026-04-20T19:15:03.030259+00:00,18923228,15773683,14052
1210,95.051,1273,31237,2026-04-20T14:15:05.772101+00:00,365,11255,41.0,ROBERTO HELBERT SANCHEZ PALOMINO,43.349,71488,16002918,ROBERTO HELBERT SANCHEZ PALOMINO,10,JUNTOS POR EL PERÚ,43.349,34.468,71488,07845838,RAFAEL BERNARDO LÓPEZ ALIAGA CAZORLA,35,RENOVACIÓN POPULAR,2.349,1.868,3874,080000,2026-04-20T19:15:05.161452+00:00,207406,164914,67614
27859,95.254,29247,528375,2026-04-20T14:15:07.309733+00:00,366,243295,-16.667,RAFAEL BERNARDO LÓPEZ ALIAGA CAZORLA,19.934,1157971,16002918,ROBERTO HELBERT SANCHEZ PALOMINO,10,JUNTOS POR EL PERÚ,3.267,2.884,189767,07845838,RAFAEL BERNARDO LÓPEZ ALIAGA CAZORLA,35,RENOVACIÓN POPULAR,19.934,17.596,1157971,140000,2026-04-20T19:15:06.773408+00:00,6580740,5809070,-968204
1211,95.13,1273,31237,2026-04-20T14:30:06.606542+00:00,367,11255,41.0,ROBERTO HELBERT SANCHEZ PALOMINO,43.349,71488,16002918,ROBERTO HELBERT SANCHEZ PALOMINO,10,JUNTOS POR EL PERÚ,43.349,34.468,71488,07845838,RAFAEL BERNARDO LÓPEZ ALIAGA CAZORLA,35,RENOVACIÓN POPULAR,2.349,1.868,3874,080000,2026-04-20T19:30:05.982166+00:00,207406,164914,67614
27860,95.258,29247,528375,2026-04-20T14:30:07.810116+00:00,368,243295,-16.667,RAFAEL BERNARDO LÓPEZ ALIAGA CAZORLA,19.934,1157971,16002918,ROBERTO HELBERT SANCHEZ PALOMINO,10,JUNTOS POR EL PERÚ,3.267,2.884,189767,07845838,RAFAEL BERNARDO LÓPEZ ALIAGA CAZORLA,35,RENOVACIÓN POPULAR,19.934,17.596,1157971,140000,2026-04-20T19:30:07.083143+00:00,6580740,5809070,-968204
86817,93.587,92766,2203223,2026-04-20T15:00:05.383803+00:00,369,946747,0.09,KEIKO SOFIA FUJIMORI HIGUCHI,17.052,2689922,16002918,ROBERTO HELBERT SANCHEZ PALOMINO,10,JUNTOS POR EL PERÚ,12.008,10.009,1894258,07845838,RAFAEL BERNARDO LÓPEZ ALIAGA CAZORLA,35,RENOVACIÓN POPULAR,11.918,9.935,1880166,TOTAL,2026-04-20T20:00:04.949553+00:00,18925237,15775267,14092
85003,94.214,90223,2151422,2026-04-20T15:00:05.798163+00:00,370,932824,0.416,KEIKO SOFIA FUJIMORI HIGUCHI,17.058,2653594,16002918,ROBERTO HELBERT SANCHEZ PALOMINO,10,JUNTOS POR EL PERÚ,12.141,10.132,1888630,07845838,RAFAEL BERNARDO LÓPEZ ALIAGA CAZORLA,35,RENOVACIÓN POPULAR,11.725,9.785,1823940,PERU,2026-04-20T20:00:04.951017+00:00,18640653,15556407,64690
86826,93.597,92766,2203223,2026-04-20T15:15:03.80515+00:00,371,946747,0.09,KEIKO SOFIA FUJIMORI HIGUCHI,17.052,2689922,16002918,ROBERTO HELBERT SANCHEZ PALOMINO,10,JUNTOS POR EL PERÚ,12.008,10.009,1894258,07845838,RAFAEL BERNARDO LÓPEZ ALIAGA CAZORLA,35,RENOVACIÓN POPULAR,11.918,9.935,1880166,TOTAL,2026-04-20T20:15:02.951127+00:00,18925237,15775267,14092
4922,92.833,5302,147792,2026-04-20T15:15:06.278102+00:00,372,67392,1.173,KEIKO SOFIA FUJIMORI HIGUCHI,20.261,175772,16002918,ROBERTO HELBERT SANCHEZ PALOMINO,10,JUNTOS POR EL PERÚ,9.396,7.529,81512,07845838,RAFAEL BERNARDO LÓPEZ ALIAGA CAZORLA,35,RENOVACIÓN POPULAR,8.223,6.588,71334,120000,2026-04-20T20:15:05.773633+00:00,1082712,867528,10178
86826,93.597,92766,2203376,2026-04-20T16:30:05.118959+00:00,373,946833,0.09,KEIKO SOFIA FUJIMORI HIGUCHI,17.052,2690098,16002918,ROBERTO HELBERT SANCHEZ PALOMINO,10,JUNTOS POR EL PERÚ,12.008,10.009,1894332,07845838,RAFAEL BERNARDO LÓPEZ ALIAGA CAZORLA,35,RENOVACIÓN POPULAR,11.918,9.934,1880204,TOTAL,2026-04-20T21:30:04.404096+00:00,18926329,15776120,14128
85008,94.22,90223,2151575,2026-04-20T16:30:05.510818+00:00,374,932910,0.416,KEIKO SOFIA FUJIMORI HIGUCHI,17.058,2653770,16002918,ROBERTO HELBERT SANCHEZ PALOMINO,10,JUNTOS POR EL PERÚ,12.14,10.132,1888704,07845838,RAFAEL BERNARDO LÓPEZ ALIAGA CAZORLA,35,RENOVACIÓN POPULAR,11.724,9.784,1823978,PERU,2026-04-20T21:30:04.44452+00:00,18641745,15557260,64726
86831,93.602,92766,2203376,2026-04-20T16:45:03.796111+00:00,375,946833,0.09,KEIKO SOFIA FUJIMORI HIGUCHI,17.052,2690098,16002918,ROBERTO HELBERT SANCHEZ PALOMINO,10,JUNTOS POR EL PERÚ,12.008,10.009,1894332,07845838,RAFAEL BERNARDO LÓPEZ ALIAGA CAZORLA,35,RENOVACIÓN POPULAR,11.918,9.934,1880204,TOTAL,2026-04-20T21:45:03.077872+00:00,18926329,15776120,14128
4927,92.927,5302,147945,2026-04-20T16:45:07.465212+00:00,376,67478,1.176,KEIKO SOFIA FUJIMORI HIGUCHI,20.262,175948,16002918,ROBERTO HELBERT SANCHEZ PALOMINO,10,JUNTOS POR EL PERÚ,9.395,7.528,81586,07845838,RAFAEL BERNARDO LÓPEZ ALIAGA CAZORLA,35,RENOVACIÓN POPULAR,8.219,6.585,71372,120000,2026-04-20T21:45:06.762082+00:00,1083804,868381,10214
85032,94.246,90223,2152053,2026-04-20T17:30:05.01768+00:00,377,933141,0.411,KEIKO SOFIA FUJIMORI HIGUCHI,17.059,2654785,16002918,ROBERTO HELBERT SANCHEZ PALOMINO,10,JUNTOS POR EL PERÚ,12.137,10.129,1888865,07845838,RAFAEL BERNARDO LÓPEZ ALIAGA CAZORLA,35,RENOVACIÓN POPULAR,11.726,9.786,1824844,PERU,2026-04-20T22:30:04.515536+00:00,18647473,15562279,64021
86831,93.602,92766,2203854,2026-04-20T17:30:05.43417+00:00,378,947064,0.085,KEIKO SOFIA FUJIMORI HIGUCHI,17.053,2691113,16002918,ROBERTO HELBERT SANCHEZ PALOMINO,10,JUNTOS POR EL PERÚ,12.005,10.007,1894493,07845838,RAFAEL BERNARDO LÓPEZ ALIAGA CAZORLA,35,RENOVACIÓN POPULAR,11.92,9.936,1881070,TOTAL,2026-04-20T22:30:04.516967+00:00,18932057,15781139,13423
2774,95.721,2898,59574,2026-04-20T17:30:09.888173+00:00,379,27909,-11.985,KEIKO SOFIA FUJIMORI HIGUCHI,20.668,114225,16002918,ROBERTO HELBERT SANCHEZ PALOMINO,10,JUNTOS POR EL PERÚ,3.005,2.594,16605,07845838,RAFAEL BERNARDO LÓPEZ ALIAGA CAZORLA,35,RENOVACIÓN POPULAR,14.99,12.941,82843,240000,2026-04-20T22:30:09.44417+00:00,640136,552653,-66238
86855,93.628,92766,2203854,2026-04-20T17:45:03.835293+00:00,380,947064,0.085,KEIKO SOFIA FUJIMORI HIGUCHI,17.053,2691113,16002918,ROBERTO HELBERT SANCHEZ PALOMINO,10,JUNTOS POR EL PERÚ,12.005,10.007,1894493,07845838,RAFAEL BERNARDO LÓPEZ ALIAGA CAZORLA,35,RENOVACIÓN POPULAR,11.92,9.936,1881070,TOTAL,2026-04-20T22:45:03.016142+00:00,18932057,15781139,13423
4152,98.505,4215,73776,2026-04-20T17:45:04.810236+00:00,381,38213,-0.576,JORGE NIETO MONTESINOS,18.673,162035,16002918,ROBERTO HELBERT SANCHEZ PALOMINO,10,JUNTOS POR EL PERÚ,10.043,8.895,87153,07845838,RAFAEL BERNARDO LÓPEZ ALIAGA CAZORLA,35,RENOVACIÓN POPULAR,10.619,9.406,92151,040000,2026-04-20T22:45:04.372931+00:00,979755,867766,-4998
27873,95.302,29247,528672,2026-04-20T17:45:06.696062+00:00,382,243415,-16.667,RAFAEL BERNARDO LÓPEZ ALIAGA CAZORLA,19.933,1158487,16002918,ROBERTO HELBERT SANCHEZ PALOMINO,10,JUNTOS POR EL PERÚ,3.266,2.883,189831,07845838,RAFAEL BERNARDO LÓPEZ ALIAGA CAZORLA,35,RENOVACIÓN POPULAR,19.933,17.596,1158487,140000,2026-04-20T22:45:06.188067+00:00,6583910,5811823,-968656
2774,95.721,2898,59725,2026-04-20T17:45:08.676121+00:00,383,28002,-11.992,KEIKO SOFIA FUJIMORI HIGUCHI,20.672,114621,16002918,ROBERTO HELBERT SANCHEZ PALOMINO,10,JUNTOS POR EL PERÚ,3.003,2.593,16651,07845838,RAFAEL BERNARDO LÓPEZ ALIAGA CAZORLA,35,RENOVACIÓN POPULAR,14.995,12.946,83141,240000,2026-04-20T22:45:08.093719+00:00,642200,554473,-66490
86855,93.628,92766,2205262,2026-04-20T18:30:04.985131+00:00,384,947885,0.086,KEIKO SOFIA FUJIMORI HIGUCHI,17.052,2692292,16002918,ROBERTO HELBERT SANCHEZ PALOMINO,10,JUNTOS POR EL PERÚ,12.005,10.006,1895406,07845838,RAFAEL BERNARDO LÓPEZ ALIAGA CAZORLA,35,RENOVACIÓN POPULAR,11.919,9.935,1881838,TOTAL,2026-04-20T23:30:04.418102+00:00,18942054,15788907,13568
85072,94.291,90223,2153271,2026-04-20T18:30:05.3043+00:00,385,933877,0.413,KEIKO SOFIA FUJIMORI HIGUCHI,17.058,2655803,16002918,ROBERTO HELBERT SANCHEZ PALOMINO,10,JUNTOS POR EL PERÚ,12.138,10.129,1889769,07845838,RAFAEL BERNARDO LÓPEZ ALIAGA CAZORLA,35,RENOVACIÓN POPULAR,11.725,9.785,1825442,PERU,2026-04-20T23:30:04.460308+00:00,18656270,15569122,64327
86901,93.678,92766,2205262,2026-04-20T18:45:03.501406+00:00,386,947885,0.086,KEIKO SOFIA FUJIMORI HIGUCHI,17.052,2692292,16002918,ROBERTO HELBERT SANCHEZ PALOMINO,10,JUNTOS POR EL PERÚ,12.005,10.006,1895406,07845838,RAFAEL BERNARDO LÓPEZ ALIAGA CAZORLA,35,RENOVACIÓN POPULAR,11.919,9.935,1881838,TOTAL,2026-04-20T23:45:02.991252+00:00,18942054,15788907,13568
1829,71.923,2543,51991,2026-04-20T18:45:04.069009+00:00,387,14008,-23.095,RAFAEL BERNARDO LÓPEZ ALIAGA CAZORLA,25.66,56396,16002918,ROBERTO HELBERT SANCHEZ PALOMINO,10,JUNTOS POR EL PERÚ,2.565,1.972,5637,07845838,RAFAEL BERNARDO LÓPEZ ALIAGA CAZORLA,35,RENOVACIÓN POPULAR,25.66,19.734,56396,EXTRANJERO,2026-04-20T23:45:03.087578+00:00,285784,219785,-50759
2148,91.756,2341,66778,2026-04-20T18:45:05.697648+00:00,388,22369,23.491,ROBERTO HELBERT SANCHEZ PALOMINO,29.459,93010,16002918,ROBERTO HELBERT SANCHEZ PALOMINO,10,JUNTOS POR EL PERÚ,29.459,22.973,93010,07845838,RAFAEL BERNARDO LÓPEZ ALIAGA CAZORLA,35,RENOVACIÓN POPULAR,5.968,4.654,18841,090000,2026-04-20T23:45:05.345568+00:00,404872,315725,74169
4953,93.418,5302,148737,2026-04-20T18:45:06.387219+00:00,389,68071,1.157,KEIKO SOFIA FUJIMORI HIGUCHI,20.234,176678,16002918,ROBERTO HELBERT SANCHEZ PALOMINO,10,JUNTOS POR EL PERÚ,9.382,7.516,81923,07845838,RAFAEL BERNARDO LÓPEZ ALIAGA CAZORLA,35,RENOVACIÓN POPULAR,8.225,6.589,71821,120000,2026-04-20T23:45:06.001587+00:00,1089984,873176,10102
27876,95.312,29247,528724,2026-04-20T18:45:06.892542+00:00,390,243445,-16.667,RAFAEL BERNARDO LÓPEZ ALIAGA CAZORLA,19.933,1158588,16002918,ROBERTO HELBERT SANCHEZ PALOMINO,10,JUNTOS POR EL PERÚ,3.266,2.883,189852,07845838,RAFAEL BERNARDO LÓPEZ ALIAGA CAZORLA,35,RENOVACIÓN POPULAR,19.933,17.595,1158588,140000,2026-04-20T23:45:06.508097+00:00,6584631,5812462,-968736
85112,94.335,90223,2154331,2026-04-20T19:30:04.638199+00:00,391,934541,0.416,KEIKO SOFIA FUJIMORI HIGUCHI,17.058,2656772,16002918,ROBERTO HELBERT SANCHEZ PALOMINO,10,JUNTOS POR EL PERÚ,12.139,10.13,1890727,07845838,RAFAEL BERNARDO LÓPEZ ALIAGA CAZORLA,35,RENOVACIÓN POPULAR,11.723,9.783,1825914,PERU,2026-04-21T00:30:04.049132+00:00,18664120,15575248,64813
86952,93.733,92766,2206682,2026-04-20T19:30:04.993235+00:00,392,948644,0.087,KEIKO SOFIA FUJIMORI HIGUCHI,17.051,2693479,16002918,ROBERTO HELBERT SANCHEZ PALOMINO,10,JUNTOS POR EL PERÚ,12.005,10.007,1896418,07845838,RAFAEL BERNARDO LÓPEZ ALIAGA CAZORLA,35,RENOVACIÓN POPULAR,11.918,9.934,1882673,TOTAL,2026-04-21T00:30:04.091219+00:00,18951825,15796499,13745
1840,72.355,2543,52351,2026-04-20T19:30:05.264286+00:00,393,14103,-23.082,RAFAEL BERNARDO LÓPEZ ALIAGA CAZORLA,25.654,56759,16002918,ROBERTO HELBERT SANCHEZ PALOMINO,10,JUNTOS POR EL PERÚ,2.572,1.978,5691,07845838,RAFAEL BERNARDO LÓPEZ ALIAGA CAZORLA,35,RENOVACIÓN POPULAR,25.654,19.728,56759,EXTRANJERO,2026-04-21T00:30:04.148667+00:00,287705,221251,-51068
4153,98.529,4215,73789,2026-04-20T19:30:06.133627+00:00,394,38225,-0.577,JORGE NIETO MONTESINOS,18.673,162075,16002918,ROBERTO HELBERT SANCHEZ PALOMINO,10,JUNTOS POR EL PERÚ,10.043,8.895,87168,07845838,RAFAEL BERNARDO LÓPEZ ALIAGA CAZORLA,35,RENOVACIÓN POPULAR,10.62,9.406,92180,040000,2026-04-21T00:30:05.749075+00:00,979999,867985,-5012
2163,92.396,2341,67272,2026-04-20T19:30:07.217336+00:00,395,22573,23.58,ROBERTO HELBERT SANCHEZ PALOMINO,29.532,93691,16002918,ROBERTO HELBERT SANCHEZ PALOMINO,10,JUNTOS POR EL PERÚ,29.532,23.014,93691,07845838,RAFAEL BERNARDO LÓPEZ ALIAGA CAZORLA,35,RENOVACIÓN POPULAR,5.952,4.638,18883,090000,2026-04-21T00:30:06.724919+00:00,407096,317251,74808
4977,93.87,5302,149290,2026-04-20T19:30:08.007437+00:00,396,68519,1.135,KEIKO SOFIA FUJIMORI HIGUCHI,20.225,177483,16002918,ROBERTO HELBERT SANCHEZ PALOMINO,10,JUNTOS POR EL PERÚ,9.365,7.503,82185,07845838,RAFAEL BERNARDO LÓPEZ ALIAGA CAZORLA,35,RENOVACIÓN POPULAR,8.23,6.593,72222,120000,2026-04-21T00:30:07.42131+00:00,1095366,877557,9963
87018,93.804,92766,2208634,2026-04-20T20:30:04.384919+00:00,397,949591,0.087,KEIKO SOFIA FUJIMORI HIGUCHI,17.05,2694769,16002918,ROBERTO HELBERT SANCHEZ PALOMINO,10,JUNTOS POR EL PERÚ,12.006,10.007,1897597,07845838,RAFAEL BERNARDO LÓPEZ ALIAGA CAZORLA,35,RENOVACIÓN POPULAR,11.919,9.934,1883771,TOTAL,2026-04-21T01:30:03.869363+00:00,18963339,15805114,13826
85154,94.382,90223,2155607,2026-04-20T20:30:04.881574+00:00,398,935248,0.421,KEIKO SOFIA FUJIMORI HIGUCHI,17.057,2657577,16002918,ROBERTO HELBERT SANCHEZ PALOMINO,10,JUNTOS POR EL PERÚ,12.142,10.132,1891819,07845838,RAFAEL BERNARDO LÓPEZ ALIAGA CAZORLA,35,RENOVACIÓN POPULAR,11.721,9.781,1826271,PERU,2026-04-21T01:30:03.911075+00:00,18671836,15580981,65548
1864,73.299,2543,53027,2026-04-20T20:30:05.151262+00:00,399,14343,-23.076,RAFAEL BERNARDO LÓPEZ ALIAGA CAZORLA,25.654,57500,16002918,ROBERTO HELBERT SANCHEZ PALOMINO,10,JUNTOS POR EL PERÚ,2.578,1.982,5778,07845838,RAFAEL BERNARDO LÓPEZ ALIAGA CAZORLA,35,RENOVACIÓN POPULAR,25.654,19.725,57500,EXTRANJERO,2026-04-21T01:30:04.494388+00:00,291503,224133,-51722
4156,98.6,4215,73850,2026-04-20T20:30:06.084518+00:00,400,38262,-0.563,JORGE NIETO MONTESINOS,18.665,162137,16002918,ROBERTO HELBERT SANCHEZ PALOMINO,10,JUNTOS POR EL PERÚ,10.052,8.903,87321,07845838,RAFAEL BERNARDO LÓPEZ ALIAGA CAZORLA,35,RENOVACIÓN POPULAR,10.615,9.401,92206,040000,2026-04-21T01:30:05.602571+00:00,980777,868665,-4885
4007,94.505,4240,117882,2026-04-20T20:30:06.688556+00:00,401,50212,38.471,ROBERTO HELBERT SANCHEZ PALOMINO,41.709,254503,16002918,ROBERTO HELBERT SANCHEZ PALOMINO,10,JUNTOS POR EL PERÚ,41.709,32.701,254503,07845838,RAFAEL BERNARDO LÓPEZ ALIAGA CAZORLA,35,RENOVACIÓN POPULAR,3.238,2.539,19760,060000,2026-04-21T01:30:06.233312+00:00,778283,610189,234743
4986,94.04,5302,149503,2026-04-20T20:30:07.953527+00:00,402,68681,1.126,KEIKO SOFIA FUJIMORI HIGUCHI,20.225,177812,16002918,ROBERTO HELBERT SANCHEZ PALOMINO,10,JUNTOS POR EL PERÚ,9.357,7.496,82262,07845838,RAFAEL BERNARDO LÓPEZ ALIAGA CAZORLA,35,RENOVACIÓN POPULAR,8.231,6.595,72367,120000,2026-04-21T01:30:07.421181+00:00,1097370,879186,9895
2302,85.354,2697,72503,2026-04-20T20:30:08.82774+00:00,403,22243,3.236,KEIKO SOFIA FUJIMORI HIGUCHI,28.025,82089,16002918,ROBERTO HELBERT SANCHEZ PALOMINO,10,JUNTOS POR EL PERÚ,9.997,7.553,29282,07845838,RAFAEL BERNARDO LÓPEZ ALIAGA CAZORLA,35,RENOVACIÓN POPULAR,6.761,5.109,19804,150000,2026-04-21T01:30:08.233042+00:00,387664,292918,9478
3293,96.938,3397,75447,2026-04-20T20:30:09.851249+00:00,404,39370,22.891,ROBERTO HELBERT SANCHEZ PALOMINO,24.813,156823,16002918,ROBERTO HELBERT SANCHEZ PALOMINO,10,JUNTOS POR EL PERÚ,24.813,20.998,156823,07845838,RAFAEL BERNARDO LÓPEZ ALIAGA CAZORLA,35,RENOVACIÓN POPULAR,1.922,1.626,12147,200000,2026-04-21T01:30:09.356454+00:00,746830,632013,144676
87052,93.84,92766,2209552,2026-04-20T21:45:04.323832+00:00,405,950277,0.09,KEIKO SOFIA FUJIMORI HIGUCHI,17.048,2695362,16002918,ROBERTO HELBERT SANCHEZ PALOMINO,10,JUNTOS POR EL PERÚ,12.008,10.008,1898441,07845838,RAFAEL BERNARDO LÓPEZ ALIAGA CAZORLA,35,RENOVACIÓN POPULAR,11.918,9.933,1884248,TOTAL,2026-04-21T02:45:03.824735+00:00,18970029,15810200,14193
1864,73.299,2543,53523,2026-04-20T21:45:04.739216+00:00,406,14824,-23.049,RAFAEL BERNARDO LÓPEZ ALIAGA CAZORLA,25.629,57884,16002918,ROBERTO HELBERT SANCHEZ PALOMINO,10,JUNTOS POR EL PERÚ,2.58,1.981,5828,07845838,RAFAEL BERNARDO LÓPEZ ALIAGA CAZORLA,35,RENOVACIÓN POPULAR,25.629,19.675,57884,EXTRANJERO,2026-04-21T02:45:03.881607+00:00,294199,225852,-52056
85172,94.402,90223,2156029,2026-04-20T21:45:05.110306+00:00,407,935453,0.425,KEIKO SOFIA FUJIMORI HIGUCHI,17.055,2657841,16002918,ROBERTO HELBERT SANCHEZ PALOMINO,10,JUNTOS POR EL PERÚ,12.144,10.134,1892613,07845838,RAFAEL BERNARDO LÓPEZ ALIAGA CAZORLA,35,RENOVACIÓN POPULAR,11.719,9.779,1826364,PERU,2026-04-21T02:45:04.459361+00:00,18675830,15584348,66249
4011,94.599,4240,118019,2026-04-20T21:45:06.097738+00:00,408,50243,38.481,ROBERTO HELBERT SANCHEZ PALOMINO,41.718,254760,16002918,ROBERTO HELBERT SANCHEZ PALOMINO,10,JUNTOS POR EL PERÚ,41.718,32.706,254760,07845838,RAFAEL BERNARDO LÓPEZ ALIAGA CAZORLA,35,RENOVACIÓN POPULAR,3.237,2.538,19769,060000,2026-04-21T02:45:05.571458+00:00,778933,610671,234991
554,95.848,578,11457,2026-04-20T21:45:08.036044+00:00,409,4991,7.119,ROBERTO HELBERT SANCHEZ PALOMINO,12.903,14123,16002918,ROBERTO HELBERT SANCHEZ PALOMINO,10,JUNTOS POR EL PERÚ,12.903,11.218,14123,07845838,RAFAEL BERNARDO LÓPEZ ALIAGA CAZORLA,35,RENOVACIÓN POPULAR,5.784,5.029,6331,170000,2026-04-21T02:45:07.538973+00:00,125899,109451,7792
3302,97.203,3397,75447,2026-04-20T21:45:08.668943+00:00,410,39370,22.891,ROBERTO HELBERT SANCHEZ PALOMINO,24.813,156823,16002918,ROBERTO HELBERT SANCHEZ PALOMINO,10,JUNTOS POR EL PERÚ,24.813,20.998,156823,07845838,RAFAEL BERNARDO LÓPEZ ALIAGA CAZORLA,35,RENOVACIÓN POPULAR,1.922,1.626,12147,200000,2026-04-21T02:45:08.256038+00:00,746830,632013,144676
1880,73.928,2543,53523,2026-04-20T22:00:05.736418+00:00,411,14824,-23.049,RAFAEL BERNARDO LÓPEZ ALIAGA CAZORLA,25.629,57884,16002918,ROBERTO HELBERT SANCHEZ PALOMINO,10,JUNTOS POR EL PERÚ,2.58,1.981,5828,07845838,RAFAEL BERNARDO LÓPEZ ALIAGA CAZORLA,35,RENOVACIÓN POPULAR,25.629,19.675,57884,EXTRANJERO,2026-04-21T03:00:05.213243+00:00,294199,225852,-52056
3302,97.203,3397,75610,2026-04-20T22:00:09.119529+00:00,412,39465,22.861,ROBERTO HELBERT SANCHEZ PALOMINO,24.787,157149,16002918,ROBERTO HELBERT SANCHEZ PALOMINO,10,JUNTOS POR EL PERÚ,24.787,20.979,157149,07845838,RAFAEL BERNARDO LÓPEZ ALIAGA CAZORLA,35,RENOVACIÓN POPULAR,1.926,1.63,12213,200000,2026-04-21T03:00:08.667215+00:00,749078,634003,144936
85181,94.412,90223,2156301,2026-04-20T22:45:03.609708+00:00,413,935553,0.429,KEIKO SOFIA FUJIMORI HIGUCHI,17.053,2657936,16002918,ROBERTO HELBERT SANCHEZ PALOMINO,10,JUNTOS POR EL PERÚ,12.147,10.136,1893236,07845838,RAFAEL BERNARDO LÓPEZ ALIAGA CAZORLA,35,RENOVACIÓN POPULAR,11.718,9.778,1826395,PERU,2026-04-21T03:45:02.814114+00:00,18677746,15585892,66841
1808,95.158,1900,50456,2026-04-20T22:45:04.688882+00:00,414,17970,28.608,ROBERTO HELBERT SANCHEZ PALOMINO,31.343,85238,16002918,ROBERTO HELBERT SANCHEZ PALOMINO,10,JUNTOS POR EL PERÚ,31.343,25.042,85238,07845838,RAFAEL BERNARDO LÓPEZ ALIAGA CAZORLA,35,RENOVACIÓN POPULAR,2.735,2.185,7437,050000,2026-04-21T03:45:04.187901+00:00,340379,271953,77801
87061,93.85,92766,2209824,2026-04-20T23:00:04.987238+00:00,415,950377,0.093,KEIKO SOFIA FUJIMORI HIGUCHI,17.047,2695457,16002918,ROBERTO HELBERT SANCHEZ PALOMINO,10,JUNTOS POR EL PERÚ,12.01,10.01,1899064,07845838,RAFAEL BERNARDO LÓPEZ ALIAGA CAZORLA,35,RENOVACIÓN POPULAR,11.917,9.932,1884279,TOTAL,2026-04-21T04:00:04.63119+00:00,18971945,15811744,14785
1817,95.632,1900,50456,2026-04-20T23:00:06.236467+00:00,416,17970,28.608,ROBERTO HELBERT SANCHEZ PALOMINO,31.343,85238,16002918,ROBERTO HELBERT SANCHEZ PALOMINO,10,JUNTOS POR EL PERÚ,31.343,25.042,85238,07845838,RAFAEL BERNARDO LÓPEZ ALIAGA CAZORLA,35,RENOVACIÓN POPULAR,2.735,2.185,7437,050000,2026-04-21T04:00:05.888081+00:00,340379,271953,77801
85181,94.412,90223,2156818,2026-04-21T10:30:04.584412+00:00,417,935818,0.431,KEIKO SOFIA FUJIMORI HIGUCHI,17.053,2658329,16002918,ROBERTO HELBERT SANCHEZ PALOMINO,10,JUNTOS POR EL PERÚ,12.148,10.137,1893646,07845838,RAFAEL BERNARDO LÓPEZ ALIAGA CAZORLA,35,RENOVACIÓN POPULAR,11.717,9.778,1826560,PERU,2026-04-21T15:30:04.04919+00:00,18681091,15588455,67086
87061,93.85,92766,2210341,2026-04-21T10:30:04.899876+00:00,418,950642,0.095,KEIKO SOFIA FUJIMORI HIGUCHI,17.047,2695850,16002918,ROBERTO HELBERT SANCHEZ PALOMINO,10,JUNTOS POR EL PERÚ,12.011,10.01,1899474,07845838,RAFAEL BERNARDO LÓPEZ ALIAGA CAZORLA,35,RENOVACIÓN POPULAR,11.916,9.931,1884444,TOTAL,2026-04-21T15:30:04.08976+00:00,18975290,15814307,15030
85196,94.428,90223,2156818,2026-04-21T10:45:03.292892+00:00,419,935818,0.431,KEIKO SOFIA FUJIMORI HIGUCHI,17.053,2658329,16002918,ROBERTO HELBERT SANCHEZ PALOMINO,10,JUNTOS POR EL PERÚ,12.148,10.137,1893646,07845838,RAFAEL BERNARDO LÓPEZ ALIAGA CAZORLA,35,RENOVACIÓN POPULAR,11.717,9.778,1826560,PERU,2026-04-21T15:45:02.898877+00:00,18681091,15588455,67086
87076,93.866,92766,2210341,2026-04-21T10:45:03.629382+00:00,420,950642,0.095,KEIKO SOFIA FUJIMORI HIGUCHI,17.047,2695850,16002918,ROBERTO HELBERT SANCHEZ PALOMINO,10,JUNTOS POR EL PERÚ,12.011,10.01,1899474,07845838,RAFAEL BERNARDO LÓPEZ ALIAGA CAZORLA,35,RENOVACIÓN POPULAR,11.916,9.931,1884444,TOTAL,2026-04-21T15:45:02.940333+00:00,18975290,15814307,15030
2171,92.738,2341,67503,2026-04-21T10:45:05.823344+00:00,421,22681,23.516,ROBERTO HELBERT SANCHEZ PALOMINO,29.48,93936,16002918,ROBERTO HELBERT SANCHEZ PALOMINO,10,JUNTOS POR EL PERÚ,29.48,22.977,93936,07845838,RAFAEL BERNARDO LÓPEZ ALIAGA CAZORLA,35,RENOVACIÓN POPULAR,5.964,4.648,19003,090000,2026-04-21T15:45:05.126574+00:00,408826,318642,74933
4993,94.172,5302,149789,2026-04-21T10:45:06.741+00:00,422,68838,1.138,KEIKO SOFIA FUJIMORI HIGUCHI,20.217,177986,16002918,ROBERTO HELBERT SANCHEZ PALOMINO,10,JUNTOS POR EL PERÚ,9.363,7.5,82427,07845838,RAFAEL BERNARDO LÓPEZ ALIAGA CAZORLA,35,RENOVACIÓN POPULAR,8.225,6.589,72412,120000,2026-04-21T15:45:06.185419+00:00,1098985,880358,10015
87081,93.872,92766,2210486,2026-04-21T11:45:03.688989+00:00,423,950681,0.095,KEIKO SOFIA FUJIMORI HIGUCHI,17.047,2696035,16002918,ROBERTO HELBERT SANCHEZ PALOMINO,10,JUNTOS POR EL PERÚ,12.011,10.01,1899596,07845838,RAFAEL BERNARDO LÓPEZ ALIAGA CAZORLA,35,RENOVACIÓN POPULAR,11.916,9.931,1884531,TOTAL,2026-04-21T16:45:03.340441+00:00,18976469,15815302,15065
85196,94.428,90223,2156963,2026-04-21T11:45:04.095359+00:00,424,935857,0.431,KEIKO SOFIA FUJIMORI HIGUCHI,17.053,2658514,16002918,ROBERTO HELBERT SANCHEZ PALOMINO,10,JUNTOS POR EL PERÚ,12.148,10.137,1893768,07845838,RAFAEL BERNARDO LÓPEZ ALIAGA CAZORLA,35,RENOVACIÓN POPULAR,11.717,9.777,1826647,PERU,2026-04-21T16:45:03.34191+00:00,18682270,15589450,67121
85201,94.434,90223,2156963,2026-04-21T12:00:05.754214+00:00,425,935857,0.431,KEIKO SOFIA FUJIMORI HIGUCHI,17.053,2658514,16002918,ROBERTO HELBERT SANCHEZ PALOMINO,10,JUNTOS POR EL PERÚ,12.148,10.137,1893768,07845838,RAFAEL BERNARDO LÓPEZ ALIAGA CAZORLA,35,RENOVACIÓN POPULAR,11.717,9.777,1826647,PERU,2026-04-21T17:00:05.102991+00:00,18682270,15589450,67121
27881,95.329,29247,528869,2026-04-21T12:00:08.976409+00:00,426,243484,-16.663,RAFAEL BERNARDO LÓPEZ ALIAGA CAZORLA,19.931,1158675,16002918,ROBERTO HELBERT SANCHEZ PALOMINO,10,JUNTOS POR EL PERÚ,3.268,2.885,189974,07845838,RAFAEL BERNARDO LÓPEZ ALIAGA CAZORLA,35,RENOVACIÓN POPULAR,19.931,17.594,1158675,140000,2026-04-21T17:00:08.365629+00:00,6585810,5813457,-968701
85201,94.434,90223,2157634,2026-04-21T13:00:05.736252+00:00,427,936101,0.433,KEIKO SOFIA FUJIMORI HIGUCHI,17.054,2659117,16002918,ROBERTO HELBERT SANCHEZ PALOMINO,10,JUNTOS POR EL PERÚ,12.149,10.138,1894370,07845838,RAFAEL BERNARDO LÓPEZ ALIAGA CAZORLA,35,RENOVACIÓN POPULAR,11.716,9.776,1826843,PERU,2026-04-21T18:00:05.195271+00:00,18686416,15592681,67527
87081,93.872,92766,2211157,2026-04-21T13:00:06.106188+00:00,428,950925,0.097,KEIKO SOFIA FUJIMORI HIGUCHI,17.047,2696638,16002918,ROBERTO HELBERT SANCHEZ PALOMINO,10,JUNTOS POR EL PERÚ,12.012,10.011,1900198,07845838,RAFAEL BERNARDO LÓPEZ ALIAGA CAZORLA,35,RENOVACIÓN POPULAR,11.915,9.93,1884727,TOTAL,2026-04-21T18:00:05.236331+00:00,18980615,15818533,15471
1817,95.632,1900,50645,2026-04-21T13:00:07.411862+00:00,429,18064,28.621,ROBERTO HELBERT SANCHEZ PALOMINO,31.354,85493,16002918,ROBERTO HELBERT SANCHEZ PALOMINO,10,JUNTOS POR EL PERÚ,31.354,25.044,85493,07845838,RAFAEL BERNARDO LÓPEZ ALIAGA CAZORLA,35,RENOVACIÓN POPULAR,2.733,2.183,7452,050000,2026-04-21T18:00:06.835388+00:00,341376,272667,78041
27881,95.329,29247,529069,2026-04-21T13:00:09.060623+00:00,430,243526,-16.66,RAFAEL BERNARDO LÓPEZ ALIAGA CAZORLA,19.929,1158763,16002918,ROBERTO HELBERT SANCHEZ PALOMINO,10,JUNTOS POR EL PERÚ,3.269,2.886,190078,07845838,RAFAEL BERNARDO LÓPEZ ALIAGA CAZORLA,35,RENOVACIÓN POPULAR,19.929,17.592,1158763,140000,2026-04-21T18:00:08.547426+00:00,6586997,5814402,-968685
87102,93.894,92766,2211157,2026-04-21T13:15:03.175463+00:00,431,950925,0.097,KEIKO SOFIA FUJIMORI HIGUCHI,17.047,2696638,16002918,ROBERTO HELBERT SANCHEZ PALOMINO,10,JUNTOS POR EL PERÚ,12.012,10.011,1900198,07845838,RAFAEL BERNARDO LÓPEZ ALIAGA CAZORLA,35,RENOVACIÓN POPULAR,11.915,9.93,1884727,TOTAL,2026-04-21T18:15:02.761858+00:00,18980615,15818533,15471
85222,94.457,90223,2157634,2026-04-21T13:15:03.639143+00:00,432,936101,0.433,KEIKO SOFIA FUJIMORI HIGUCHI,17.054,2659117,16002918,ROBERTO HELBERT SANCHEZ PALOMINO,10,JUNTOS POR EL PERÚ,12.149,10.138,1894370,07845838,RAFAEL BERNARDO LÓPEZ ALIAGA CAZORLA,35,RENOVACIÓN POPULAR,11.716,9.776,1826843,PERU,2026-04-21T18:15:02.803252+00:00,18686416,15592681,67527
1824,96.0,1900,50645,2026-04-21T13:15:04.955068+00:00,433,18064,28.621,ROBERTO HELBERT SANCHEZ PALOMINO,31.354,85493,16002918,ROBERTO HELBERT SANCHEZ PALOMINO,10,JUNTOS POR EL PERÚ,31.354,25.044,85493,07845838,RAFAEL BERNARDO LÓPEZ ALIAGA CAZORLA,35,RENOVACIÓN POPULAR,2.733,2.183,7452,050000,2026-04-21T18:15:04.366169+00:00,341376,272667,78041
5001,94.323,5302,150071,2026-04-21T13:15:06.340528+00:00,434,68946,1.153,KEIKO SOFIA FUJIMORI HIGUCHI,20.211,178245,16002918,ROBERTO HELBERT SANCHEZ PALOMINO,10,JUNTOS POR EL PERÚ,9.374,7.509,82670,07845838,RAFAEL BERNARDO LÓPEZ ALIAGA CAZORLA,35,RENOVACIÓN POPULAR,8.221,6.586,72505,120000,2026-04-21T18:15:05.732904+00:00,1100947,881930,10165
27887,95.35,29247,529069,2026-04-21T13:15:07.214303+00:00,435,243526,-16.66,RAFAEL BERNARDO LÓPEZ ALIAGA CAZORLA,19.929,1158763,16002918,ROBERTO HELBERT SANCHEZ PALOMINO,10,JUNTOS POR EL PERÚ,3.269,2.886,190078,07845838,RAFAEL BERNARDO LÓPEZ ALIAGA CAZORLA,35,RENOVACIÓN POPULAR,19.929,17.592,1158763,140000,2026-04-21T18:15:06.143107+00:00,6586997,5814402,-968685
27887,95.35,29247,529249,2026-04-21T14:30:08.217141+00:00,436,243628,-16.655,RAFAEL BERNARDO LÓPEZ ALIAGA CAZORLA,19.926,1158957,16002918,ROBERTO HELBERT SANCHEZ PALOMINO,10,JUNTOS POR EL PERÚ,3.271,2.887,190251,07845838,RAFAEL BERNARDO LÓPEZ ALIAGA CAZORLA,35,RENOVACIÓN POPULAR,19.926,17.589,1158957,140000,2026-04-21T19:30:07.658556+00:00,6589044,5816167,-968706
85222,94.457,90223,2157814,2026-04-21T14:45:03.210978+00:00,437,936203,0.433,KEIKO SOFIA FUJIMORI HIGUCHI,17.054,2659486,16002918,ROBERTO HELBERT SANCHEZ PALOMINO,10,JUNTOS POR EL PERÚ,12.149,10.138,1894543,07845838,RAFAEL BERNARDO LÓPEZ ALIAGA CAZORLA,35,RENOVACIÓN POPULAR,11.716,9.776,1827037,PERU,2026-04-21T19:45:02.895398+00:00,18688463,15594446,67506
87112,93.905,92766,2211337,2026-04-21T14:45:03.585315+00:00,438,951027,0.097,KEIKO SOFIA FUJIMORI HIGUCHI,17.048,2697007,16002918,ROBERTO HELBERT SANCHEZ PALOMINO,10,JUNTOS POR EL PERÚ,12.012,10.011,1900371,07845838,RAFAEL BERNARDO LÓPEZ ALIAGA CAZORLA,35,RENOVACIÓN POPULAR,11.915,9.93,1884921,TOTAL,2026-04-21T19:45:02.936811+00:00,18982662,15820298,15450
90449,97.502,92766,2308581,2026-05-02T17:45:04.415549+00:00,1466,1000907,0.168,KEIKO SOFIA FUJIMORI HIGUCHI,17.121,2802831,16002918,ROBERTO HELBERT SANCHEZ PALOMINO,10,JUNTOS POR EL PERÚ,12.047,10.022,1972248,07845838,RAFAEL BERNARDO LÓPEZ ALIAGA CAZORLA,35,RENOVACIÓN POPULAR,11.879,9.881,1944683,TOTAL,2026-05-02T22:45:03.379388+00:00,19680116,16370628,27565
88086,97.631,90223,2239485,2026-05-02T17:45:04.7207+00:00,1467,979880,0.575,KEIKO SOFIA FUJIMORI HIGUCHI,17.126,2754166,16002918,ROBERTO HELBERT SANCHEZ PALOMINO,10,JUNTOS POR EL PERÚ,12.217,10.179,1964771,07845838,RAFAEL BERNARDO LÓPEZ ALIAGA CAZORLA,35,RENOVACIÓN POPULAR,11.642,9.7,1872237,PERU,2026-05-02T22:45:03.380832+00:00,19301446,16082081,92534
2349,96.152,2443,68567,2026-05-02T17:45:06.392108+00:00,1468,27815,-1.698,KEIKO SOFIA FUJIMORI HIGUCHI,20.297,94264,16002918,ROBERTO HELBERT SANCHEZ PALOMINO,10,JUNTOS POR EL PERÚ,7.719,6.392,35847,07845838,RAFAEL BERNARDO LÓPEZ ALIAGA CAZORLA,35,RENOVACIÓN POPULAR,9.417,7.798,43733,100000,2026-05-02T22:45:06.007857+00:00,560794,464412,-7886
1461,93.414,1564,54781,2026-05-02T17:45:08.411726+00:00,1469,16113,7.101,KEIKO SOFIA FUJIMORI HIGUCHI,29.594,62763,16002918,ROBERTO HELBERT SANCHEZ PALOMINO,10,JUNTOS POR EL PERÚ,12.784,9.581,27112,07845838,RAFAEL BERNARDO LÓPEZ ALIAGA CAZORLA,35,RENOVACIÓN POPULAR,5.683,4.259,12053,250000,2026-05-02T22:45:08.21028+00:00,282973,212079,15059
90636,97.704,92766,2314800,2026-05-02T23:45:03.933213+00:00,1508,1003669,0.164,KEIKO SOFIA FUJIMORI HIGUCHI,17.131,2809499,16002918,ROBERTO HELBERT SANCHEZ PALOMINO,10,JUNTOS POR EL PERÚ,12.042,10.016,1974963,07845838,RAFAEL BERNARDO LÓPEZ ALIAGA CAZORLA,35,RENOVACIÓN POPULAR,11.878,9.879,1948072,TOTAL,2026-05-03T04:45:03.164271+00:00,19718908,16400439,26891
88228,97.789,90223,2244329,2026-05-02T23:45:04.255866+00:00,1509,981885,0.576,KEIKO SOFIA FUJIMORI HIGUCHI,17.135,2759972,16002918,ROBERTO HELBERT SANCHEZ PALOMINO,10,JUNTOS POR EL PERÚ,12.214,10.176,1967374,07845838,RAFAEL BERNARDO LÓPEZ ALIAGA CAZORLA,35,RENOVACIÓN POPULAR,11.638,9.696,1874631,PERU,2026-05-03T04:45:03.205628+00:00,19333472,16107258,92743
4203,99.715,4215,74782,2026-05-02T23:45:05.109381+00:00,1510,38799,-0.505,JORGE NIETO MONTESINOS,18.634,163545,16002918,ROBERTO HELBERT SANCHEZ PALOMINO,10,JUNTOS POR EL PERÚ,10.09,8.934,88559,07845838,RAFAEL BERNARDO LÓPEZ ALIAGA CAZORLA,35,RENOVACIÓN POPULAR,10.595,9.381,92992,040000,2026-05-03T04:45:04.691334+00:00,991266,877685,-4433
4186,98.726,4240,122999,2026-05-02T23:45:05.519788+00:00,1511,53097,38.392,ROBERTO HELBERT SANCHEZ PALOMINO,41.638,265422,16002918,ROBERTO HELBERT SANCHEZ PALOMINO,10,JUNTOS POR EL PERÚ,41.638,32.625,265422,07845838,RAFAEL BERNARDO LÓPEZ ALIAGA CAZORLA,35,RENOVACIÓN POPULAR,3.246,2.543,20689,060000,2026-05-03T04:45:04.973114+00:00,813554,637458,244733
90675,97.746,92766,2316678,2026-05-03T19:00:06.764731+00:00,1537,1004406,0.171,KEIKO SOFIA FUJIMORI HIGUCHI,17.131,2810899,16002918,ROBERTO HELBERT SANCHEZ PALOMINO,10,JUNTOS POR EL PERÚ,12.047,10.019,1976665,07845838,RAFAEL BERNARDO LÓPEZ ALIAGA CAZORLA,35,RENOVACIÓN POPULAR,11.876,9.877,1948555,TOTAL,2026-05-04T00:00:06.184565+00:00,19728894,16407810,28110
88271,97.836,90223,2246207,2026-05-03T19:00:07.114733+00:00,1538,982622,0.583,KEIKO SOFIA FUJIMORI HIGUCHI,17.136,2761372,16002918,ROBERTO HELBERT SANCHEZ PALOMINO,10,JUNTOS POR EL PERÚ,12.219,10.18,1969076,07845838,RAFAEL BERNARDO LÓPEZ ALIAGA CAZORLA,35,RENOVACIÓN POPULAR,11.636,9.694,1875114,PERU,2026-05-04T00:00:06.193149+00:00,19343458,16114629,93962
5270,99.396,5302,158865,2026-05-03T19:00:09.199685+00:00,1539,73661,1.305,KEIKO SOFIA FUJIMORI HIGUCHI,20.257,188247,16002918,ROBERTO HELBERT SANCHEZ PALOMINO,10,JUNTOS POR EL PERÚ,9.482,7.584,88113,07845838,RAFAEL BERNARDO LÓPEZ ALIAGA CAZORLA,35,RENOVACIÓN POPULAR,8.177,6.54,75987,120000,2026-05-04T00:00:08.773475+00:00,1161824,929298,12126
793,98.878,802,21914,2026-05-03T19:00:10.37439+00:00,1540,7955,12.058,KEIKO SOFIA FUJIMORI HIGUCHI,18.796,21566,16002918,ROBERTO HELBERT SANCHEZ PALOMINO,10,JUNTOS POR EL PERÚ,18.649,14.797,21398,07845838,RAFAEL BERNARDO LÓPEZ ALIAGA CAZORLA,35,RENOVACIÓN POPULAR,6.591,5.229,7562,180000,2026-05-04T00:00:09.843102+00:00,144608,114739,13836
2846,98.206,2898,61361,2026-05-03T19:00:11.289407+00:00,1541,29212,-12.023,KEIKO SOFIA FUJIMORI HIGUCHI,20.667,117588,16002918,ROBERTO HELBERT SANCHEZ PALOMINO,10,JUNTOS POR EL PERÚ,3.006,2.593,17102,07845838,RAFAEL BERNARDO LÓPEZ ALIAGA CAZORLA,35,RENOVACIÓN POPULAR,15.029,12.965,85511,240000,2026-05-04T00:00:10.867741+00:00,659537,568964,-68409
88289,97.856,90223,2246304,2026-05-04T01:45:04.121213+00:00,1563,982661,0.582,KEIKO SOFIA FUJIMORI HIGUCHI,17.136,2761560,16002918,ROBERTO HELBERT SANCHEZ PALOMINO,10,JUNTOS POR EL PERÚ,12.219,10.179,1969104,07845838,RAFAEL BERNARDO LÓPEZ ALIAGA CAZORLA,35,RENOVACIÓN POPULAR,11.637,9.694,1875313,PERU,2026-05-04T06:45:03.233058+00:00,19344601,16115636,93791
90693,97.765,92766,2316775,2026-05-04T01:45:04.369649+00:00,1564,1004445,0.171,KEIKO SOFIA FUJIMORI HIGUCHI,17.132,2811087,16002918,ROBERTO HELBERT SANCHEZ PALOMINO,10,JUNTOS POR EL PERÚ,12.047,10.019,1976693,07845838,RAFAEL BERNARDO LÓPEZ ALIAGA CAZORLA,35,RENOVACIÓN POPULAR,11.876,9.877,1948754,TOTAL,2026-05-04T06:45:03.27529+00:00,19730037,16408817,27939
28485,97.395,29247,541605,2026-05-04T01:45:06.616514+00:00,1565,251334,-16.608,RAFAEL BERNARDO LÓPEZ ALIAGA CAZORLA,19.891,1180527,16002918,ROBERTO HELBERT SANCHEZ PALOMINO,10,JUNTOS POR EL PERÚ,3.283,2.896,194870,07845838,RAFAEL BERNARDO LÓPEZ ALIAGA CAZORLA,35,RENOVACIÓN POPULAR,19.891,17.547,1180527,140000,2026-05-04T06:45:06.202967+00:00,6727960,5935021,-985657
90727,97.802,92766,2317555,2026-05-04T14:00:06.788827+00:00,1589,1004710,0.16,KEIKO SOFIA FUJIMORI HIGUCHI,17.132,2812381,16002918,ROBERTO HELBERT SANCHEZ PALOMINO,10,JUNTOS POR EL PERÚ,12.042,10.015,1976898,07845838,RAFAEL BERNARDO LÓPEZ ALIAGA CAZORLA,35,RENOVACIÓN POPULAR,11.882,9.882,1950654,TOTAL,2026-05-04T19:00:05.943229+00:00,19738598,16416333,26244
88323,97.894,90223,2247084,2026-05-04T14:00:07.239191+00:00,1590,982926,0.571,KEIKO SOFIA FUJIMORI HIGUCHI,17.136,2762854,16002918,ROBERTO HELBERT SANCHEZ PALOMINO,10,JUNTOS POR EL PERÚ,12.214,10.176,1969309,07845838,RAFAEL BERNARDO LÓPEZ ALIAGA CAZORLA,35,RENOVACIÓN POPULAR,11.643,9.7,1877213,PERU,2026-05-04T19:00:05.944684+00:00,19353162,16123152,92096
90766,97.844,92766,2318463,2026-05-04T19:45:04.204701+00:00,1610,1005309,0.157,KEIKO SOFIA FUJIMORI HIGUCHI,17.135,2813973,16002918,ROBERTO HELBERT SANCHEZ PALOMINO,10,JUNTOS POR EL PERÚ,12.039,10.013,1977147,07845838,RAFAEL BERNARDO LÓPEZ ALIAGA CAZORLA,35,RENOVACIÓN POPULAR,11.882,9.882,1951250,TOTAL,2026-05-05T00:45:03.329136+00:00,19746122,16422350,25897
88362,97.937,90223,2247992,2026-05-04T19:45:04.489758+00:00,1611,983525,0.569,KEIKO SOFIA FUJIMORI HIGUCHI,17.139,2764446,16002918,ROBERTO HELBERT SANCHEZ PALOMINO,10,JUNTOS POR EL PERÚ,12.211,10.173,1969558,07845838,RAFAEL BERNARDO LÓPEZ ALIAGA CAZORLA,35,RENOVACIÓN POPULAR,11.642,9.699,1877809,PERU,2026-05-05T00:45:03.371645+00:00,19360686,16129169,91749
3404,98.041,3472,102270,2026-05-04T19:45:05.126966+00:00,1612,48799,8.91,KEIKO SOFIA FUJIMORI HIGUCHI,17.949,95679,16002918,ROBERTO HELBERT SANCHEZ PALOMINO,10,JUNTOS POR EL PERÚ,14.95,11.649,79693,07845838,RAFAEL BERNARDO LÓPEZ ALIAGA CAZORLA,35,RENOVACIÓN POPULAR,6.04,4.706,32196,020000,2026-05-05T00:45:04.670682+00:00,684122,533053,47497
27897,95.384,29247,529249,2026-04-21T14:45:06.637081+00:00,439,243628,-16.655,RAFAEL BERNARDO LÓPEZ ALIAGA CAZORLA,19.926,1158957,16002918,ROBERTO HELBERT SANCHEZ PALOMINO,10,JUNTOS POR EL PERÚ,3.271,2.887,190251,07845838,RAFAEL BERNARDO LÓPEZ ALIAGA CAZORLA,35,RENOVACIÓN POPULAR,19.926,17.589,1158957,140000,2026-04-21T19:45:06.024453+00:00,6589044,5816167,-968706
85232,94.468,90223,2157814,2026-04-21T15:00:05.579968+00:00,440,936203,0.433,KEIKO SOFIA FUJIMORI HIGUCHI,17.054,2659486,16002918,ROBERTO HELBERT SANCHEZ PALOMINO,10,JUNTOS POR EL PERÚ,12.149,10.138,1894543,07845838,RAFAEL BERNARDO LÓPEZ ALIAGA CAZORLA,35,RENOVACIÓN POPULAR,11.716,9.776,1827037,PERU,2026-04-21T20:00:04.914143+00:00,18688463,15594446,67506
87119,93.913,92766,2211499,2026-04-21T16:30:04.993396+00:00,441,951180,0.097,KEIKO SOFIA FUJIMORI HIGUCHI,17.048,2697168,16002918,ROBERTO HELBERT SANCHEZ PALOMINO,10,JUNTOS POR EL PERÚ,12.012,10.011,1900405,07845838,RAFAEL BERNARDO LÓPEZ ALIAGA CAZORLA,35,RENOVACIÓN POPULAR,11.915,9.93,1885100,TOTAL,2026-04-21T21:30:04.259474+00:00,18983767,15821088,15305
1887,74.204,2543,53685,2026-04-21T16:30:05.602724+00:00,442,14977,-23.033,RAFAEL BERNARDO LÓPEZ ALIAGA CAZORLA,25.619,58063,16002918,ROBERTO HELBERT SANCHEZ PALOMINO,10,JUNTOS POR EL PERÚ,2.586,1.985,5862,07845838,RAFAEL BERNARDO LÓPEZ ALIAGA CAZORLA,35,RENOVACIÓN POPULAR,25.619,19.662,58063,EXTRANJERO,2026-04-21T21:30:04.356834+00:00,295304,226642,-52201
87119,93.913,92766,2212748,2026-04-21T17:00:05.587395+00:00,443,951641,0.1,KEIKO SOFIA FUJIMORI HIGUCHI,17.048,2698000,16002918,ROBERTO HELBERT SANCHEZ PALOMINO,10,JUNTOS POR EL PERÚ,12.014,10.012,1901297,07845838,RAFAEL BERNARDO LÓPEZ ALIAGA CAZORLA,35,RENOVACIÓN POPULAR,11.914,9.929,1885463,TOTAL,2026-04-21T22:00:05.207296+00:00,18990333,15825944,15834
85232,94.468,90223,2158780,2026-04-21T17:00:06.002574+00:00,444,936532,0.437,KEIKO SOFIA FUJIMORI HIGUCHI,17.054,2660038,16002918,ROBERTO HELBERT SANCHEZ PALOMINO,10,JUNTOS POR EL PERÚ,12.151,10.139,1895397,07845838,RAFAEL BERNARDO LÓPEZ ALIAGA CAZORLA,35,RENOVACIÓN POPULAR,11.714,9.775,1827222,PERU,2026-04-21T22:00:05.249022+00:00,18693438,15598126,68175
1887,74.204,2543,53968,2026-04-21T17:00:06.366163+00:00,445,15109,-22.975,RAFAEL BERNARDO LÓPEZ ALIAGA CAZORLA,25.565,58241,16002918,ROBERTO HELBERT SANCHEZ PALOMINO,10,JUNTOS POR EL PERÚ,2.59,1.987,5900,07845838,RAFAEL BERNARDO LÓPEZ ALIAGA CAZORLA,35,RENOVACIÓN POPULAR,25.565,19.617,58241,EXTRANJERO,2026-04-21T22:00:05.309362+00:00,296895,227818,-52341
2302,85.354,2697,73423,2026-04-21T17:00:09.559803+00:00,446,22536,3.423,KEIKO SOFIA FUJIMORI HIGUCHI,27.909,82601,16002918,ROBERTO HELBERT SANCHEZ PALOMINO,10,JUNTOS POR EL PERÚ,10.162,7.674,30077,07845838,RAFAEL BERNARDO LÓPEZ ALIAGA CAZORLA,35,RENOVACIÓN POPULAR,6.739,5.089,19946,150000,2026-04-21T22:00:08.869867+00:00,391925,295966,10131
992,95.293,1041,18008,2026-04-21T17:00:11.552301+00:00,447,8713,5.664,RICARDO PABLO BELMONT CASSINELLI,14.584,30710,16002918,ROBERTO HELBERT SANCHEZ PALOMINO,10,JUNTOS POR EL PERÚ,11.882,10.544,25020,07845838,RAFAEL BERNARDO LÓPEZ ALIAGA CAZORLA,35,RENOVACIÓN POPULAR,6.218,5.518,13094,220000,2026-04-21T22:00:10.792929+00:00,237296,210575,11926
87153,93.949,92766,2212748,2026-04-21T17:15:03.643599+00:00,448,951641,0.1,KEIKO SOFIA FUJIMORI HIGUCHI,17.048,2698000,16002918,ROBERTO HELBERT SANCHEZ PALOMINO,10,JUNTOS POR EL PERÚ,12.014,10.012,1901297,07845838,RAFAEL BERNARDO LÓPEZ ALIAGA CAZORLA,35,RENOVACIÓN POPULAR,11.914,9.929,1885463,TOTAL,2026-04-21T22:15:02.919578+00:00,18990333,15825944,15834
85258,94.497,90223,2158780,2026-04-21T17:15:04.04358+00:00,449,936532,0.437,KEIKO SOFIA FUJIMORI HIGUCHI,17.054,2660038,16002918,ROBERTO HELBERT SANCHEZ PALOMINO,10,JUNTOS POR EL PERÚ,12.151,10.139,1895397,07845838,RAFAEL BERNARDO LÓPEZ ALIAGA CAZORLA,35,RENOVACIÓN POPULAR,11.714,9.775,1827222,PERU,2026-04-21T22:15:02.921059+00:00,18693438,15598126,68175
1895,74.518,2543,53968,2026-04-21T17:15:04.343836+00:00,450,15109,-22.975,RAFAEL BERNARDO LÓPEZ ALIAGA CAZORLA,25.565,58241,16002918,ROBERTO HELBERT SANCHEZ PALOMINO,10,JUNTOS POR EL PERÚ,2.59,1.987,5900,07845838,RAFAEL BERNARDO LÓPEZ ALIAGA CAZORLA,35,RENOVACIÓN POPULAR,25.565,19.617,58241,EXTRANJERO,2026-04-21T22:15:03.745028+00:00,296895,227818,-52341
2325,86.207,2697,73423,2026-04-21T17:15:07.30994+00:00,451,22536,3.423,KEIKO SOFIA FUJIMORI HIGUCHI,27.909,82601,16002918,ROBERTO HELBERT SANCHEZ PALOMINO,10,JUNTOS POR EL PERÚ,10.162,7.674,30077,07845838,RAFAEL BERNARDO LÓPEZ ALIAGA CAZORLA,35,RENOVACIÓN POPULAR,6.739,5.089,19946,150000,2026-04-21T22:15:06.687907+00:00,391925,295966,10131
87153,93.949,92766,2213836,2026-04-21T18:00:05.659892+00:00,452,952100,0.097,KEIKO SOFIA FUJIMORI HIGUCHI,17.048,2699288,16002918,ROBERTO HELBERT SANCHEZ PALOMINO,10,JUNTOS POR EL PERÚ,12.011,10.01,1901805,07845838,RAFAEL BERNARDO LÓPEZ ALIAGA CAZORLA,35,RENOVACIÓN POPULAR,11.914,9.929,1886472,TOTAL,2026-04-21T23:00:04.776765+00:00,18999773,15833837,15333
85258,94.497,90223,2159372,2026-04-21T18:00:06.049138+00:00,453,936847,0.437,KEIKO SOFIA FUJIMORI HIGUCHI,17.053,2660982,16002918,ROBERTO HELBERT SANCHEZ PALOMINO,10,JUNTOS POR EL PERÚ,12.15,10.138,1895866,07845838,RAFAEL BERNARDO LÓPEZ ALIAGA CAZORLA,35,RENOVACIÓN POPULAR,11.713,9.774,1827760,PERU,2026-04-21T23:00:04.818538+00:00,18700236,15604017,68106
85286,94.528,90223,2159372,2026-04-21T18:15:03.643086+00:00,454,936847,0.437,KEIKO SOFIA FUJIMORI HIGUCHI,17.053,2660982,16002918,ROBERTO HELBERT SANCHEZ PALOMINO,10,JUNTOS POR EL PERÚ,12.15,10.138,1895866,07845838,RAFAEL BERNARDO LÓPEZ ALIAGA CAZORLA,35,RENOVACIÓN POPULAR,11.713,9.774,1827760,PERU,2026-04-21T23:15:03.016849+00:00,18700236,15604017,68106
87196,93.996,92766,2213836,2026-04-21T18:15:04.02861+00:00,455,952100,0.097,KEIKO SOFIA FUJIMORI HIGUCHI,17.048,2699288,16002918,ROBERTO HELBERT SANCHEZ PALOMINO,10,JUNTOS POR EL PERÚ,12.011,10.01,1901805,07845838,RAFAEL BERNARDO LÓPEZ ALIAGA CAZORLA,35,RENOVACIÓN POPULAR,11.914,9.929,1886472,TOTAL,2026-04-21T23:15:03.05838+00:00,18999773,15833837,15333
1910,75.108,2543,54464,2026-04-21T18:15:04.41285+00:00,456,15253,-22.963,RAFAEL BERNARDO LÓPEZ ALIAGA CAZORLA,25.547,58712,16002918,ROBERTO HELBERT SANCHEZ PALOMINO,10,JUNTOS POR EL PERÚ,2.584,1.983,5939,07845838,RAFAEL BERNARDO LÓPEZ ALIAGA CAZORLA,35,RENOVACIÓN POPULAR,25.547,19.601,58712,EXTRANJERO,2026-04-21T23:15:03.114022+00:00,299537,229820,-52773
3219,92.713,3472,96874,2026-04-21T18:15:05.082465+00:00,457,45929,8.895,KEIKO SOFIA FUJIMORI HIGUCHI,18.051,91021,16002918,ROBERTO HELBERT SANCHEZ PALOMINO,10,JUNTOS POR EL PERÚ,14.923,11.63,75248,07845838,RAFAEL BERNARDO LÓPEZ ALIAGA CAZORLA,35,RENOVACIÓN POPULAR,6.028,4.698,30395,020000,2026-04-21T23:15:04.597237+00:00,647042,504239,44853
27910,95.429,29247,529519,2026-04-21T18:15:07.227359+00:00,458,243772,-16.653,RAFAEL BERNARDO LÓPEZ ALIAGA CAZORLA,19.923,1159350,16002918,ROBERTO HELBERT SANCHEZ PALOMINO,10,JUNTOS POR EL PERÚ,3.27,2.887,190297,07845838,RAFAEL BERNARDO LÓPEZ ALIAGA CAZORLA,35,RENOVACIÓN POPULAR,19.923,17.586,1159350,140000,2026-04-21T23:15:06.79939+00:00,6592337,5819046,-969053
4853,91.895,5281,167996,2026-04-21T18:15:08.285291+00:00,459,76132,4.66,KEIKO SOFIA FUJIMORI HIGUCHI,27.974,226791,16002918,ROBERTO HELBERT SANCHEZ PALOMINO,10,JUNTOS POR EL PERÚ,11.347,8.721,91995,07845838,RAFAEL BERNARDO LÓPEZ ALIAGA CAZORLA,35,RENOVACIÓN POPULAR,6.687,5.139,54209,190000,2026-04-21T23:15:07.723485+00:00,1054846,810718,37786
3305,97.292,3397,75668,2026-04-21T18:15:08.62668+00:00,460,39493,22.862,ROBERTO HELBERT SANCHEZ PALOMINO,24.787,157312,16002918,ROBERTO HELBERT SANCHEZ PALOMINO,10,JUNTOS POR EL PERÚ,24.787,20.98,157312,07845838,RAFAEL BERNARDO LÓPEZ ALIAGA CAZORLA,35,RENOVACIÓN POPULAR,1.925,1.63,12220,200000,2026-04-21T23:15:08.00671+00:00,749811,634650,145092
998,95.869,1041,18109,2026-04-21T18:15:09.139875+00:00,461,8758,5.687,RICARDO PABLO BELMONT CASSINELLI,14.605,30951,16002918,ROBERTO HELBERT SANCHEZ PALOMINO,10,JUNTOS POR EL PERÚ,11.891,10.553,25200,07845838,RAFAEL BERNARDO LÓPEZ ALIAGA CAZORLA,35,RENOVACIÓN POPULAR,6.204,5.506,13147,220000,2026-04-21T23:15:08.444851+00:00,238794,211927,12053
85286,94.528,90223,2159862,2026-04-21T19:00:06.707312+00:00,462,937167,0.437,KEIKO SOFIA FUJIMORI HIGUCHI,17.053,2661674,16002918,ROBERTO HELBERT SANCHEZ PALOMINO,10,JUNTOS POR EL PERÚ,12.149,10.137,1896174,07845838,RAFAEL BERNARDO LÓPEZ ALIAGA CAZORLA,35,RENOVACIÓN POPULAR,11.712,9.773,1828059,PERU,2026-04-22T00:00:05.697009+00:00,18704855,15607826,68115
87196,93.996,92766,2214690,2026-04-21T19:00:07.215588+00:00,463,952644,0.095,KEIKO SOFIA FUJIMORI HIGUCHI,17.048,2700251,16002918,ROBERTO HELBERT SANCHEZ PALOMINO,10,JUNTOS POR EL PERÚ,12.009,10.008,1902153,07845838,RAFAEL BERNARDO LÓPEZ ALIAGA CAZORLA,35,RENOVACIÓN POPULAR,11.914,9.929,1887041,TOTAL,2026-04-22T00:00:05.697657+00:00,19006287,15838953,15112
3421,95.292,3590,95512,2026-04-21T19:00:10.116782+00:00,464,46801,2.043,KEIKO SOFIA FUJIMORI HIGUCHI,26.413,168730,16002918,ROBERTO HELBERT SANCHEZ PALOMINO,10,JUNTOS POR EL PERÚ,10.634,8.697,67932,07845838,RAFAEL BERNARDO LÓPEZ ALIAGA CAZORLA,35,RENOVACIÓN POPULAR,8.591,7.026,54883,130000,2026-04-22T00:00:09.610116+00:00,781136,638823,13049
85306,94.55,90223,2159862,2026-04-21T19:15:04.019942+00:00,465,937167,0.437,KEIKO SOFIA FUJIMORI HIGUCHI,17.053,2661674,16002918,ROBERTO HELBERT SANCHEZ PALOMINO,10,JUNTOS POR EL PERÚ,12.149,10.137,1896174,07845838,RAFAEL BERNARDO LÓPEZ ALIAGA CAZORLA,35,RENOVACIÓN POPULAR,11.712,9.773,1828059,PERU,2026-04-22T00:15:03.233176+00:00,18704855,15607826,68115
87228,94.03,92766,2214690,2026-04-21T19:15:04.417925+00:00,466,952644,0.095,KEIKO SOFIA FUJIMORI HIGUCHI,17.048,2700251,16002918,ROBERTO HELBERT SANCHEZ PALOMINO,10,JUNTOS POR EL PERÚ,12.009,10.008,1902153,07845838,RAFAEL BERNARDO LÓPEZ ALIAGA CAZORLA,35,RENOVACIÓN POPULAR,11.914,9.929,1887041,TOTAL,2026-04-22T00:15:03.282323+00:00,19006287,15838953,15112
1922,75.58,2543,54828,2026-04-21T19:15:04.747239+00:00,467,15477,-22.932,RAFAEL BERNARDO LÓPEZ ALIAGA CAZORLA,25.519,58982,16002918,ROBERTO HELBERT SANCHEZ PALOMINO,10,JUNTOS POR EL PERÚ,2.587,1.984,5979,07845838,RAFAEL BERNARDO LÓPEZ ALIAGA CAZORLA,35,RENOVACIÓN POPULAR,25.519,19.567,58982,EXTRANJERO,2026-04-22T00:15:03.324011+00:00,301432,231127,-53003
3226,92.915,3472,97031,2026-04-21T19:15:05.351178+00:00,468,46087,8.882,KEIKO SOFIA FUJIMORI HIGUCHI,18.042,91200,16002918,ROBERTO HELBERT SANCHEZ PALOMINO,10,JUNTOS POR EL PERÚ,14.91,11.62,75367,07845838,RAFAEL BERNARDO LÓPEZ ALIAGA CAZORLA,35,RENOVACIÓN POPULAR,6.028,4.698,30470,020000,2026-04-22T00:15:04.13273+00:00,648605,505487,44897
3426,95.432,3590,95512,2026-04-21T19:15:07.690401+00:00,469,46801,2.043,KEIKO SOFIA FUJIMORI HIGUCHI,26.413,168730,16002918,ROBERTO HELBERT SANCHEZ PALOMINO,10,JUNTOS POR EL PERÚ,10.634,8.697,67932,07845838,RAFAEL BERNARDO LÓPEZ ALIAGA CAZORLA,35,RENOVACIÓN POPULAR,8.591,7.026,54883,130000,2026-04-22T00:15:06.99655+00:00,781136,638823,13049
556,96.194,578,11508,2026-04-21T19:15:08.521787+00:00,470,5010,7.116,ROBERTO HELBERT SANCHEZ PALOMINO,12.895,14160,16002918,ROBERTO HELBERT SANCHEZ PALOMINO,10,JUNTOS POR EL PERÚ,12.895,11.209,14160,07845838,RAFAEL BERNARDO LÓPEZ ALIAGA CAZORLA,35,RENOVACIÓN POPULAR,5.779,5.024,6346,170000,2026-04-22T00:15:07.977485+00:00,126325,109807,7814
999,95.965,1041,18123,2026-04-21T19:15:09.547494+00:00,471,8763,5.689,RICARDO PABLO BELMONT CASSINELLI,14.618,31014,16002918,ROBERTO HELBERT SANCHEZ PALOMINO,10,JUNTOS POR EL PERÚ,11.89,10.552,25225,07845838,RAFAEL BERNARDO LÓPEZ ALIAGA CAZORLA,35,RENOVACIÓN POPULAR,6.201,5.503,13155,220000,2026-04-22T00:15:08.905376+00:00,239044,212158,12070
2779,95.894,2898,59861,2026-04-21T19:15:09.929309+00:00,472,28074,-11.972,KEIKO SOFIA FUJIMORI HIGUCHI,20.676,114844,16002918,ROBERTO HELBERT SANCHEZ PALOMINO,10,JUNTOS POR EL PERÚ,3.01,2.599,16721,07845838,RAFAEL BERNARDO LÓPEZ ALIAGA CAZORLA,35,RENOVACIÓN POPULAR,14.982,12.935,83219,240000,2026-04-22T00:15:09.338324+00:00,643378,555443,-66498
87228,94.03,92766,2216659,2026-04-21T20:00:05.227655+00:00,473,953449,0.096,KEIKO SOFIA FUJIMORI HIGUCHI,17.047,2701882,16002918,ROBERTO HELBERT SANCHEZ PALOMINO,10,JUNTOS POR EL PERÚ,12.009,10.007,1903370,07845838,RAFAEL BERNARDO LÓPEZ ALIAGA CAZORLA,35,RENOVACIÓN POPULAR,11.913,9.927,1888160,TOTAL,2026-04-22T01:00:04.556735+00:00,19019526,15849418,15210
85306,94.55,90223,2161170,2026-04-21T20:00:05.647552+00:00,474,937829,0.439,KEIKO SOFIA FUJIMORI HIGUCHI,17.052,2662946,16002918,ROBERTO HELBERT SANCHEZ PALOMINO,10,JUNTOS POR EL PERÚ,12.15,10.138,1897339,07845838,RAFAEL BERNARDO LÓPEZ ALIAGA CAZORLA,35,RENOVACIÓN POPULAR,11.711,9.771,1828772,PERU,2026-04-22T01:00:04.598155+00:00,18715501,15616502,68567
5014,94.568,5302,150520,2026-04-21T20:00:08.506102+00:00,475,69133,1.164,KEIKO SOFIA FUJIMORI HIGUCHI,20.213,178694,16002918,ROBERTO HELBERT SANCHEZ PALOMINO,10,JUNTOS POR EL PERÚ,9.378,7.512,82907,07845838,RAFAEL BERNARDO LÓPEZ ALIAGA CAZORLA,35,RENOVACIÓN POPULAR,8.214,6.58,72620,120000,2026-04-22T01:00:07.802614+00:00,1103722,884069,10287
3426,95.432,3590,95653,2026-04-21T20:00:08.990577+00:00,476,46904,2.021,KEIKO SOFIA FUJIMORI HIGUCHI,26.406,169007,16002918,ROBERTO HELBERT SANCHEZ PALOMINO,10,JUNTOS POR EL PERÚ,10.625,8.69,68004,07845838,RAFAEL BERNARDO LÓPEZ ALIAGA CAZORLA,35,RENOVACIÓN POPULAR,8.604,7.037,55068,130000,2026-04-22T01:00:08.002262+00:00,782578,640021,12936
27911,95.432,29247,529519,2026-04-21T20:00:09.50678+00:00,477,243772,-16.653,RAFAEL BERNARDO LÓPEZ ALIAGA CAZORLA,19.923,1159350,16002918,ROBERTO HELBERT SANCHEZ PALOMINO,10,JUNTOS POR EL PERÚ,3.27,2.887,190297,07845838,RAFAEL BERNARDO LÓPEZ ALIAGA CAZORLA,35,RENOVACIÓN POPULAR,19.923,17.586,1159350,140000,2026-04-22T01:00:08.210963+00:00,6592337,5819046,-969053
87293,94.1,92766,2216659,2026-04-21T20:15:03.501817+00:00,478,953449,0.096,KEIKO SOFIA FUJIMORI HIGUCHI,17.047,2701882,16002918,ROBERTO HELBERT SANCHEZ PALOMINO,10,JUNTOS POR EL PERÚ,12.009,10.007,1903370,07845838,RAFAEL BERNARDO LÓPEZ ALIAGA CAZORLA,35,RENOVACIÓN POPULAR,11.913,9.927,1888160,TOTAL,2026-04-22T01:15:02.667993+00:00,19019526,15849418,15210
85356,94.606,90223,2161170,2026-04-21T20:15:04.119474+00:00,479,937829,0.439,KEIKO SOFIA FUJIMORI HIGUCHI,17.052,2662946,16002918,ROBERTO HELBERT SANCHEZ PALOMINO,10,JUNTOS POR EL PERÚ,12.15,10.138,1897339,07845838,RAFAEL BERNARDO LÓPEZ ALIAGA CAZORLA,35,RENOVACIÓN POPULAR,11.711,9.771,1828772,PERU,2026-04-22T01:15:02.709049+00:00,18715501,15616502,68567
1937,76.17,2543,55489,2026-04-21T20:15:05.378584+00:00,480,15620,-22.909,RAFAEL BERNARDO LÓPEZ ALIAGA CAZORLA,25.498,59388,16002918,ROBERTO HELBERT SANCHEZ PALOMINO,10,JUNTOS POR EL PERÚ,2.589,1.984,6031,07845838,RAFAEL BERNARDO LÓPEZ ALIAGA CAZORLA,35,RENOVACIÓN POPULAR,25.498,19.534,59388,EXTRANJERO,2026-04-22T01:15:02.7689+00:00,304025,232916,-53357
1839,96.789,1900,51082,2026-04-21T20:15:06.44275+00:00,481,18249,28.634,ROBERTO HELBERT SANCHEZ PALOMINO,31.36,86168,16002918,ROBERTO HELBERT SANCHEZ PALOMINO,10,JUNTOS POR EL PERÚ,31.36,25.042,86168,07845838,RAFAEL BERNARDO LÓPEZ ALIAGA CAZORLA,35,RENOVACIÓN POPULAR,2.726,2.177,7490,050000,2026-04-22T01:15:05.869757+00:00,344100,274769,78678
3432,95.599,3590,95653,2026-04-21T20:15:07.90083+00:00,482,46904,2.021,KEIKO SOFIA FUJIMORI HIGUCHI,26.406,169007,16002918,ROBERTO HELBERT SANCHEZ PALOMINO,10,JUNTOS POR EL PERÚ,10.625,8.69,68004,07845838,RAFAEL BERNARDO LÓPEZ ALIAGA CAZORLA,35,RENOVACIÓN POPULAR,8.604,7.037,55068,130000,2026-04-22T01:15:07.388928+00:00,782578,640021,12936
27911,95.432,29247,529551,2026-04-21T20:15:08.420681+00:00,483,243780,-16.653,RAFAEL BERNARDO LÓPEZ ALIAGA CAZORLA,19.923,1159380,16002918,ROBERTO HELBERT SANCHEZ PALOMINO,10,JUNTOS POR EL PERÚ,3.27,2.887,190302,07845838,RAFAEL BERNARDO LÓPEZ ALIAGA CAZORLA,35,RENOVACIÓN POPULAR,19.923,17.586,1159380,140000,2026-04-22T01:15:07.555831+00:00,6592573,5819242,-969078
88086,97.631,90223,2241273,2026-05-02T18:30:05.49067+00:00,1470,980490,0.576,KEIKO SOFIA FUJIMORI HIGUCHI,17.13,2756262,16002918,ROBERTO HELBERT SANCHEZ PALOMINO,10,JUNTOS POR EL PERÚ,12.217,10.179,1965748,07845838,RAFAEL BERNARDO LÓPEZ ALIAGA CAZORLA,35,RENOVACIÓN POPULAR,11.641,9.699,1873124,PERU,2026-05-02T23:30:05.078607+00:00,19312174,16090411,92624
88232,97.793,90223,2244329,2026-05-03T00:00:06.310576+00:00,1512,981885,0.576,KEIKO SOFIA FUJIMORI HIGUCHI,17.135,2759972,16002918,ROBERTO HELBERT SANCHEZ PALOMINO,10,JUNTOS POR EL PERÚ,12.214,10.176,1967374,07845838,RAFAEL BERNARDO LÓPEZ ALIAGA CAZORLA,35,RENOVACIÓN POPULAR,11.638,9.696,1874631,PERU,2026-05-03T05:00:05.58327+00:00,19333472,16107258,92743
88284,97.851,90223,2246207,2026-05-03T19:15:04.264155+00:00,1542,982622,0.583,KEIKO SOFIA FUJIMORI HIGUCHI,17.136,2761372,16002918,ROBERTO HELBERT SANCHEZ PALOMINO,10,JUNTOS POR EL PERÚ,12.219,10.18,1969076,07845838,RAFAEL BERNARDO LÓPEZ ALIAGA CAZORLA,35,RENOVACIÓN POPULAR,11.636,9.694,1875114,PERU,2026-05-04T00:15:03.492754+00:00,19343458,16114629,93962
90688,97.76,92766,2316678,2026-05-03T19:15:04.628095+00:00,1543,1004406,0.171,KEIKO SOFIA FUJIMORI HIGUCHI,17.131,2810899,16002918,ROBERTO HELBERT SANCHEZ PALOMINO,10,JUNTOS POR EL PERÚ,12.047,10.019,1976665,07845838,RAFAEL BERNARDO LÓPEZ ALIAGA CAZORLA,35,RENOVACIÓN POPULAR,11.876,9.877,1948555,TOTAL,2026-05-04T00:15:03.534662+00:00,19728894,16407810,28110
5281,99.604,5302,158865,2026-05-03T19:15:06.843225+00:00,1544,73661,1.305,KEIKO SOFIA FUJIMORI HIGUCHI,20.257,188247,16002918,ROBERTO HELBERT SANCHEZ PALOMINO,10,JUNTOS POR EL PERÚ,9.482,7.584,88113,07845838,RAFAEL BERNARDO LÓPEZ ALIAGA CAZORLA,35,RENOVACIÓN POPULAR,8.177,6.54,75987,120000,2026-05-04T00:15:06.308212+00:00,1161824,929298,12126
794,99.002,802,21914,2026-05-03T19:15:07.904469+00:00,1545,7955,12.058,KEIKO SOFIA FUJIMORI HIGUCHI,18.796,21566,16002918,ROBERTO HELBERT SANCHEZ PALOMINO,10,JUNTOS POR EL PERÚ,18.649,14.797,21398,07845838,RAFAEL BERNARDO LÓPEZ ALIAGA CAZORLA,35,RENOVACIÓN POPULAR,6.591,5.229,7562,180000,2026-05-04T00:15:07.423169+00:00,144608,114739,13836
2847,98.24,2898,61361,2026-05-03T19:15:09.000145+00:00,1546,29212,-12.023,KEIKO SOFIA FUJIMORI HIGUCHI,20.667,117588,16002918,ROBERTO HELBERT SANCHEZ PALOMINO,10,JUNTOS POR EL PERÚ,3.006,2.593,17102,07845838,RAFAEL BERNARDO LÓPEZ ALIAGA CAZORLA,35,RENOVACIÓN POPULAR,15.029,12.965,85511,240000,2026-05-04T00:15:08.506875+00:00,659537,568964,-68409
88289,97.856,90223,2246592,2026-05-04T02:30:05.620928+00:00,1566,982748,0.572,KEIKO SOFIA FUJIMORI HIGUCHI,17.135,2762220,16002918,ROBERTO HELBERT SANCHEZ PALOMINO,10,JUNTOS POR EL PERÚ,12.215,10.177,1969145,07845838,RAFAEL BERNARDO LÓPEZ ALIAGA CAZORLA,35,RENOVACIÓN POPULAR,11.643,9.699,1876802,PERU,2026-05-04T07:30:05.133386+00:00,19349534,16120194,92343
88327,97.899,90223,2247084,2026-05-04T14:15:04.112439+00:00,1591,982926,0.571,KEIKO SOFIA FUJIMORI HIGUCHI,17.136,2762854,16002918,ROBERTO HELBERT SANCHEZ PALOMINO,10,JUNTOS POR EL PERÚ,12.214,10.176,1969309,07845838,RAFAEL BERNARDO LÓPEZ ALIAGA CAZORLA,35,RENOVACIÓN POPULAR,11.643,9.7,1877213,PERU,2026-05-04T19:15:03.238079+00:00,19353162,16123152,92096
90731,97.806,92766,2317555,2026-05-04T14:15:04.546286+00:00,1592,1004710,0.16,KEIKO SOFIA FUJIMORI HIGUCHI,17.132,2812381,16002918,ROBERTO HELBERT SANCHEZ PALOMINO,10,JUNTOS POR EL PERÚ,12.042,10.015,1976898,07845838,RAFAEL BERNARDO LÓPEZ ALIAGA CAZORLA,35,RENOVACIÓN POPULAR,11.882,9.882,1950654,TOTAL,2026-05-04T19:15:03.280359+00:00,19738598,16416333,26244
5286,99.698,5302,159028,2026-05-04T14:15:06.777949+00:00,1593,73736,1.301,KEIKO SOFIA FUJIMORI HIGUCHI,20.259,188447,16002918,ROBERTO HELBERT SANCHEZ PALOMINO,10,JUNTOS POR EL PERÚ,9.48,7.582,88181,07845838,RAFAEL BERNARDO LÓPEZ ALIAGA CAZORLA,35,RENOVACIÓN POPULAR,8.179,6.542,76078,120000,2026-05-04T19:15:06.364868+00:00,1162972,930208,12103
2851,98.378,2898,61439,2026-05-04T14:15:08.793961+00:00,1594,29249,-12.03,KEIKO SOFIA FUJIMORI HIGUCHI,20.667,117741,16002918,ROBERTO HELBERT SANCHEZ PALOMINO,10,JUNTOS POR EL PERÚ,3.003,2.591,17111,07845838,RAFAEL BERNARDO LÓPEZ ALIAGA CAZORLA,35,RENOVACIÓN POPULAR,15.033,12.969,85647,240000,2026-05-04T19:15:08.429243+00:00,660400,569712,-68536
28515,97.497,29247,542094,2026-05-04T19:45:07.179649+00:00,1613,251575,-16.62,RAFAEL BERNARDO LÓPEZ ALIAGA CAZORLA,19.901,1182388,16002918,ROBERTO HELBERT SANCHEZ PALOMINO,10,JUNTOS POR EL PERÚ,3.281,2.895,194953,07845838,RAFAEL BERNARDO LÓPEZ ALIAGA CAZORLA,35,RENOVACIÓN POPULAR,19.901,17.556,1182388,140000,2026-05-05T00:45:06.66568+00:00,6734965,5941296,-987435
2468,91.509,2697,77651,2026-05-04T19:45:07.467576+00:00,1614,24456,3.412,KEIKO SOFIA FUJIMORI HIGUCHI,27.877,87816,16002918,ROBERTO HELBERT SANCHEZ PALOMINO,10,JUNTOS POR EL PERÚ,10.097,7.625,31807,07845838,RAFAEL BERNARDO LÓPEZ ALIAGA CAZORLA,35,RENOVACIÓN POPULAR,6.685,5.049,21059,150000,2026-05-05T00:45:06.80714+00:00,417114,315007,10748
5125,97.046,5281,177346,2026-05-04T19:45:08.238121+00:00,1615,81261,4.614,KEIKO SOFIA FUJIMORI HIGUCHI,27.989,239617,16002918,ROBERTO HELBERT SANCHEZ PALOMINO,10,JUNTOS POR EL PERÚ,11.333,8.704,97028,07845838,RAFAEL BERNARDO LÓPEZ ALIAGA CAZORLA,35,RENOVACIÓN POPULAR,6.719,5.16,57525,190000,2026-05-05T00:45:07.62483+00:00,1114730,856123,39503
90831,97.914,92766,2320693,2026-05-04T21:45:03.739165+00:00,1625,1006300,0.158,KEIKO SOFIA FUJIMORI HIGUCHI,17.138,2815921,16002918,ROBERTO HELBERT SANCHEZ PALOMINO,10,JUNTOS POR EL PERÚ,12.039,10.011,1978088,07845838,RAFAEL BERNARDO LÓPEZ ALIAGA CAZORLA,35,RENOVACIÓN POPULAR,11.881,9.881,1952277,TOTAL,2026-05-05T02:45:02.755846+00:00,19758324,16431331,25811
88400,97.979,90223,2249379,2026-05-04T21:45:04.002744+00:00,1626,984182,0.572,KEIKO SOFIA FUJIMORI HIGUCHI,17.142,2765778,16002918,ROBERTO HELBERT SANCHEZ PALOMINO,10,JUNTOS POR EL PERÚ,12.212,10.173,1970391,07845838,RAFAEL BERNARDO LÓPEZ ALIAGA CAZORLA,35,RENOVACIÓN POPULAR,11.64,9.697,1878104,PERU,2026-05-05T02:45:02.797504+00:00,19368469,16134908,92287
2404,94.534,2543,71314,2026-05-04T21:45:04.248488+00:00,1627,22118,-22.426,RAFAEL BERNARDO LÓPEZ ALIAGA CAZORLA,25.023,74173,16002918,ROBERTO HELBERT SANCHEZ PALOMINO,10,JUNTOS POR EL PERÚ,2.597,1.974,7697,07845838,RAFAEL BERNARDO LÓPEZ ALIAGA CAZORLA,35,RENOVACIÓN POPULAR,25.023,19.026,74173,EXTRANJERO,2026-05-05T02:45:02.854573+00:00,389855,296423,-66476
3424,98.618,3472,102846,2026-05-04T21:45:04.716467+00:00,1628,49125,8.923,KEIKO SOFIA FUJIMORI HIGUCHI,17.929,96100,16002918,ROBERTO HELBERT SANCHEZ PALOMINO,10,JUNTOS POR EL PERÚ,14.961,11.656,80193,07845838,RAFAEL BERNARDO LÓPEZ ALIAGA CAZORLA,35,RENOVACIÓN POPULAR,6.038,4.704,32362,020000,2026-05-05T02:45:04.363002+00:00,687969,535998,47831
4202,99.692,4215,74782,2026-05-04T21:45:05.155769+00:00,1629,38799,-0.505,JORGE NIETO MONTESINOS,18.634,163545,16002918,ROBERTO HELBERT SANCHEZ PALOMINO,10,JUNTOS POR EL PERÚ,10.09,8.934,88559,07845838,RAFAEL BERNARDO LÓPEZ ALIAGA CAZORLA,35,RENOVACIÓN POPULAR,10.595,9.381,92992,040000,2026-05-05T02:45:04.561042+00:00,991266,877685,-4433
4196,98.962,4240,123318,2026-05-04T21:45:05.854219+00:00,1630,53173,38.389,ROBERTO HELBERT SANCHEZ PALOMINO,41.634,266012,16002918,ROBERTO HELBERT SANCHEZ PALOMINO,10,JUNTOS POR EL PERÚ,41.634,32.623,266012,07845838,RAFAEL BERNARDO LÓPEZ ALIAGA CAZORLA,35,RENOVACIÓN POPULAR,3.245,2.542,20732,060000,2026-05-05T02:45:04.966708+00:00,815422,638931,245280
1009,96.926,1041,18303,2026-04-21T20:15:10.243234+00:00,484,8871,5.647,RICARDO PABLO BELMONT CASSINELLI,14.618,31308,16002918,ROBERTO HELBERT SANCHEZ PALOMINO,10,JUNTOS POR EL PERÚ,11.857,10.522,25394,07845838,RAFAEL BERNARDO LÓPEZ ALIAGA CAZORLA,35,RENOVACIÓN POPULAR,6.21,5.511,13301,220000,2026-04-22T01:15:09.72359+00:00,241351,214177,12093
2784,96.066,2898,59930,2026-04-21T20:15:10.858287+00:00,485,28145,-11.985,KEIKO SOFIA FUJIMORI HIGUCHI,20.671,115027,16002918,ROBERTO HELBERT SANCHEZ PALOMINO,10,JUNTOS POR EL PERÚ,3.006,2.595,16728,07845838,RAFAEL BERNARDO LÓPEZ ALIAGA CAZORLA,35,RENOVACIÓN POPULAR,14.991,12.942,83418,240000,2026-04-22T01:15:10.457966+00:00,644540,556465,-66690
85370,94.621,90223,2161482,2026-04-21T20:45:03.390158+00:00,486,938066,0.439,KEIKO SOFIA FUJIMORI HIGUCHI,17.052,2663438,16002918,ROBERTO HELBERT SANCHEZ PALOMINO,10,JUNTOS POR EL PERÚ,12.15,10.138,1897649,07845838,RAFAEL BERNARDO LÓPEZ ALIAGA CAZORLA,35,RENOVACIÓN POPULAR,11.711,9.772,1829161,PERU,2026-04-22T01:45:02.551404+00:00,18718609,15619061,68488
87316,94.125,92766,2217290,2026-04-21T20:45:03.774831+00:00,487,953821,0.094,KEIKO SOFIA FUJIMORI HIGUCHI,17.048,2702613,16002918,ROBERTO HELBERT SANCHEZ PALOMINO,10,JUNTOS POR EL PERÚ,12.008,10.007,1903701,07845838,RAFAEL BERNARDO LÓPEZ ALIAGA CAZORLA,35,RENOVACIÓN POPULAR,11.914,9.928,1888821,TOTAL,2026-04-22T01:45:02.592204+00:00,19024373,15853262,14880
1937,76.17,2543,55808,2026-04-21T20:45:04.110212+00:00,488,15755,-22.89,RAFAEL BERNARDO LÓPEZ ALIAGA CAZORLA,25.474,59660,16002918,ROBERTO HELBERT SANCHEZ PALOMINO,10,JUNTOS POR EL PERÚ,2.584,1.979,6052,07845838,RAFAEL BERNARDO LÓPEZ ALIAGA CAZORLA,35,RENOVACIÓN POPULAR,25.474,19.512,59660,EXTRANJERO,2026-04-22T01:45:02.651409+00:00,305764,234201,-53608
4011,94.599,4240,118112,2026-04-21T20:45:05.50366+00:00,489,50283,38.484,ROBERTO HELBERT SANCHEZ PALOMINO,41.721,254906,16002918,ROBERTO HELBERT SANCHEZ PALOMINO,10,JUNTOS POR EL PERÚ,41.721,32.706,254906,07845838,RAFAEL BERNARDO LÓPEZ ALIAGA CAZORLA,35,RENOVACIÓN POPULAR,3.237,2.538,19778,060000,2026-04-22T01:45:04.964209+00:00,779380,610985,235128
2171,92.738,2341,67523,2026-04-21T20:45:06.28511+00:00,490,22732,23.528,ROBERTO HELBERT SANCHEZ PALOMINO,29.49,94008,16002918,ROBERTO HELBERT SANCHEZ PALOMINO,10,JUNTOS POR EL PERÚ,29.49,22.983,94008,07845838,RAFAEL BERNARDO LÓPEZ ALIAGA CAZORLA,35,RENOVACIÓN POPULAR,5.962,4.646,19004,090000,2026-04-22T01:45:05.693627+00:00,409031,318776,75004
3441,95.85,3590,95846,2026-04-21T20:45:07.207271+00:00,491,47050,1.994,KEIKO SOFIA FUJIMORI HIGUCHI,26.397,169433,16002918,ROBERTO HELBERT SANCHEZ PALOMINO,10,JUNTOS POR EL PERÚ,10.609,8.677,68096,07845838,RAFAEL BERNARDO LÓPEZ ALIAGA CAZORLA,35,RENOVACIÓN POPULAR,8.615,7.046,55296,130000,2026-04-22T01:45:06.669095+00:00,784752,641856,12800
27912,95.435,29247,529557,2026-04-21T20:45:07.625309+00:00,492,243780,-16.655,RAFAEL BERNARDO LÓPEZ ALIAGA CAZORLA,19.925,1159531,16002918,ROBERTO HELBERT SANCHEZ PALOMINO,10,JUNTOS POR EL PERÚ,3.27,2.886,190302,07845838,RAFAEL BERNARDO LÓPEZ ALIAGA CAZORLA,35,RENOVACIÓN POPULAR,19.925,17.588,1159531,140000,2026-04-22T01:45:06.929706+00:00,6592855,5819518,-969229
1946,76.524,2543,55808,2026-04-21T21:00:05.700683+00:00,493,15755,-22.89,RAFAEL BERNARDO LÓPEZ ALIAGA CAZORLA,25.474,59660,16002918,ROBERTO HELBERT SANCHEZ PALOMINO,10,JUNTOS POR EL PERÚ,2.584,1.979,6052,07845838,RAFAEL BERNARDO LÓPEZ ALIAGA CAZORLA,35,RENOVACIÓN POPULAR,25.474,19.512,59660,EXTRANJERO,2026-04-22T02:00:04.889014+00:00,305764,234201,-53608
4013,94.646,4240,118112,2026-04-21T21:00:07.180501+00:00,494,50283,38.484,ROBERTO HELBERT SANCHEZ PALOMINO,41.721,254906,16002918,ROBERTO HELBERT SANCHEZ PALOMINO,10,JUNTOS POR EL PERÚ,41.721,32.706,254906,07845838,RAFAEL BERNARDO LÓPEZ ALIAGA CAZORLA,35,RENOVACIÓN POPULAR,3.237,2.538,19778,060000,2026-04-22T02:00:06.553409+00:00,779380,610985,235128
2173,92.824,2341,67523,2026-04-21T21:00:08.127003+00:00,495,22732,23.528,ROBERTO HELBERT SANCHEZ PALOMINO,29.49,94008,16002918,ROBERTO HELBERT SANCHEZ PALOMINO,10,JUNTOS POR EL PERÚ,29.49,22.983,94008,07845838,RAFAEL BERNARDO LÓPEZ ALIAGA CAZORLA,35,RENOVACIÓN POPULAR,5.962,4.646,19004,090000,2026-04-22T02:00:07.294407+00:00,409031,318776,75004
87316,94.125,92766,2218572,2026-04-21T21:30:04.658105+00:00,496,954627,0.095,KEIKO SOFIA FUJIMORI HIGUCHI,17.048,2703984,16002918,ROBERTO HELBERT SANCHEZ PALOMINO,10,JUNTOS POR EL PERÚ,12.01,10.008,1904920,07845838,RAFAEL BERNARDO LÓPEZ ALIAGA CAZORLA,35,RENOVACIÓN POPULAR,11.915,9.928,1889822,TOTAL,2026-04-22T02:30:04.224085+00:00,19034464,15861265,15098
85370,94.621,90223,2162482,2026-04-21T21:30:04.986069+00:00,497,938738,0.442,KEIKO SOFIA FUJIMORI HIGUCHI,17.053,2664552,16002918,ROBERTO HELBERT SANCHEZ PALOMINO,10,JUNTOS POR EL PERÚ,12.152,10.14,1898818,07845838,RAFAEL BERNARDO LÓPEZ ALIAGA CAZORLA,35,RENOVACIÓN POPULAR,11.71,9.771,1829817,PERU,2026-04-22T02:30:04.265338+00:00,18726671,15625451,69001
1843,97.0,1900,51082,2026-04-21T21:30:06.066032+00:00,498,18249,28.634,ROBERTO HELBERT SANCHEZ PALOMINO,31.36,86168,16002918,ROBERTO HELBERT SANCHEZ PALOMINO,10,JUNTOS POR EL PERÚ,31.36,25.042,86168,07845838,RAFAEL BERNARDO LÓPEZ ALIAGA CAZORLA,35,RENOVACIÓN POPULAR,2.726,2.177,7490,050000,2026-04-22T02:30:05.618671+00:00,344100,274769,78678
4026,94.953,4240,118542,2026-04-21T21:30:06.38634+00:00,499,50550,38.451,ROBERTO HELBERT SANCHEZ PALOMINO,41.694,255618,16002918,ROBERTO HELBERT SANCHEZ PALOMINO,10,JUNTOS POR EL PERÚ,41.694,32.68,255618,07845838,RAFAEL BERNARDO LÓPEZ ALIAGA CAZORLA,35,RENOVACIÓN POPULAR,3.243,2.542,19880,060000,2026-04-22T02:30:05.819492+00:00,782180,613088,235738
3461,96.407,3590,95846,2026-04-21T21:30:07.707505+00:00,500,47050,1.994,KEIKO SOFIA FUJIMORI HIGUCHI,26.397,169433,16002918,ROBERTO HELBERT SANCHEZ PALOMINO,10,JUNTOS POR EL PERÚ,10.609,8.677,68096,07845838,RAFAEL BERNARDO LÓPEZ ALIAGA CAZORLA,35,RENOVACIÓN POPULAR,8.615,7.046,55296,130000,2026-04-22T02:30:07.221897+00:00,784752,641856,12800
87364,94.177,92766,2218572,2026-04-21T21:45:03.565481+00:00,501,954627,0.095,KEIKO SOFIA FUJIMORI HIGUCHI,17.048,2703984,16002918,ROBERTO HELBERT SANCHEZ PALOMINO,10,JUNTOS POR EL PERÚ,12.01,10.008,1904920,07845838,RAFAEL BERNARDO LÓPEZ ALIAGA CAZORLA,35,RENOVACIÓN POPULAR,11.915,9.928,1889822,TOTAL,2026-04-22T02:45:02.75208+00:00,19034464,15861265,15098
85407,94.662,90223,2162482,2026-04-21T21:45:03.968319+00:00,502,938738,0.442,KEIKO SOFIA FUJIMORI HIGUCHI,17.053,2664552,16002918,ROBERTO HELBERT SANCHEZ PALOMINO,10,JUNTOS POR EL PERÚ,12.152,10.14,1898818,07845838,RAFAEL BERNARDO LÓPEZ ALIAGA CAZORLA,35,RENOVACIÓN POPULAR,11.71,9.771,1829817,PERU,2026-04-22T02:45:02.794176+00:00,18726671,15625451,69001
1957,76.956,2543,56090,2026-04-21T21:45:04.27045+00:00,503,15889,-22.858,RAFAEL BERNARDO LÓPEZ ALIAGA CAZORLA,25.446,60005,16002918,ROBERTO HELBERT SANCHEZ PALOMINO,10,JUNTOS POR EL PERÚ,2.588,1.983,6102,07845838,RAFAEL BERNARDO LÓPEZ ALIAGA CAZORLA,35,RENOVACIÓN POPULAR,25.446,19.495,60005,EXTRANJERO,2026-04-22T02:45:02.849709+00:00,307793,235814,-53903
1843,97.0,1900,51212,2026-04-21T21:45:05.358971+00:00,504,18308,28.67,ROBERTO HELBERT SANCHEZ PALOMINO,31.394,86395,16002918,ROBERTO HELBERT SANCHEZ PALOMINO,10,JUNTOS POR EL PERÚ,31.394,25.063,86395,07845838,RAFAEL BERNARDO LÓPEZ ALIAGA CAZORLA,35,RENOVACIÓN POPULAR,2.724,2.175,7496,050000,2026-04-22T02:45:04.791985+00:00,344714,275194,78899
3461,96.407,3590,96286,2026-04-21T21:45:06.859449+00:00,505,47396,1.933,KEIKO SOFIA FUJIMORI HIGUCHI,26.364,170236,16002918,ROBERTO HELBERT SANCHEZ PALOMINO,10,JUNTOS POR EL PERÚ,10.581,8.655,68326,07845838,RAFAEL BERNARDO LÓPEZ ALIAGA CAZORLA,35,RENOVACIÓN POPULAR,8.648,7.074,55844,130000,2026-04-22T02:45:06.472196+00:00,789400,645718,12482
87364,94.177,92766,2220178,2026-04-21T22:30:04.354699+00:00,506,955554,0.113,KEIKO SOFIA FUJIMORI HIGUCHI,17.048,2705734,16002918,ROBERTO HELBERT SANCHEZ PALOMINO,10,JUNTOS POR EL PERÚ,12.023,10.018,1908135,07845838,RAFAEL BERNARDO LÓPEZ ALIAGA CAZORLA,35,RENOVACIÓN POPULAR,11.91,9.924,1890192,TOTAL,2026-04-22T03:30:03.93127+00:00,19046664,15870932,17943
85407,94.662,90223,2164088,2026-04-21T22:30:04.752865+00:00,507,939665,0.459,KEIKO SOFIA FUJIMORI HIGUCHI,17.053,2666302,16002918,ROBERTO HELBERT SANCHEZ PALOMINO,10,JUNTOS POR EL PERÚ,12.165,10.15,1902033,07845838,RAFAEL BERNARDO LÓPEZ ALIAGA CAZORLA,35,RENOVACIÓN POPULAR,11.706,9.767,1830187,PERU,2026-04-22T03:30:03.973194+00:00,18738871,15635118,71846
87422,94.239,92766,2220178,2026-04-21T22:45:03.464844+00:00,508,955554,0.113,KEIKO SOFIA FUJIMORI HIGUCHI,17.048,2705734,16002918,ROBERTO HELBERT SANCHEZ PALOMINO,10,JUNTOS POR EL PERÚ,12.023,10.018,1908135,07845838,RAFAEL BERNARDO LÓPEZ ALIAGA CAZORLA,35,RENOVACIÓN POPULAR,11.91,9.924,1890192,TOTAL,2026-04-22T03:45:02.721953+00:00,19046664,15870932,17943
85465,94.726,90223,2164088,2026-04-21T22:45:03.819716+00:00,509,939665,0.459,KEIKO SOFIA FUJIMORI HIGUCHI,17.053,2666302,16002918,ROBERTO HELBERT SANCHEZ PALOMINO,10,JUNTOS POR EL PERÚ,12.165,10.15,1902033,07845838,RAFAEL BERNARDO LÓPEZ ALIAGA CAZORLA,35,RENOVACIÓN POPULAR,11.706,9.767,1830187,PERU,2026-04-22T03:45:02.723385+00:00,18738871,15635118,71846
4067,95.92,4240,119642,2026-04-21T22:45:04.969181+00:00,510,51257,38.501,ROBERTO HELBERT SANCHEZ PALOMINO,41.733,258499,16002918,ROBERTO HELBERT SANCHEZ PALOMINO,10,JUNTOS POR EL PERÚ,41.733,32.708,258499,07845838,RAFAEL BERNARDO LÓPEZ ALIAGA CAZORLA,35,RENOVACIÓN POPULAR,3.232,2.533,20020,060000,2026-04-22T03:45:04.486988+00:00,790314,619415,238479
3478,96.88,3590,96792,2026-04-21T22:45:06.166295+00:00,511,47616,1.939,KEIKO SOFIA FUJIMORI HIGUCHI,26.386,171260,16002918,ROBERTO HELBERT SANCHEZ PALOMINO,10,JUNTOS POR EL PERÚ,10.578,8.653,68660,07845838,RAFAEL BERNARDO LÓPEZ ALIAGA CAZORLA,35,RENOVACIÓN POPULAR,8.639,7.067,56074,130000,2026-04-22T03:45:05.701328+00:00,793466,649058,12586
5014,94.568,5302,150860,2026-04-21T23:15:06.193589+00:00,512,69395,1.097,KEIKO SOFIA FUJIMORI HIGUCHI,20.189,179333,16002918,ROBERTO HELBERT SANCHEZ PALOMINO,10,JUNTOS POR EL PERÚ,9.342,7.486,82983,07845838,RAFAEL BERNARDO LÓPEZ ALIAGA CAZORLA,35,RENOVACIÓN POPULAR,8.245,6.606,73233,120000,2026-04-22T04:15:05.608836+00:00,1108504,888249,9750
3478,96.88,3590,97244,2026-04-21T23:15:06.604539+00:00,513,47830,1.986,KEIKO SOFIA FUJIMORI HIGUCHI,26.403,171894,16002918,ROBERTO HELBERT SANCHEZ PALOMINO,10,JUNTOS POR EL PERÚ,10.611,8.677,69081,07845838,RAFAEL BERNARDO LÓPEZ ALIAGA CAZORLA,35,RENOVACIÓN POPULAR,8.625,7.053,56152,130000,2026-04-22T04:15:05.899252+00:00,796110,651036,12929
85498,94.763,90223,2164880,2026-04-21T23:30:04.381702+00:00,514,940141,0.459,KEIKO SOFIA FUJIMORI HIGUCHI,17.055,2667575,16002918,ROBERTO HELBERT SANCHEZ PALOMINO,10,JUNTOS POR EL PERÚ,12.164,10.149,1902530,07845838,RAFAEL BERNARDO LÓPEZ ALIAGA CAZORLA,35,RENOVACIÓN POPULAR,11.705,9.767,1830878,PERU,2026-04-22T04:30:03.954677+00:00,18746297,15641276,71652
87455,94.275,92766,2220970,2026-04-21T23:30:04.722268+00:00,515,956030,0.111,KEIKO SOFIA FUJIMORI HIGUCHI,17.05,2707007,16002918,ROBERTO HELBERT SANCHEZ PALOMINO,10,JUNTOS POR EL PERÚ,12.021,10.017,1908632,07845838,RAFAEL BERNARDO LÓPEZ ALIAGA CAZORLA,35,RENOVACIÓN POPULAR,11.91,9.924,1890883,TOTAL,2026-04-22T04:30:03.996063+00:00,19054090,15877090,17749
5035,94.964,5302,150860,2026-04-21T23:30:06.861757+00:00,516,69395,1.097,KEIKO SOFIA FUJIMORI HIGUCHI,20.189,179333,16002918,ROBERTO HELBERT SANCHEZ PALOMINO,10,JUNTOS POR EL PERÚ,9.342,7.486,82983,07845838,RAFAEL BERNARDO LÓPEZ ALIAGA CAZORLA,35,RENOVACIÓN POPULAR,8.245,6.606,73233,120000,2026-04-22T04:30:06.443822+00:00,1108504,888249,9750
3490,97.214,3590,97244,2026-04-21T23:30:07.086394+00:00,517,47830,1.986,KEIKO SOFIA FUJIMORI HIGUCHI,26.403,171894,16002918,ROBERTO HELBERT SANCHEZ PALOMINO,10,JUNTOS POR EL PERÚ,10.611,8.677,69081,07845838,RAFAEL BERNARDO LÓPEZ ALIAGA CAZORLA,35,RENOVACIÓN POPULAR,8.625,7.053,56152,130000,2026-04-22T04:30:06.544416+00:00,796110,651036,12929
85516,94.783,90223,2165207,2026-04-22T00:30:04.878336+00:00,518,940374,0.454,KEIKO SOFIA FUJIMORI HIGUCHI,17.054,2668070,16002918,ROBERTO HELBERT SANCHEZ PALOMINO,10,JUNTOS POR EL PERÚ,12.161,10.147,1902600,07845838,RAFAEL BERNARDO LÓPEZ ALIAGA CAZORLA,35,RENOVACIÓN POPULAR,11.707,9.768,1831474,PERU,2026-04-22T05:30:04.375556+00:00,18750245,15644664,71126
87473,94.294,92766,2221297,2026-04-22T00:30:05.274182+00:00,519,956263,0.108,KEIKO SOFIA FUJIMORI HIGUCHI,17.049,2707502,16002918,ROBERTO HELBERT SANCHEZ PALOMINO,10,JUNTOS POR EL PERÚ,12.019,10.015,1908702,07845838,RAFAEL BERNARDO LÓPEZ ALIAGA CAZORLA,35,RENOVACIÓN POPULAR,11.911,9.925,1891479,TOTAL,2026-04-22T05:30:04.416853+00:00,19058038,15880478,17223
5053,95.304,5302,151187,2026-04-22T00:30:07.333648+00:00,520,69628,1.035,KEIKO SOFIA FUJIMORI HIGUCHI,20.168,179828,16002918,ROBERTO HELBERT SANCHEZ PALOMINO,10,JUNTOS POR EL PERÚ,9.315,7.466,83053,07845838,RAFAEL BERNARDO LÓPEZ ALIAGA CAZORLA,35,RENOVACIÓN POPULAR,8.28,6.637,73829,120000,2026-04-22T05:30:06.872974+00:00,1112452,891637,9224
87480,94.302,92766,2221540,2026-04-22T11:00:05.762707+00:00,521,956434,0.109,KEIKO SOFIA FUJIMORI HIGUCHI,17.05,2707832,16002918,ROBERTO HELBERT SANCHEZ PALOMINO,10,JUNTOS POR EL PERÚ,12.019,10.015,1908780,07845838,RAFAEL BERNARDO LÓPEZ ALIAGA CAZORLA,35,RENOVACIÓN POPULAR,11.91,9.924,1891535,TOTAL,2026-04-22T16:00:05.121912+00:00,19059609,15881635,17245
85523,94.791,90223,2165450,2026-04-22T11:00:06.38697+00:00,522,940545,0.455,KEIKO SOFIA FUJIMORI HIGUCHI,17.055,2668400,16002918,ROBERTO HELBERT SANCHEZ PALOMINO,10,JUNTOS POR EL PERÚ,12.161,10.147,1902678,07845838,RAFAEL BERNARDO LÓPEZ ALIAGA CAZORLA,35,RENOVACIÓN POPULAR,11.706,9.767,1831530,PERU,2026-04-22T16:00:05.163246+00:00,18751816,15645821,71148
5059,95.417,5302,151405,2026-04-22T11:00:08.864961+00:00,523,69770,1.038,KEIKO SOFIA FUJIMORI HIGUCHI,20.179,180116,16002918,ROBERTO HELBERT SANCHEZ PALOMINO,10,JUNTOS POR EL PERÚ,9.313,7.464,83131,07845838,RAFAEL BERNARDO LÓPEZ ALIAGA CAZORLA,35,RENOVACIÓN POPULAR,8.275,6.632,73867,120000,2026-04-22T16:00:08.271824+00:00,1113774,892599,9264
3491,97.242,3590,97269,2026-04-22T11:00:09.399334+00:00,524,47859,1.983,KEIKO SOFIA FUJIMORI HIGUCHI,26.402,171936,16002918,ROBERTO HELBERT SANCHEZ PALOMINO,10,JUNTOS POR EL PERÚ,10.608,8.675,69081,07845838,RAFAEL BERNARDO LÓPEZ ALIAGA CAZORLA,35,RENOVACIÓN POPULAR,8.625,7.053,56170,130000,2026-04-22T16:00:08.434525+00:00,796359,651231,12911
85528,94.796,90223,2165619,2026-04-22T11:30:04.830641+00:00,525,940663,0.455,KEIKO SOFIA FUJIMORI HIGUCHI,17.055,2668539,16002918,ROBERTO HELBERT SANCHEZ PALOMINO,10,JUNTOS POR EL PERÚ,12.161,10.147,1902806,07845838,RAFAEL BERNARDO LÓPEZ ALIAGA CAZORLA,35,RENOVACIÓN POPULAR,11.706,9.767,1831599,PERU,2026-04-22T16:30:04.476546+00:00,18752967,15646685,71207
87480,94.302,92766,2221709,2026-04-22T11:30:05.219215+00:00,526,956552,0.109,KEIKO SOFIA FUJIMORI HIGUCHI,17.05,2707971,16002918,ROBERTO HELBERT SANCHEZ PALOMINO,10,JUNTOS POR EL PERÚ,12.019,10.015,1908908,07845838,RAFAEL BERNARDO LÓPEZ ALIAGA CAZORLA,35,RENOVACIÓN POPULAR,11.91,9.924,1891604,TOTAL,2026-04-22T16:30:04.478024+00:00,19060760,15882499,17304
4067,95.92,4240,119670,2026-04-22T11:30:06.596957+00:00,527,51277,38.502,ROBERTO HELBERT SANCHEZ PALOMINO,41.734,258584,16002918,ROBERTO HELBERT SANCHEZ PALOMINO,10,JUNTOS POR EL PERÚ,41.734,32.71,258584,07845838,RAFAEL BERNARDO LÓPEZ ALIAGA CAZORLA,35,RENOVACIÓN POPULAR,3.232,2.533,20025,060000,2026-04-22T16:30:06.100835+00:00,790542,619595,238559
3492,97.27,3590,97269,2026-04-22T11:30:07.802783+00:00,528,47859,1.983,KEIKO SOFIA FUJIMORI HIGUCHI,26.402,171936,16002918,ROBERTO HELBERT SANCHEZ PALOMINO,10,JUNTOS POR EL PERÚ,10.608,8.675,69081,07845838,RAFAEL BERNARDO LÓPEZ ALIAGA CAZORLA,35,RENOVACIÓN POPULAR,8.625,7.053,56170,130000,2026-04-22T16:30:07.370514+00:00,796359,651231,12911
87485,94.307,92766,2221709,2026-04-22T11:45:04.466418+00:00,529,956552,0.109,KEIKO SOFIA FUJIMORI HIGUCHI,17.05,2707971,16002918,ROBERTO HELBERT SANCHEZ PALOMINO,10,JUNTOS POR EL PERÚ,12.019,10.015,1908908,07845838,RAFAEL BERNARDO LÓPEZ ALIAGA CAZORLA,35,RENOVACIÓN POPULAR,11.91,9.924,1891604,TOTAL,2026-04-22T16:45:03.450863+00:00,19060760,15882499,17304
4068,95.943,4240,119670,2026-04-22T11:45:05.801155+00:00,530,51277,38.502,ROBERTO HELBERT SANCHEZ PALOMINO,41.734,258584,16002918,ROBERTO HELBERT SANCHEZ PALOMINO,10,JUNTOS POR EL PERÚ,41.734,32.71,258584,07845838,RAFAEL BERNARDO LÓPEZ ALIAGA CAZORLA,35,RENOVACIÓN POPULAR,3.232,2.533,20025,060000,2026-04-22T16:45:05.361919+00:00,790542,619595,238559
5062,95.473,5302,151532,2026-04-22T11:45:06.852657+00:00,531,69857,1.038,KEIKO SOFIA FUJIMORI HIGUCHI,20.178,180209,16002918,ROBERTO HELBERT SANCHEZ PALOMINO,10,JUNTOS POR EL PERÚ,9.312,7.462,83164,07845838,RAFAEL BERNARDO LÓPEZ ALIAGA CAZORLA,35,RENOVACIÓN POPULAR,8.274,6.63,73895,120000,2026-04-22T16:45:06.423981+00:00,1114474,893085,9269
3492,97.27,3590,97283,2026-04-22T11:45:07.180438+00:00,532,47870,1.978,KEIKO SOFIA FUJIMORI HIGUCHI,26.399,171972,16002918,ROBERTO HELBERT SANCHEZ PALOMINO,10,JUNTOS POR EL PERÚ,10.606,8.673,69091,07845838,RAFAEL BERNARDO LÓPEZ ALIAGA CAZORLA,35,RENOVACIÓN POPULAR,8.628,7.056,56206,130000,2026-04-22T16:45:06.518804+00:00,796582,651429,12885
87497,94.32,92766,2222012,2026-04-22T12:45:03.589289+00:00,533,956713,0.11,KEIKO SOFIA FUJIMORI HIGUCHI,17.05,2708271,16002918,ROBERTO HELBERT SANCHEZ PALOMINO,10,JUNTOS POR EL PERÚ,12.019,10.015,1909211,07845838,RAFAEL BERNARDO LÓPEZ ALIAGA CAZORLA,35,RENOVACIÓN POPULAR,11.909,9.923,1891731,TOTAL,2026-04-22T17:45:02.947699+00:00,19063263,15884538,17480
85540,94.81,90223,2165922,2026-04-22T12:45:03.937227+00:00,534,940824,0.456,KEIKO SOFIA FUJIMORI HIGUCHI,17.055,2668839,16002918,ROBERTO HELBERT SANCHEZ PALOMINO,10,JUNTOS POR EL PERÚ,12.161,10.147,1903109,07845838,RAFAEL BERNARDO LÓPEZ ALIAGA CAZORLA,35,RENOVACIÓN POPULAR,11.705,9.766,1831726,PERU,2026-04-22T17:45:02.989321+00:00,18755470,15648724,71383
3229,93.001,3472,97105,2026-04-22T12:45:04.53932+00:00,535,46110,8.886,KEIKO SOFIA FUJIMORI HIGUCHI,18.038,91231,16002918,ROBERTO HELBERT SANCHEZ PALOMINO,10,JUNTOS POR EL PERÚ,14.914,11.623,75429,07845838,RAFAEL BERNARDO LÓPEZ ALIAGA CAZORLA,35,RENOVACIÓN POPULAR,6.028,4.698,30490,020000,2026-04-22T17:45:04.050337+00:00,648989,505774,44939
5067,95.568,5302,151532,2026-04-22T12:45:06.54596+00:00,536,69857,1.038,KEIKO SOFIA FUJIMORI HIGUCHI,20.178,180209,16002918,ROBERTO HELBERT SANCHEZ PALOMINO,10,JUNTOS POR EL PERÚ,9.312,7.462,83164,07845838,RAFAEL BERNARDO LÓPEZ ALIAGA CAZORLA,35,RENOVACIÓN POPULAR,8.274,6.63,73895,120000,2026-04-22T17:45:06.058186+00:00,1114474,893085,9269
1013,97.31,1041,18372,2026-04-22T12:45:08.424617+00:00,537,8940,5.644,RICARDO PABLO BELMONT CASSINELLI,14.614,31422,16002918,ROBERTO HELBERT SANCHEZ PALOMINO,10,JUNTOS POR EL PERÚ,11.86,10.524,25502,07845838,RAFAEL BERNARDO LÓPEZ ALIAGA CAZORLA,35,RENOVACIÓN POPULAR,6.216,5.515,13365,220000,2026-04-22T17:45:07.846594+00:00,242332,215020,12137
5067,95.568,5302,151692,2026-04-22T13:00:07.958417+00:00,538,69926,1.046,KEIKO SOFIA FUJIMORI HIGUCHI,20.182,180423,16002918,ROBERTO HELBERT SANCHEZ PALOMINO,10,JUNTOS POR EL PERÚ,9.317,7.466,83297,07845838,RAFAEL BERNARDO LÓPEZ ALIAGA CAZORLA,35,RENOVACIÓN POPULAR,8.271,6.628,73938,120000,2026-04-22T18:00:07.35053+00:00,1115612,893994,9359
85545,94.815,90223,2166022,2026-04-22T13:30:04.690043+00:00,539,940893,0.456,KEIKO SOFIA FUJIMORI HIGUCHI,17.054,2668952,16002918,ROBERTO HELBERT SANCHEZ PALOMINO,10,JUNTOS POR EL PERÚ,12.161,10.147,1903213,07845838,RAFAEL BERNARDO LÓPEZ ALIAGA CAZORLA,35,RENOVACIÓN POPULAR,11.705,9.766,1831795,PERU,2026-04-22T18:30:04.272326+00:00,18756480,15649565,71418
87497,94.32,92766,2222112,2026-04-22T13:30:05.008382+00:00,540,956782,0.11,KEIKO SOFIA FUJIMORI HIGUCHI,17.05,2708384,16002918,ROBERTO HELBERT SANCHEZ PALOMINO,10,JUNTOS POR EL PERÚ,12.019,10.015,1909315,07845838,RAFAEL BERNARDO LÓPEZ ALIAGA CAZORLA,35,RENOVACIÓN POPULAR,11.909,9.923,1891800,TOTAL,2026-04-22T18:30:04.313136+00:00,19064273,15885379,17515
1198,93.74,1278,33921,2026-04-22T13:30:05.426217+00:00,541,14123,32.355,ROBERTO HELBERT SANCHEZ PALOMINO,36.077,55364,16002918,ROBERTO HELBERT SANCHEZ PALOMINO,10,JUNTOS POR EL PERÚ,36.077,27.475,55364,07845838,RAFAEL BERNARDO LÓPEZ ALIAGA CAZORLA,35,RENOVACIÓN POPULAR,3.722,2.835,5712,010000,2026-04-22T18:30:04.796627+00:00,201505,153461,49652
3230,93.03,3472,97105,2026-04-22T13:30:05.825611+00:00,542,46110,8.886,KEIKO SOFIA FUJIMORI HIGUCHI,18.038,91231,16002918,ROBERTO HELBERT SANCHEZ PALOMINO,10,JUNTOS POR EL PERÚ,14.914,11.623,75429,07845838,RAFAEL BERNARDO LÓPEZ ALIAGA CAZORLA,35,RENOVACIÓN POPULAR,6.028,4.698,30490,020000,2026-04-22T18:30:05.213224+00:00,648989,505774,44939
5067,95.568,5302,151715,2026-04-22T13:30:07.659452+00:00,543,69961,1.048,KEIKO SOFIA FUJIMORI HIGUCHI,20.183,180469,16002918,ROBERTO HELBERT SANCHEZ PALOMINO,10,JUNTOS POR EL PERÚ,9.317,7.466,83308,07845838,RAFAEL BERNARDO LÓPEZ ALIAGA CAZORLA,35,RENOVACIÓN POPULAR,8.269,6.627,73942,120000,2026-04-22T18:30:07.079506+00:00,1115853,894177,9366
87502,94.326,92766,2222112,2026-04-22T13:45:03.496114+00:00,544,956782,0.11,KEIKO SOFIA FUJIMORI HIGUCHI,17.05,2708384,16002918,ROBERTO HELBERT SANCHEZ PALOMINO,10,JUNTOS POR EL PERÚ,12.019,10.015,1909315,07845838,RAFAEL BERNARDO LÓPEZ ALIAGA CAZORLA,35,RENOVACIÓN POPULAR,11.909,9.923,1891800,TOTAL,2026-04-22T18:45:02.905183+00:00,19064273,15885379,17515
1198,93.74,1278,33950,2026-04-22T13:45:04.095716+00:00,545,14133,32.355,ROBERTO HELBERT SANCHEZ PALOMINO,36.076,55418,16002918,ROBERTO HELBERT SANCHEZ PALOMINO,10,JUNTOS POR EL PERÚ,36.076,27.476,55418,07845838,RAFAEL BERNARDO LÓPEZ ALIAGA CAZORLA,35,RENOVACIÓN POPULAR,3.721,2.834,5716,010000,2026-04-22T18:45:03.205543+00:00,201698,153615,49702
3230,93.03,3472,97118,2026-04-22T13:45:04.50089+00:00,546,46112,8.887,KEIKO SOFIA FUJIMORI HIGUCHI,18.037,91244,16002918,ROBERTO HELBERT SANCHEZ PALOMINO,10,JUNTOS POR EL PERÚ,14.915,11.624,75452,07845838,RAFAEL BERNARDO LÓPEZ ALIAGA CAZORLA,35,RENOVACIÓN POPULAR,6.028,4.698,30492,020000,2026-04-22T18:45:03.826226+00:00,649099,505869,44960
5068,95.587,5302,151715,2026-04-22T13:45:06.553365+00:00,547,69961,1.048,KEIKO SOFIA FUJIMORI HIGUCHI,20.183,180469,16002918,ROBERTO HELBERT SANCHEZ PALOMINO,10,JUNTOS POR EL PERÚ,9.317,7.466,83308,07845838,RAFAEL BERNARDO LÓPEZ ALIAGA CAZORLA,35,RENOVACIÓN POPULAR,8.269,6.627,73942,120000,2026-04-22T18:45:06.088796+00:00,1115853,894177,9366
1015,97.502,1041,18407,2026-04-22T13:45:08.49754+00:00,548,8962,5.614,RICARDO PABLO BELMONT CASSINELLI,14.611,31476,16002918,ROBERTO HELBERT SANCHEZ PALOMINO,10,JUNTOS POR EL PERÚ,11.845,10.51,25518,07845838,RAFAEL BERNARDO LÓPEZ ALIAGA CAZORLA,35,RENOVACIÓN POPULAR,6.231,5.529,13424,220000,2026-04-22T18:45:07.883608+00:00,242798,215429,12094
85555,94.826,90223,2166346,2026-04-22T15:00:05.266975+00:00,549,941066,0.459,KEIKO SOFIA FUJIMORI HIGUCHI,17.055,2669260,16002918,ROBERTO HELBERT SANCHEZ PALOMINO,10,JUNTOS POR EL PERÚ,12.163,10.148,1903626,07845838,RAFAEL BERNARDO LÓPEZ ALIAGA CAZORLA,35,RENOVACIÓN POPULAR,11.704,9.765,1831853,PERU,2026-04-22T20:00:04.636126+00:00,18758484,15651072,71773
87512,94.336,92766,2222436,2026-04-22T15:00:05.642684+00:00,550,956955,0.113,KEIKO SOFIA FUJIMORI HIGUCHI,17.05,2708692,16002918,ROBERTO HELBERT SANCHEZ PALOMINO,10,JUNTOS POR EL PERÚ,12.021,10.016,1909728,07845838,RAFAEL BERNARDO LÓPEZ ALIAGA CAZORLA,35,RENOVACIÓN POPULAR,11.908,9.923,1891858,TOTAL,2026-04-22T20:00:04.676461+00:00,19066277,15886886,17870
1206,94.366,1278,34210,2026-04-22T15:00:06.207488+00:00,551,14246,32.335,ROBERTO HELBERT SANCHEZ PALOMINO,36.057,55809,16002918,ROBERTO HELBERT SANCHEZ PALOMINO,10,JUNTOS POR EL PERÚ,36.057,27.46,55809,07845838,RAFAEL BERNARDO LÓPEZ ALIAGA CAZORLA,35,RENOVACIÓN POPULAR,3.722,2.835,5761,010000,2026-04-22T20:00:05.405391+00:00,203238,154782,50048
5070,95.624,5302,151779,2026-04-22T15:00:08.411841+00:00,552,70021,1.048,KEIKO SOFIA FUJIMORI HIGUCHI,20.184,180549,16002918,ROBERTO HELBERT SANCHEZ PALOMINO,10,JUNTOS POR EL PERÚ,9.316,7.465,83330,07845838,RAFAEL BERNARDO LÓPEZ ALIAGA CAZORLA,35,RENOVACIÓN POPULAR,8.268,6.625,73955,120000,2026-04-22T20:00:07.642912+00:00,1116317,894517,9375
85572,94.845,90223,2166955,2026-04-22T16:00:05.596117+00:00,553,941299,0.462,KEIKO SOFIA FUJIMORI HIGUCHI,17.055,2669664,16002918,ROBERTO HELBERT SANCHEZ PALOMINO,10,JUNTOS POR EL PERÚ,12.165,10.149,1904154,07845838,RAFAEL BERNARDO LÓPEZ ALIAGA CAZORLA,35,RENOVACIÓN POPULAR,11.703,9.764,1831915,PERU,2026-04-22T21:00:04.939715+00:00,18761233,15652979,72239
87512,94.336,92766,2223045,2026-04-22T16:00:06.023444+00:00,554,957188,0.116,KEIKO SOFIA FUJIMORI HIGUCHI,17.05,2709096,16002918,ROBERTO HELBERT SANCHEZ PALOMINO,10,JUNTOS POR EL PERÚ,12.023,10.018,1910256,07845838,RAFAEL BERNARDO LÓPEZ ALIAGA CAZORLA,35,RENOVACIÓN POPULAR,11.907,9.921,1891920,TOTAL,2026-04-22T21:00:04.980694+00:00,19069026,15888793,18336
2339,86.726,2697,73423,2026-04-22T16:00:08.856572+00:00,555,22536,3.423,KEIKO SOFIA FUJIMORI HIGUCHI,27.909,82601,16002918,ROBERTO HELBERT SANCHEZ PALOMINO,10,JUNTOS POR EL PERÚ,10.162,7.674,30077,07845838,RAFAEL BERNARDO LÓPEZ ALIAGA CAZORLA,35,RENOVACIÓN POPULAR,6.739,5.089,19946,150000,2026-04-22T21:00:08.387025+00:00,391925,295966,10131
87529,94.355,92766,2223045,2026-04-22T16:15:04.095555+00:00,556,957188,0.116,KEIKO SOFIA FUJIMORI HIGUCHI,17.05,2709096,16002918,ROBERTO HELBERT SANCHEZ PALOMINO,10,JUNTOS POR EL PERÚ,12.023,10.018,1910256,07845838,RAFAEL BERNARDO LÓPEZ ALIAGA CAZORLA,35,RENOVACIÓN POPULAR,11.907,9.921,1891920,TOTAL,2026-04-22T21:15:03.20549+00:00,19069026,15888793,18336
5073,95.681,5302,151895,2026-04-22T16:15:06.531002+00:00,557,70122,1.058,KEIKO SOFIA FUJIMORI HIGUCHI,20.19,180703,16002918,ROBERTO HELBERT SANCHEZ PALOMINO,10,JUNTOS POR EL PERÚ,9.322,7.469,83431,07845838,RAFAEL BERNARDO LÓPEZ ALIAGA CAZORLA,35,RENOVACIÓN POPULAR,8.264,6.622,73968,120000,2026-04-22T21:15:06.021933+00:00,1117037,895020,9463
2339,86.726,2697,73916,2026-04-22T16:15:07.31595+00:00,558,22668,3.534,KEIKO SOFIA FUJIMORI HIGUCHI,27.861,82851,16002918,ROBERTO HELBERT SANCHEZ PALOMINO,10,JUNTOS POR EL PERÚ,10.258,7.743,30504,07845838,RAFAEL BERNARDO LÓPEZ ALIAGA CAZORLA,35,RENOVACIÓN POPULAR,6.724,5.075,19995,150000,2026-04-22T21:15:06.847668+00:00,393954,297370,10509
87529,94.355,92766,2223759,2026-04-22T17:00:06.541723+00:00,559,957588,0.116,KEIKO SOFIA FUJIMORI HIGUCHI,17.052,2709962,16002918,ROBERTO HELBERT SANCHEZ PALOMINO,10,JUNTOS POR EL PERÚ,12.023,10.018,1910742,07845838,RAFAEL BERNARDO LÓPEZ ALIAGA CAZORLA,35,RENOVACIÓN POPULAR,11.907,9.921,1892324,TOTAL,2026-04-22T22:00:05.119151+00:00,19074033,15892686,18418
85596,94.872,90223,2167669,2026-04-22T17:00:06.97128+00:00,560,941699,0.462,KEIKO SOFIA FUJIMORI HIGUCHI,17.057,2670530,16002918,ROBERTO HELBERT SANCHEZ PALOMINO,10,JUNTOS POR EL PERÚ,12.165,10.149,1904640,07845838,RAFAEL BERNARDO LÓPEZ ALIAGA CAZORLA,35,RENOVACIÓN POPULAR,11.703,9.764,1832319,PERU,2026-04-22T22:00:05.161379+00:00,18766240,15656872,72321
27924,95.476,29247,529557,2026-04-22T17:00:10.12333+00:00,561,243780,-16.655,RAFAEL BERNARDO LÓPEZ ALIAGA CAZORLA,19.925,1159531,16002918,ROBERTO HELBERT SANCHEZ PALOMINO,10,JUNTOS POR EL PERÚ,3.27,2.886,190302,07845838,RAFAEL BERNARDO LÓPEZ ALIAGA CAZORLA,35,RENOVACIÓN POPULAR,19.925,17.588,1159531,140000,2026-04-22T22:00:09.409166+00:00,6592855,5819518,-969229
2344,86.911,2697,73916,2026-04-22T17:00:10.490851+00:00,562,22668,3.534,KEIKO SOFIA FUJIMORI HIGUCHI,27.861,82851,16002918,ROBERTO HELBERT SANCHEZ PALOMINO,10,JUNTOS POR EL PERÚ,10.258,7.743,30504,07845838,RAFAEL BERNARDO LÓPEZ ALIAGA CAZORLA,35,RENOVACIÓN POPULAR,6.724,5.075,19995,150000,2026-04-22T22:00:09.628375+00:00,393954,297370,10509
87553,94.38,92766,2223759,2026-04-22T17:15:03.347416+00:00,563,957588,0.116,KEIKO SOFIA FUJIMORI HIGUCHI,17.052,2709962,16002918,ROBERTO HELBERT SANCHEZ PALOMINO,10,JUNTOS POR EL PERÚ,12.023,10.018,1910742,07845838,RAFAEL BERNARDO LÓPEZ ALIAGA CAZORLA,35,RENOVACIÓN POPULAR,11.907,9.921,1892324,TOTAL,2026-04-22T22:15:02.77255+00:00,19074033,15892686,18418
4158,98.648,4215,73902,2026-04-22T17:15:04.597641+00:00,564,38270,-0.553,JORGE NIETO MONTESINOS,18.661,162174,16002918,ROBERTO HELBERT SANCHEZ PALOMINO,10,JUNTOS POR EL PERÚ,10.059,8.909,87413,07845838,RAFAEL BERNARDO LÓPEZ ALIAGA CAZORLA,35,RENOVACIÓN POPULAR,10.612,9.398,92219,040000,2026-04-22T22:15:04.203314+00:00,981218,869046,-4806
5078,95.775,5302,152103,2026-04-22T17:15:05.98026+00:00,565,70235,1.062,KEIKO SOFIA FUJIMORI HIGUCHI,20.19,180827,16002918,ROBERTO HELBERT SANCHEZ PALOMINO,10,JUNTOS POR EL PERÚ,9.328,7.473,83545,07845838,RAFAEL BERNARDO LÓPEZ ALIAGA CAZORLA,35,RENOVACIÓN POPULAR,8.266,6.622,74027,120000,2026-04-22T22:15:05.508735+00:00,1117951,895613,9518
27924,95.476,29247,529825,2026-04-22T17:15:06.547391+00:00,566,244036,-16.652,RAFAEL BERNARDO LÓPEZ ALIAGA CAZORLA,19.922,1159852,16002918,ROBERTO HELBERT SANCHEZ PALOMINO,10,JUNTOS POR EL PERÚ,3.27,2.886,190361,07845838,RAFAEL BERNARDO LÓPEZ ALIAGA CAZORLA,35,RENOVACIÓN POPULAR,19.922,17.585,1159852,140000,2026-04-22T22:15:06.108221+00:00,6595840,5821979,-969491
2344,86.911,2697,74102,2026-04-22T17:15:06.875309+00:00,567,22691,3.599,KEIKO SOFIA FUJIMORI HIGUCHI,27.856,82962,16002918,ROBERTO HELBERT SANCHEZ PALOMINO,10,JUNTOS POR EL PERÚ,10.316,7.786,30725,07845838,RAFAEL BERNARDO LÓPEZ ALIAGA CAZORLA,35,RENOVACIÓN POPULAR,6.717,5.07,20006,150000,2026-04-22T22:15:06.164272+00:00,394621,297828,10719
87553,94.38,92766,2224607,2026-04-22T18:00:05.813823+00:00,568,958035,0.122,KEIKO SOFIA FUJIMORI HIGUCHI,17.053,2710685,16002918,ROBERTO HELBERT SANCHEZ PALOMINO,10,JUNTOS POR EL PERÚ,12.027,10.02,1911689,07845838,RAFAEL BERNARDO LÓPEZ ALIAGA CAZORLA,35,RENOVACIÓN POPULAR,11.905,9.919,1892391,TOTAL,2026-04-22T23:00:05.12183+00:00,19078205,15895563,19298
85618,94.896,90223,2168517,2026-04-22T18:00:06.181133+00:00,569,942146,0.468,KEIKO SOFIA FUJIMORI HIGUCHI,17.058,2671253,16002918,ROBERTO HELBERT SANCHEZ PALOMINO,10,JUNTOS POR EL PERÚ,12.169,10.152,1905587,07845838,RAFAEL BERNARDO LÓPEZ ALIAGA CAZORLA,35,RENOVACIÓN POPULAR,11.701,9.762,1832386,PERU,2026-04-22T23:00:05.163324+00:00,18770412,15659749,73201
5098,96.152,5302,152103,2026-04-22T18:00:08.447406+00:00,570,70235,1.062,KEIKO SOFIA FUJIMORI HIGUCHI,20.19,180827,16002918,ROBERTO HELBERT SANCHEZ PALOMINO,10,JUNTOS POR EL PERÚ,9.328,7.473,83545,07845838,RAFAEL BERNARDO LÓPEZ ALIAGA CAZORLA,35,RENOVACIÓN POPULAR,8.266,6.622,74027,120000,2026-04-22T23:00:07.923996+00:00,1117951,895613,9518
87575,94.404,92766,2224607,2026-04-22T18:15:03.477669+00:00,571,958035,0.122,KEIKO SOFIA FUJIMORI HIGUCHI,17.053,2710685,16002918,ROBERTO HELBERT SANCHEZ PALOMINO,10,JUNTOS POR EL PERÚ,12.027,10.02,1911689,07845838,RAFAEL BERNARDO LÓPEZ ALIAGA CAZORLA,35,RENOVACIÓN POPULAR,11.905,9.919,1892391,TOTAL,2026-04-22T23:15:02.668969+00:00,19078205,15895563,19298
4070,95.991,4240,119759,2026-04-22T18:15:05.04966+00:00,572,51335,38.499,ROBERTO HELBERT SANCHEZ PALOMINO,41.732,258701,16002918,ROBERTO HELBERT SANCHEZ PALOMINO,10,JUNTOS POR EL PERÚ,41.732,32.705,258701,07845838,RAFAEL BERNARDO LÓPEZ ALIAGA CAZORLA,35,RENOVACIÓN POPULAR,3.233,2.533,20039,060000,2026-04-22T23:15:04.638169+00:00,791002,619908,238662
5098,96.152,5302,152862,2026-04-22T18:15:06.182304+00:00,573,70624,1.146,KEIKO SOFIA FUJIMORI HIGUCHI,20.21,181523,16002918,ROBERTO HELBERT SANCHEZ PALOMINO,10,JUNTOS POR EL PERÚ,9.394,7.522,84375,07845838,RAFAEL BERNARDO LÓPEZ ALIAGA CAZORLA,35,RENOVACIÓN POPULAR,8.248,6.604,74080,120000,2026-04-22T23:15:05.744818+00:00,1121663,898177,10295
87592,94.423,92766,2225101,2026-04-22T19:00:05.569354+00:00,574,958287,0.125,KEIKO SOFIA FUJIMORI HIGUCHI,17.052,2711018,16002918,ROBERTO HELBERT SANCHEZ PALOMINO,10,JUNTOS POR EL PERÚ,12.029,10.022,1912438,07845838,RAFAEL BERNARDO LÓPEZ ALIAGA CAZORLA,35,RENOVACIÓN POPULAR,11.904,9.918,1892493,TOTAL,2026-04-23T00:00:05.040476+00:00,19081747,15898359,19945
85635,94.915,90223,2169011,2026-04-22T19:00:05.894523+00:00,575,942398,0.471,KEIKO SOFIA FUJIMORI HIGUCHI,17.057,2671586,16002918,ROBERTO HELBERT SANCHEZ PALOMINO,10,JUNTOS POR EL PERÚ,12.171,10.154,1906336,07845838,RAFAEL BERNARDO LÓPEZ ALIAGA CAZORLA,35,RENOVACIÓN POPULAR,11.7,9.761,1832488,PERU,2026-04-23T00:00:05.081645+00:00,18773954,15662545,73848
4164,98.79,4215,74023,2026-04-22T19:00:06.831335+00:00,576,38315,-0.529,JORGE NIETO MONTESINOS,18.648,162270,16002918,ROBERTO HELBERT SANCHEZ PALOMINO,10,JUNTOS POR EL PERÚ,10.073,8.922,87654,07845838,RAFAEL BERNARDO LÓPEZ ALIAGA CAZORLA,35,RENOVACIÓN POPULAR,10.602,9.39,92255,040000,2026-04-23T00:00:06.396904+00:00,982496,870158,-4601
1848,97.263,1900,51392,2026-04-22T19:00:07.142339+00:00,577,18373,28.69,ROBERTO HELBERT SANCHEZ PALOMINO,31.414,86650,16002918,ROBERTO HELBERT SANCHEZ PALOMINO,10,JUNTOS POR EL PERÚ,31.414,25.073,86650,07845838,RAFAEL BERNARDO LÓPEZ ALIAGA CAZORLA,35,RENOVACIÓN POPULAR,2.724,2.174,7514,050000,2026-04-23T00:00:06.600719+00:00,345596,275831,79136
5103,96.247,5302,153032,2026-04-22T19:00:08.451138+00:00,578,70760,1.17,KEIKO SOFIA FUJIMORI HIGUCHI,20.212,181707,16002918,ROBERTO HELBERT SANCHEZ PALOMINO,10,JUNTOS POR EL PERÚ,9.413,7.537,84623,07845838,RAFAEL BERNARDO LÓPEZ ALIAGA CAZORLA,35,RENOVACIÓN POPULAR,8.243,6.6,74103,120000,2026-04-23T00:00:07.953333+00:00,1122810,899018,10520
27925,95.48,29247,529848,2026-04-22T19:00:08.945157+00:00,579,244042,-16.652,RAFAEL BERNARDO LÓPEZ ALIAGA CAZORLA,19.922,1159877,16002918,ROBERTO HELBERT SANCHEZ PALOMINO,10,JUNTOS POR EL PERÚ,3.27,2.886,190366,07845838,RAFAEL BERNARDO LÓPEZ ALIAGA CAZORLA,35,RENOVACIÓN POPULAR,19.922,17.584,1159877,140000,2026-04-23T00:00:08.269997+00:00,6596075,5822185,-969511
85638,94.918,90223,2169119,2026-04-22T19:30:04.627367+00:00,580,942420,0.472,KEIKO SOFIA FUJIMORI HIGUCHI,17.057,2671663,16002918,ROBERTO HELBERT SANCHEZ PALOMINO,10,JUNTOS POR EL PERÚ,12.172,10.154,1906431,07845838,RAFAEL BERNARDO LÓPEZ ALIAGA CAZORLA,35,RENOVACIÓN POPULAR,11.7,9.761,1832542,PERU,2026-04-23T00:30:03.92999+00:00,18774567,15663028,73889
87592,94.423,92766,2225209,2026-04-22T19:30:05.152522+00:00,581,958309,0.125,KEIKO SOFIA FUJIMORI HIGUCHI,17.052,2711095,16002918,ROBERTO HELBERT SANCHEZ PALOMINO,10,JUNTOS POR EL PERÚ,12.029,10.023,1912533,07845838,RAFAEL BERNARDO LÓPEZ ALIAGA CAZORLA,35,RENOVACIÓN POPULAR,11.904,9.918,1892547,TOTAL,2026-04-23T00:30:03.931456+00:00,19082360,15898842,19986
5105,96.284,5302,153032,2026-04-22T19:30:07.95269+00:00,582,70760,1.17,KEIKO SOFIA FUJIMORI HIGUCHI,20.212,181707,16002918,ROBERTO HELBERT SANCHEZ PALOMINO,10,JUNTOS POR EL PERÚ,9.413,7.537,84623,07845838,RAFAEL BERNARDO LÓPEZ ALIAGA CAZORLA,35,RENOVACIÓN POPULAR,8.243,6.6,74103,120000,2026-04-23T00:30:07.437244+00:00,1122810,899018,10520
87595,94.426,92766,2225209,2026-04-22T19:45:03.549265+00:00,583,958309,0.125,KEIKO SOFIA FUJIMORI HIGUCHI,17.052,2711095,16002918,ROBERTO HELBERT SANCHEZ PALOMINO,10,JUNTOS POR EL PERÚ,12.029,10.023,1912533,07845838,RAFAEL BERNARDO LÓPEZ ALIAGA CAZORLA,35,RENOVACIÓN POPULAR,11.904,9.918,1892547,TOTAL,2026-04-23T00:45:02.800305+00:00,19082360,15898842,19986
1849,97.316,1900,51426,2026-04-22T19:45:04.755741+00:00,584,18379,28.692,ROBERTO HELBERT SANCHEZ PALOMINO,31.417,86696,16002918,ROBERTO HELBERT SANCHEZ PALOMINO,10,JUNTOS POR EL PERÚ,31.417,25.074,86696,07845838,RAFAEL BERNARDO LÓPEZ ALIAGA CAZORLA,35,RENOVACIÓN POPULAR,2.725,2.175,7520,050000,2026-04-23T00:45:04.285619+00:00,345759,275954,79176
5105,96.284,5302,153106,2026-04-22T19:45:05.971217+00:00,585,70776,1.17,KEIKO SOFIA FUJIMORI HIGUCHI,20.211,181769,16002918,ROBERTO HELBERT SANCHEZ PALOMINO,10,JUNTOS POR EL PERÚ,9.415,7.538,84672,07845838,RAFAEL BERNARDO LÓPEZ ALIAGA CAZORLA,35,RENOVACIÓN POPULAR,8.245,6.601,74151,120000,2026-04-23T00:45:05.495847+00:00,1123260,899378,10521
87619,94.452,92766,2225794,2026-04-22T20:30:04.93759+00:00,586,958586,0.129,KEIKO SOFIA FUJIMORI HIGUCHI,17.049,2711453,16002918,ROBERTO HELBERT SANCHEZ PALOMINO,10,JUNTOS POR EL PERÚ,12.031,10.024,1913335,07845838,RAFAEL BERNARDO LÓPEZ ALIAGA CAZORLA,35,RENOVACIÓN POPULAR,11.902,9.916,1892783,TOTAL,2026-04-23T01:30:04.375687+00:00,19087890,15903510,20552
85662,94.945,90223,2169704,2026-04-22T20:30:05.275944+00:00,587,942697,0.475,KEIKO SOFIA FUJIMORI HIGUCHI,17.054,2672021,16002918,ROBERTO HELBERT SANCHEZ PALOMINO,10,JUNTOS POR EL PERÚ,12.173,10.156,1907233,07845838,RAFAEL BERNARDO LÓPEZ ALIAGA CAZORLA,35,RENOVACIÓN POPULAR,11.698,9.759,1832778,PERU,2026-04-23T01:30:04.41604+00:00,18780097,15667696,74455
3231,93.059,3472,97178,2026-04-22T20:30:05.960759+00:00,588,46130,8.902,KEIKO SOFIA FUJIMORI HIGUCHI,18.036,91264,16002918,ROBERTO HELBERT SANCHEZ PALOMINO,10,JUNTOS POR EL PERÚ,14.928,11.633,75536,07845838,RAFAEL BERNARDO LÓPEZ ALIAGA CAZORLA,35,RENOVACIÓN POPULAR,6.026,4.696,30493,020000,2026-04-23T01:30:05.401337+00:00,649319,506011,45043
1865,98.158,1900,51803,2026-04-22T20:30:06.664658+00:00,589,18575,28.56,ROBERTO HELBERT SANCHEZ PALOMINO,31.287,87278,16002918,ROBERTO HELBERT SANCHEZ PALOMINO,10,JUNTOS POR EL PERÚ,31.287,24.984,87278,07845838,RAFAEL BERNARDO LÓPEZ ALIAGA CAZORLA,35,RENOVACIÓN POPULAR,2.727,2.178,7608,050000,2026-04-23T01:30:06.130724+00:00,349339,278961,79670
5106,96.303,5302,153121,2026-04-22T20:30:08.205453+00:00,590,70793,1.164,KEIKO SOFIA FUJIMORI HIGUCHI,20.209,181796,16002918,ROBERTO HELBERT SANCHEZ PALOMINO,10,JUNTOS POR EL PERÚ,9.413,7.537,84680,07845838,RAFAEL BERNARDO LÓPEZ ALIAGA CAZORLA,35,RENOVACIÓN POPULAR,8.249,6.605,74205,120000,2026-04-23T01:30:07.33317+00:00,1123515,899601,10475
1021,98.079,1041,18540,2026-04-22T20:30:09.825215+00:00,591,9008,5.596,RICARDO PABLO BELMONT CASSINELLI,14.619,31682,16002918,ROBERTO HELBERT SANCHEZ PALOMINO,10,JUNTOS POR EL PERÚ,11.833,10.499,25646,07845838,RAFAEL BERNARDO LÓPEZ ALIAGA CAZORLA,35,RENOVACIÓN POPULAR,6.237,5.534,13517,220000,2026-04-23T01:30:09.38758+00:00,244273,216725,12129
85704,94.991,90223,2170496,2026-04-22T22:00:05.498994+00:00,592,943281,0.478,KEIKO SOFIA FUJIMORI HIGUCHI,17.052,2673009,16002918,ROBERTO HELBERT SANCHEZ PALOMINO,10,JUNTOS POR EL PERÚ,12.174,10.156,1908301,07845838,RAFAEL BERNARDO LÓPEZ ALIAGA CAZORLA,35,RENOVACIÓN POPULAR,11.696,9.758,1833477,PERU,2026-04-23T03:00:04.813228+00:00,18789451,15675674,74824
87619,94.452,92766,2228019,2026-04-22T22:00:05.902656+00:00,593,959635,0.12,KEIKO SOFIA FUJIMORI HIGUCHI,17.047,2713629,16002918,ROBERTO HELBERT SANCHEZ PALOMINO,10,JUNTOS POR EL PERÚ,12.027,10.02,1914539,07845838,RAFAEL BERNARDO LÓPEZ ALIAGA CAZORLA,35,RENOVACIÓN POPULAR,11.907,9.92,1895444,TOTAL,2026-04-23T03:00:04.854464+00:00,19106474,15918820,19095
2010,79.041,2543,57523,2026-04-22T22:00:06.222345+00:00,594,16354,-22.92,RAFAEL BERNARDO LÓPEZ ALIAGA CAZORLA,25.486,61967,16002918,ROBERTO HELBERT SANCHEZ PALOMINO,10,JUNTOS POR EL PERÚ,2.566,1.968,6238,07845838,RAFAEL BERNARDO LÓPEZ ALIAGA CAZORLA,35,RENOVACIÓN POPULAR,25.486,19.547,61967,EXTRANJERO,2026-04-23T03:00:05.605332+00:00,317023,243146,-55729
27935,95.514,29247,530058,2026-04-22T22:00:08.873852+00:00,596,244210,-16.649,RAFAEL BERNARDO LÓPEZ ALIAGA CAZORLA,19.919,1160105,16002918,ROBERTO HELBERT SANCHEZ PALOMINO,10,JUNTOS POR EL PERÚ,3.27,2.886,190438,07845838,RAFAEL BERNARDO LÓPEZ ALIAGA CAZORLA,35,RENOVACIÓN POPULAR,19.919,17.582,1160105,140000,2026-04-23T03:00:08.39595+00:00,6598393,5824125,-969667
2784,96.066,2898,59945,2026-04-22T22:00:10.845664+00:00,598,28155,-11.988,KEIKO SOFIA FUJIMORI HIGUCHI,20.671,115070,16002918,ROBERTO HELBERT SANCHEZ PALOMINO,10,JUNTOS POR EL PERÚ,3.005,2.595,16730,07845838,RAFAEL BERNARDO LÓPEZ ALIAGA CAZORLA,35,RENOVACIÓN POPULAR,14.993,12.944,83460,240000,2026-04-23T03:00:10.446943+00:00,644778,556678,-66730
90502,97.559,92766,2310369,2026-05-02T18:45:03.513311+00:00,1471,1001517,0.169,KEIKO SOFIA FUJIMORI HIGUCHI,17.125,2804927,16002918,ROBERTO HELBERT SANCHEZ PALOMINO,10,JUNTOS POR EL PERÚ,12.047,10.021,1973225,07845838,RAFAEL BERNARDO LÓPEZ ALIAGA CAZORLA,35,RENOVACIÓN POPULAR,11.878,9.881,1945570,TOTAL,2026-05-02T23:45:03.095582+00:00,19690844,16378958,27655
88139,97.69,90223,2241273,2026-05-02T18:45:03.953603+00:00,1472,980490,0.576,KEIKO SOFIA FUJIMORI HIGUCHI,17.13,2756262,16002918,ROBERTO HELBERT SANCHEZ PALOMINO,10,JUNTOS POR EL PERÚ,12.217,10.179,1965748,07845838,RAFAEL BERNARDO LÓPEZ ALIAGA CAZORLA,35,RENOVACIÓN POPULAR,11.641,9.699,1873124,PERU,2026-05-02T23:45:03.136783+00:00,19312174,16090411,92624
2349,96.152,2443,68659,2026-05-02T18:45:05.796898+00:00,1473,27866,-1.702,KEIKO SOFIA FUJIMORI HIGUCHI,20.303,94406,16002918,ROBERTO HELBERT SANCHEZ PALOMINO,10,JUNTOS POR EL PERÚ,7.715,6.389,35874,07845838,RAFAEL BERNARDO LÓPEZ ALIAGA CAZORLA,35,RENOVACIÓN POPULAR,9.417,7.798,43789,100000,2026-05-02T23:45:05.301503+00:00,561519,464994,-7915
3678,99.648,3691,107026,2026-05-02T18:45:06.177608+00:00,1474,42004,4.706,KEIKO SOFIA FUJIMORI HIGUCHI,17.068,108184,16002918,ROBERTO HELBERT SANCHEZ PALOMINO,10,JUNTOS POR EL PERÚ,12.295,9.954,77928,07845838,RAFAEL BERNARDO LÓPEZ ALIAGA CAZORLA,35,RENOVACIÓN POPULAR,7.589,6.145,48104,110000,2026-05-02T23:45:05.465309+00:00,782863,633833,29824
28452,97.282,29247,541050,2026-05-02T18:45:06.81224+00:00,1475,251125,-16.612,RAFAEL BERNARDO LÓPEZ ALIAGA CAZORLA,19.895,1179783,16002918,ROBERTO HELBERT SANCHEZ PALOMINO,10,JUNTOS POR EL PERÚ,3.283,2.897,194713,07845838,RAFAEL BERNARDO LÓPEZ ALIAGA CAZORLA,35,RENOVACIÓN POPULAR,19.895,17.55,1179783,140000,2026-05-02T23:45:06.327892+00:00,6722299,5930124,-985070
2439,96.251,2534,100805,2026-05-02T18:45:08.03562+00:00,1476,37244,18.092,ROBERTO HELBERT SANCHEZ PALOMINO,23.95,89904,16002918,ROBERTO HELBERT SANCHEZ PALOMINO,10,JUNTOS POR EL PERÚ,23.95,17.51,89904,07845838,RAFAEL BERNARDO LÓPEZ ALIAGA CAZORLA,35,RENOVACIÓN POPULAR,5.858,4.283,21989,210000,2026-05-02T23:45:07.661151+00:00,513430,375381,67915
1498,95.78,1564,56180,2026-05-02T18:45:08.678495+00:00,1477,16528,7.144,KEIKO SOFIA FUJIMORI HIGUCHI,29.563,64253,16002918,ROBERTO HELBERT SANCHEZ PALOMINO,10,JUNTOS POR EL PERÚ,12.852,9.63,27932,07845838,RAFAEL BERNARDO LÓPEZ ALIAGA CAZORLA,35,RENOVACIÓN POPULAR,5.708,4.277,12405,250000,2026-05-02T23:45:08.428647+00:00,290047,217339,15527
88240,97.802,90223,2244505,2026-05-03T11:30:05.3366+00:00,1513,982021,0.575,KEIKO SOFIA FUJIMORI HIGUCHI,17.136,2760339,16002918,ROBERTO HELBERT SANCHEZ PALOMINO,10,JUNTOS POR EL PERÚ,12.213,10.175,1967445,07845838,RAFAEL BERNARDO LÓPEZ ALIAGA CAZORLA,35,RENOVACIÓN POPULAR,11.638,9.696,1874792,PERU,2026-05-03T16:30:04.559149+00:00,19335343,16108817,92653
90644,97.713,92766,2314976,2026-05-03T11:30:05.664836+00:00,1514,1003805,0.163,KEIKO SOFIA FUJIMORI HIGUCHI,17.131,2809866,16002918,ROBERTO HELBERT SANCHEZ PALOMINO,10,JUNTOS POR EL PERÚ,12.041,10.015,1975034,07845838,RAFAEL BERNARDO LÓPEZ ALIAGA CAZORLA,35,RENOVACIÓN POPULAR,11.878,9.879,1948233,TOTAL,2026-05-03T16:30:04.560598+00:00,19720779,16401998,26801
28478,97.371,29247,541469,2026-05-03T11:30:08.042638+00:00,1515,251285,-16.606,RAFAEL BERNARDO LÓPEZ ALIAGA CAZORLA,19.89,1180221,16002918,ROBERTO HELBERT SANCHEZ PALOMINO,10,JUNTOS POR EL PERÚ,3.284,2.897,194833,07845838,RAFAEL BERNARDO LÓPEZ ALIAGA CAZORLA,35,RENOVACIÓN POPULAR,19.89,17.546,1180221,140000,2026-05-03T16:30:07.595959+00:00,6726348,5933594,-985388
2479,97.83,2534,102331,2026-05-03T11:30:09.333037+00:00,1516,37965,17.858,ROBERTO HELBERT SANCHEZ PALOMINO,23.746,90707,16002918,ROBERTO HELBERT SANCHEZ PALOMINO,10,JUNTOS POR EL PERÚ,23.746,17.367,90707,07845838,RAFAEL BERNARDO LÓPEZ ALIAGA CAZORLA,35,RENOVACIÓN POPULAR,5.888,4.306,22491,210000,2026-05-03T16:30:08.752058+00:00,522287,381991,68216
2845,98.171,2898,61320,2026-05-03T11:30:09.906163+00:00,1517,29207,-12.03,KEIKO SOFIA FUJIMORI HIGUCHI,20.667,117507,16002918,ROBERTO HELBERT SANCHEZ PALOMINO,10,JUNTOS POR EL PERÚ,3.005,2.593,17088,07845838,RAFAEL BERNARDO LÓPEZ ALIAGA CAZORLA,35,RENOVACIÓN POPULAR,15.035,12.97,85484,240000,2026-05-03T16:30:09.465566+00:00,659101,568574,-68396
88284,97.851,90223,2246304,2026-05-03T21:15:04.663878+00:00,1547,982661,0.582,KEIKO SOFIA FUJIMORI HIGUCHI,17.136,2761560,16002918,ROBERTO HELBERT SANCHEZ PALOMINO,10,JUNTOS POR EL PERÚ,12.219,10.179,1969104,07845838,RAFAEL BERNARDO LÓPEZ ALIAGA CAZORLA,35,RENOVACIÓN POPULAR,11.637,9.694,1875313,PERU,2026-05-04T02:15:04.18064+00:00,19344601,16115636,93791
90693,97.765,92766,2316775,2026-05-03T21:15:05.036455+00:00,1548,1004445,0.171,KEIKO SOFIA FUJIMORI HIGUCHI,17.132,2811087,16002918,ROBERTO HELBERT SANCHEZ PALOMINO,10,JUNTOS POR EL PERÚ,12.047,10.019,1976693,07845838,RAFAEL BERNARDO LÓPEZ ALIAGA CAZORLA,35,RENOVACIÓN POPULAR,11.876,9.877,1948754,TOTAL,2026-05-04T02:15:04.222367+00:00,19730037,16408817,27939
28485,97.395,29247,541605,2026-05-03T21:15:08.115336+00:00,1549,251334,-16.608,RAFAEL BERNARDO LÓPEZ ALIAGA CAZORLA,19.891,1180527,16002918,ROBERTO HELBERT SANCHEZ PALOMINO,10,JUNTOS POR EL PERÚ,3.283,2.896,194870,07845838,RAFAEL BERNARDO LÓPEZ ALIAGA CAZORLA,35,RENOVACIÓN POPULAR,19.891,17.547,1180527,140000,2026-05-04T02:15:07.515072+00:00,6727960,5935021,-985657
90715,97.789,92766,2317063,2026-05-04T02:45:04.468925+00:00,1567,1004532,0.161,KEIKO SOFIA FUJIMORI HIGUCHI,17.131,2811747,16002918,ROBERTO HELBERT SANCHEZ PALOMINO,10,JUNTOS POR EL PERÚ,12.043,10.016,1976734,07845838,RAFAEL BERNARDO LÓPEZ ALIAGA CAZORLA,35,RENOVACIÓN POPULAR,11.882,9.882,1950243,TOTAL,2026-05-04T07:45:03.649978+00:00,19734970,16413375,26491
28507,97.47,29247,541893,2026-05-04T02:45:06.991023+00:00,1568,251421,-16.619,RAFAEL BERNARDO LÓPEZ ALIAGA CAZORLA,19.901,1182016,16002918,ROBERTO HELBERT SANCHEZ PALOMINO,10,JUNTOS POR EL PERÚ,3.282,2.895,194911,07845838,RAFAEL BERNARDO LÓPEZ ALIAGA CAZORLA,35,RENOVACIÓN POPULAR,19.901,17.556,1182016,140000,2026-05-04T07:45:06.641562+00:00,6732893,5939579,-987105
88328,97.9,90223,2247094,2026-05-04T16:30:06.068181+00:00,1595,983026,0.571,KEIKO SOFIA FUJIMORI HIGUCHI,17.136,2762877,16002918,ROBERTO HELBERT SANCHEZ PALOMINO,10,JUNTOS POR EL PERÚ,12.214,10.176,1969312,07845838,RAFAEL BERNARDO LÓPEZ ALIAGA CAZORLA,35,RENOVACIÓN POPULAR,11.643,9.7,1877307,PERU,2026-05-04T21:30:05.122898+00:00,19353462,16123342,92005
90732,97.807,92766,2317565,2026-05-04T16:30:07.32566+00:00,1596,1004810,0.159,KEIKO SOFIA FUJIMORI HIGUCHI,17.132,2812404,16002918,ROBERTO HELBERT SANCHEZ PALOMINO,10,JUNTOS POR EL PERÚ,12.042,10.015,1976901,07845838,RAFAEL BERNARDO LÓPEZ ALIAGA CAZORLA,35,RENOVACIÓN POPULAR,11.883,9.883,1950748,TOTAL,2026-05-04T21:30:05.124317+00:00,19738898,16416523,26153
4070,95.991,4240,119790,2026-04-22T22:00:07.371096+00:00,595,51357,38.504,ROBERTO HELBERT SANCHEZ PALOMINO,41.736,258779,16002918,ROBERTO HELBERT SANCHEZ PALOMINO,10,JUNTOS POR EL PERÚ,41.736,32.708,258779,07845838,RAFAEL BERNARDO LÓPEZ ALIAGA CAZORLA,35,RENOVACIÓN POPULAR,3.232,2.533,20041,060000,2026-04-23T03:00:06.859857+00:00,791189,620042,238738
3305,97.292,3397,76020,2026-04-22T22:00:10.009668+00:00,597,39719,22.874,ROBERTO HELBERT SANCHEZ PALOMINO,24.799,158184,16002918,ROBERTO HELBERT SANCHEZ PALOMINO,10,JUNTOS POR EL PERÚ,24.799,20.991,158184,07845838,RAFAEL BERNARDO LÓPEZ ALIAGA CAZORLA,35,RENOVACIÓN POPULAR,1.925,1.63,12280,200000,2026-04-23T03:00:09.497962+00:00,753592,637853,145904
87714,94.554,92766,2228019,2026-04-22T22:15:03.393115+00:00,599,959635,0.12,KEIKO SOFIA FUJIMORI HIGUCHI,17.047,2713629,16002918,ROBERTO HELBERT SANCHEZ PALOMINO,10,JUNTOS POR EL PERÚ,12.027,10.02,1914539,07845838,RAFAEL BERNARDO LÓPEZ ALIAGA CAZORLA,35,RENOVACIÓN POPULAR,11.907,9.92,1895444,TOTAL,2026-04-23T03:15:02.983493+00:00,19106474,15918820,19095
4071,96.014,4240,119790,2026-04-22T22:15:04.918643+00:00,600,51357,38.504,ROBERTO HELBERT SANCHEZ PALOMINO,41.736,258779,16002918,ROBERTO HELBERT SANCHEZ PALOMINO,10,JUNTOS POR EL PERÚ,41.736,32.708,258779,07845838,RAFAEL BERNARDO LÓPEZ ALIAGA CAZORLA,35,RENOVACIÓN POPULAR,3.232,2.533,20041,060000,2026-04-23T03:15:04.374625+00:00,791189,620042,238738
5118,96.53,5302,153305,2026-04-22T22:15:06.079782+00:00,601,70951,1.125,KEIKO SOFIA FUJIMORI HIGUCHI,20.194,182168,16002918,ROBERTO HELBERT SANCHEZ PALOMINO,10,JUNTOS POR EL PERÚ,9.392,7.522,84724,07845838,RAFAEL BERNARDO LÓPEZ ALIAGA CAZORLA,35,RENOVACIÓN POPULAR,8.267,6.621,74572,120000,2026-04-23T03:15:05.490996+00:00,1126345,902089,10152
3323,97.822,3397,76020,2026-04-22T22:15:07.564632+00:00,602,39719,22.874,ROBERTO HELBERT SANCHEZ PALOMINO,24.799,158184,16002918,ROBERTO HELBERT SANCHEZ PALOMINO,10,JUNTOS POR EL PERÚ,24.799,20.991,158184,07845838,RAFAEL BERNARDO LÓPEZ ALIAGA CAZORLA,35,RENOVACIÓN POPULAR,1.925,1.63,12280,200000,2026-04-23T03:15:07.047381+00:00,753592,637853,145904
2785,96.101,2898,59945,2026-04-22T22:15:08.438934+00:00,603,28155,-11.988,KEIKO SOFIA FUJIMORI HIGUCHI,20.671,115070,16002918,ROBERTO HELBERT SANCHEZ PALOMINO,10,JUNTOS POR EL PERÚ,3.005,2.595,16730,07845838,RAFAEL BERNARDO LÓPEZ ALIAGA CAZORLA,35,RENOVACIÓN POPULAR,14.993,12.944,83460,240000,2026-04-23T03:15:07.947002+00:00,644778,556678,-66730
85704,94.991,90223,2170520,2026-04-22T22:30:04.679803+00:00,604,943285,0.478,KEIKO SOFIA FUJIMORI HIGUCHI,17.052,2673023,16002918,ROBERTO HELBERT SANCHEZ PALOMINO,10,JUNTOS POR EL PERÚ,12.174,10.157,1908379,07845838,RAFAEL BERNARDO LÓPEZ ALIAGA CAZORLA,35,RENOVACIÓN POPULAR,11.696,9.758,1833479,PERU,2026-04-23T03:30:04.184642+00:00,18789608,15675803,74900
87714,94.554,92766,2228223,2026-04-22T22:30:05.087486+00:00,605,959698,0.12,KEIKO SOFIA FUJIMORI HIGUCHI,17.047,2713758,16002918,ROBERTO HELBERT SANCHEZ PALOMINO,10,JUNTOS POR EL PERÚ,12.027,10.02,1914635,07845838,RAFAEL BERNARDO LÓPEZ ALIAGA CAZORLA,35,RENOVACIÓN POPULAR,11.907,9.921,1895578,TOTAL,2026-04-23T03:30:04.22593+00:00,19107455,15919534,19057
2015,79.237,2543,57703,2026-04-22T22:30:05.342136+00:00,606,16413,-22.911,RAFAEL BERNARDO LÓPEZ ALIAGA CAZORLA,25.478,62099,16002918,ROBERTO HELBERT SANCHEZ PALOMINO,10,JUNTOS POR EL PERÚ,2.567,1.968,6256,07845838,RAFAEL BERNARDO LÓPEZ ALIAGA CAZORLA,35,RENOVACIÓN POPULAR,25.478,19.537,62099,EXTRANJERO,2026-04-23T03:30:04.282327+00:00,317847,243731,-55843
4071,96.014,4240,119814,2026-04-22T22:30:06.569846+00:00,607,51361,38.508,ROBERTO HELBERT SANCHEZ PALOMINO,41.74,258857,16002918,ROBERTO HELBERT SANCHEZ PALOMINO,10,JUNTOS POR EL PERÚ,41.74,32.711,258857,07845838,RAFAEL BERNARDO LÓPEZ ALIAGA CAZORLA,35,RENOVACIÓN POPULAR,3.232,2.533,20043,060000,2026-04-23T03:30:06.120634+00:00,791346,620171,238814
85705,94.992,90223,2170520,2026-04-22T22:45:03.379139+00:00,608,943285,0.478,KEIKO SOFIA FUJIMORI HIGUCHI,17.052,2673023,16002918,ROBERTO HELBERT SANCHEZ PALOMINO,10,JUNTOS POR EL PERÚ,12.174,10.157,1908379,07845838,RAFAEL BERNARDO LÓPEZ ALIAGA CAZORLA,35,RENOVACIÓN POPULAR,11.696,9.758,1833479,PERU,2026-04-23T03:45:02.915299+00:00,18789608,15675803,74900
87720,94.561,92766,2228223,2026-04-22T22:45:03.676742+00:00,609,959698,0.12,KEIKO SOFIA FUJIMORI HIGUCHI,17.047,2713758,16002918,ROBERTO HELBERT SANCHEZ PALOMINO,10,JUNTOS POR EL PERÚ,12.027,10.02,1914635,07845838,RAFAEL BERNARDO LÓPEZ ALIAGA CAZORLA,35,RENOVACIÓN POPULAR,11.907,9.921,1895578,TOTAL,2026-04-23T03:45:02.956308+00:00,19107455,15919534,19057
4072,96.038,4240,119814,2026-04-22T22:45:04.751704+00:00,610,51361,38.508,ROBERTO HELBERT SANCHEZ PALOMINO,41.74,258857,16002918,ROBERTO HELBERT SANCHEZ PALOMINO,10,JUNTOS POR EL PERÚ,41.74,32.711,258857,07845838,RAFAEL BERNARDO LÓPEZ ALIAGA CAZORLA,35,RENOVACIÓN POPULAR,3.232,2.533,20043,060000,2026-04-23T03:45:04.311891+00:00,791346,620171,238814
87734,94.576,92766,2228535,2026-04-22T23:15:03.542044+00:00,611,959812,0.117,KEIKO SOFIA FUJIMORI HIGUCHI,17.046,2714019,16002918,ROBERTO HELBERT SANCHEZ PALOMINO,10,JUNTOS POR EL PERÚ,12.026,10.019,1914663,07845838,RAFAEL BERNARDO LÓPEZ ALIAGA CAZORLA,35,RENOVACIÓN POPULAR,11.909,9.922,1896111,TOTAL,2026-04-23T04:15:03.148818+00:00,19109690,15921343,18552
2029,79.788,2543,58015,2026-04-22T23:15:03.808225+00:00,612,16527,-22.949,RAFAEL BERNARDO LÓPEZ ALIAGA CAZORLA,25.508,62632,16002918,ROBERTO HELBERT SANCHEZ PALOMINO,10,JUNTOS POR EL PERÚ,2.559,1.963,6284,07845838,RAFAEL BERNARDO LÓPEZ ALIAGA CAZORLA,35,RENOVACIÓN POPULAR,25.508,19.567,62632,EXTRANJERO,2026-04-23T04:15:03.278255+00:00,320082,245540,-56348
87734,94.576,92766,2228865,2026-04-22T23:30:05.119352+00:00,613,959995,0.118,KEIKO SOFIA FUJIMORI HIGUCHI,17.046,2714304,16002918,ROBERTO HELBERT SANCHEZ PALOMINO,10,JUNTOS POR EL PERÚ,12.028,10.021,1915231,07845838,RAFAEL BERNARDO LÓPEZ ALIAGA CAZORLA,35,RENOVACIÓN POPULAR,11.91,9.923,1896453,TOTAL,2026-04-23T04:30:04.076951+00:00,19112312,15923452,18778
85705,94.992,90223,2170778,2026-04-22T23:30:05.393734+00:00,614,943446,0.481,KEIKO SOFIA FUJIMORI HIGUCHI,17.052,2673227,16002918,ROBERTO HELBERT SANCHEZ PALOMINO,10,JUNTOS POR EL PERÚ,12.177,10.159,1908935,07845838,RAFAEL BERNARDO LÓPEZ ALIAGA CAZORLA,35,RENOVACIÓN POPULAR,11.696,9.757,1833543,PERU,2026-04-23T04:30:04.118206+00:00,18791402,15677178,75392
2034,79.984,2543,58087,2026-04-22T23:30:05.682407+00:00,615,16549,-22.988,RAFAEL BERNARDO LÓPEZ ALIAGA CAZORLA,25.545,62910,16002918,ROBERTO HELBERT SANCHEZ PALOMINO,10,JUNTOS POR EL PERÚ,2.557,1.962,6296,07845838,RAFAEL BERNARDO LÓPEZ ALIAGA CAZORLA,35,RENOVACIÓN POPULAR,25.545,19.604,62910,EXTRANJERO,2026-04-23T04:30:05.221258+00:00,320910,246274,-56614
4072,96.038,4240,120072,2026-04-22T23:30:06.756567+00:00,616,51522,38.502,ROBERTO HELBERT SANCHEZ PALOMINO,41.737,259413,16002918,ROBERTO HELBERT SANCHEZ PALOMINO,10,JUNTOS POR EL PERÚ,41.737,32.707,259413,07845838,RAFAEL BERNARDO LÓPEZ ALIAGA CAZORLA,35,RENOVACIÓN POPULAR,3.235,2.535,20107,060000,2026-04-23T04:30:06.323169+00:00,793140,621546,239306
87748,94.591,92766,2228865,2026-04-22T23:45:03.499065+00:00,617,959995,0.118,KEIKO SOFIA FUJIMORI HIGUCHI,17.046,2714304,16002918,ROBERTO HELBERT SANCHEZ PALOMINO,10,JUNTOS POR EL PERÚ,12.028,10.021,1915231,07845838,RAFAEL BERNARDO LÓPEZ ALIAGA CAZORLA,35,RENOVACIÓN POPULAR,11.91,9.923,1896453,TOTAL,2026-04-23T04:45:02.804549+00:00,19112312,15923452,18778
85714,95.002,90223,2170778,2026-04-22T23:45:03.789347+00:00,618,943446,0.481,KEIKO SOFIA FUJIMORI HIGUCHI,17.052,2673227,16002918,ROBERTO HELBERT SANCHEZ PALOMINO,10,JUNTOS POR EL PERÚ,12.177,10.159,1908935,07845838,RAFAEL BERNARDO LÓPEZ ALIAGA CAZORLA,35,RENOVACIÓN POPULAR,11.696,9.757,1833543,PERU,2026-04-23T04:45:02.806019+00:00,18791402,15677178,75392
4081,96.25,4240,120072,2026-04-22T23:45:05.087396+00:00,619,51522,38.502,ROBERTO HELBERT SANCHEZ PALOMINO,41.737,259413,16002918,ROBERTO HELBERT SANCHEZ PALOMINO,10,JUNTOS POR EL PERÚ,41.737,32.707,259413,07845838,RAFAEL BERNARDO LÓPEZ ALIAGA CAZORLA,35,RENOVACIÓN POPULAR,3.235,2.535,20107,060000,2026-04-23T04:45:04.578875+00:00,793140,621546,239306
85752,95.045,90223,2171840,2026-04-23T01:00:05.223977+00:00,620,944114,0.491,KEIKO SOFIA FUJIMORI HIGUCHI,17.052,2674336,16002918,ROBERTO HELBERT SANCHEZ PALOMINO,10,JUNTOS POR EL PERÚ,12.184,10.164,1910849,07845838,RAFAEL BERNARDO LÓPEZ ALIAGA CAZORLA,35,RENOVACIÓN POPULAR,11.693,9.755,1833825,PERU,2026-04-23T06:00:04.744384+00:00,18799300,15683346,77024
87786,94.632,92766,2229927,2026-04-23T01:00:05.539895+00:00,621,960663,0.128,KEIKO SOFIA FUJIMORI HIGUCHI,17.046,2715413,16002918,ROBERTO HELBERT SANCHEZ PALOMINO,10,JUNTOS POR EL PERÚ,12.035,10.027,1917145,07845838,RAFAEL BERNARDO LÓPEZ ALIAGA CAZORLA,35,RENOVACIÓN POPULAR,11.907,9.92,1896735,TOTAL,2026-04-23T06:00:04.786057+00:00,19120210,15929620,20410
4119,97.146,4240,121134,2026-04-23T01:00:06.617387+00:00,622,52190,38.384,ROBERTO HELBERT SANCHEZ PALOMINO,41.632,261327,16002918,ROBERTO HELBERT SANCHEZ PALOMINO,10,JUNTOS POR EL PERÚ,41.632,32.624,261327,07845838,RAFAEL BERNARDO LÓPEZ ALIAGA CAZORLA,35,RENOVACIÓN POPULAR,3.248,2.545,20389,060000,2026-04-23T06:00:06.049421+00:00,801038,627714,240938
87792,94.638,92766,2230111,2026-04-23T09:45:03.576297+00:00,623,960751,0.128,KEIKO SOFIA FUJIMORI HIGUCHI,17.047,2715670,16002918,ROBERTO HELBERT SANCHEZ PALOMINO,10,JUNTOS POR EL PERÚ,12.035,10.027,1917285,07845838,RAFAEL BERNARDO LÓPEZ ALIAGA CAZORLA,35,RENOVACIÓN POPULAR,11.907,9.92,1896806,TOTAL,2026-04-23T14:45:02.800675+00:00,19121509,15930647,20479
85752,95.045,90223,2172024,2026-04-23T09:45:04.156515+00:00,624,944202,0.491,KEIKO SOFIA FUJIMORI HIGUCHI,17.053,2674593,16002918,ROBERTO HELBERT SANCHEZ PALOMINO,10,JUNTOS POR EL PERÚ,12.184,10.165,1910989,07845838,RAFAEL BERNARDO LÓPEZ ALIAGA CAZORLA,35,RENOVACIÓN POPULAR,11.693,9.754,1833896,PERU,2026-04-23T14:45:02.841382+00:00,18800599,15684373,77093
2179,93.08,2341,67523,2026-04-23T09:45:06.152189+00:00,625,22732,23.528,ROBERTO HELBERT SANCHEZ PALOMINO,29.49,94008,16002918,ROBERTO HELBERT SANCHEZ PALOMINO,10,JUNTOS POR EL PERÚ,29.49,22.983,94008,07845838,RAFAEL BERNARDO LÓPEZ ALIAGA CAZORLA,35,RENOVACIÓN POPULAR,5.962,4.646,19004,090000,2026-04-23T14:45:05.450948+00:00,409031,318776,75004
85758,95.051,90223,2172024,2026-04-23T10:00:05.121756+00:00,626,944202,0.491,KEIKO SOFIA FUJIMORI HIGUCHI,17.053,2674593,16002918,ROBERTO HELBERT SANCHEZ PALOMINO,10,JUNTOS POR EL PERÚ,12.184,10.165,1910989,07845838,RAFAEL BERNARDO LÓPEZ ALIAGA CAZORLA,35,RENOVACIÓN POPULAR,11.693,9.754,1833896,PERU,2026-04-23T15:00:04.451638+00:00,18800599,15684373,77093
2179,93.08,2341,67707,2026-04-23T10:00:07.302625+00:00,627,22820,23.474,ROBERTO HELBERT SANCHEZ PALOMINO,29.439,94148,16002918,ROBERTO HELBERT SANCHEZ PALOMINO,10,JUNTOS POR EL PERÚ,29.439,22.944,94148,07845838,RAFAEL BERNARDO LÓPEZ ALIAGA CAZORLA,35,RENOVACIÓN POPULAR,5.965,4.649,19075,090000,2026-04-23T15:00:06.893599+00:00,410330,319803,75073
87792,94.638,92766,2230288,2026-04-23T10:30:04.258373+00:00,628,960846,0.129,KEIKO SOFIA FUJIMORI HIGUCHI,17.047,2715921,16002918,ROBERTO HELBERT SANCHEZ PALOMINO,10,JUNTOS POR EL PERÚ,12.035,10.027,1917364,07845838,RAFAEL BERNARDO LÓPEZ ALIAGA CAZORLA,35,RENOVACIÓN POPULAR,11.906,9.919,1896867,TOTAL,2026-04-23T15:30:03.478902+00:00,19122876,15931742,20497
85758,95.051,90223,2172201,2026-04-23T10:30:04.641247+00:00,629,944297,0.492,KEIKO SOFIA FUJIMORI HIGUCHI,17.053,2674844,16002918,ROBERTO HELBERT SANCHEZ PALOMINO,10,JUNTOS POR EL PERÚ,12.184,10.164,1911068,07845838,RAFAEL BERNARDO LÓPEZ ALIAGA CAZORLA,35,RENOVACIÓN POPULAR,11.692,9.754,1833957,PERU,2026-04-23T15:30:03.519724+00:00,18801966,15685468,77111
87798,94.645,92766,2230288,2026-04-23T10:45:03.041775+00:00,630,960846,0.129,KEIKO SOFIA FUJIMORI HIGUCHI,17.047,2715921,16002918,ROBERTO HELBERT SANCHEZ PALOMINO,10,JUNTOS POR EL PERÚ,12.035,10.027,1917364,07845838,RAFAEL BERNARDO LÓPEZ ALIAGA CAZORLA,35,RENOVACIÓN POPULAR,11.906,9.919,1896867,TOTAL,2026-04-23T15:45:02.60572+00:00,19122876,15931742,20497
85764,95.058,90223,2172201,2026-04-23T10:45:03.486189+00:00,631,944297,0.492,KEIKO SOFIA FUJIMORI HIGUCHI,17.053,2674844,16002918,ROBERTO HELBERT SANCHEZ PALOMINO,10,JUNTOS POR EL PERÚ,12.184,10.164,1911068,07845838,RAFAEL BERNARDO LÓPEZ ALIAGA CAZORLA,35,RENOVACIÓN POPULAR,11.692,9.754,1833957,PERU,2026-04-23T15:45:02.647048+00:00,18801966,15685468,77111
5124,96.643,5302,153482,2026-04-23T10:45:05.785445+00:00,632,71046,1.126,KEIKO SOFIA FUJIMORI HIGUCHI,20.197,182419,16002918,ROBERTO HELBERT SANCHEZ PALOMINO,10,JUNTOS POR EL PERÚ,9.389,7.52,84803,07845838,RAFAEL BERNARDO LÓPEZ ALIAGA CAZORLA,35,RENOVACIÓN POPULAR,8.263,6.618,74633,120000,2026-04-23T15:45:05.234061+00:00,1127712,903184,10170
85764,95.058,90223,2172283,2026-04-23T11:15:03.270195+00:00,633,944426,0.491,KEIKO SOFIA FUJIMORI HIGUCHI,17.053,2675043,16002918,ROBERTO HELBERT SANCHEZ PALOMINO,10,JUNTOS POR EL PERÚ,12.183,10.164,1911123,07845838,RAFAEL BERNARDO LÓPEZ ALIAGA CAZORLA,35,RENOVACIÓN POPULAR,11.692,9.754,1834051,PERU,2026-04-23T16:15:02.512252+00:00,18802910,15686201,77072
87803,94.65,92766,2230370,2026-04-23T11:15:03.672506+00:00,634,960975,0.129,KEIKO SOFIA FUJIMORI HIGUCHI,17.048,2716120,16002918,ROBERTO HELBERT SANCHEZ PALOMINO,10,JUNTOS POR EL PERÚ,12.035,10.026,1917419,07845838,RAFAEL BERNARDO LÓPEZ ALIAGA CAZORLA,35,RENOVACIÓN POPULAR,11.906,9.919,1896961,TOTAL,2026-04-23T16:15:02.554357+00:00,19123820,15932475,20458
85769,95.063,90223,2172283,2026-04-23T11:30:04.364884+00:00,635,944426,0.491,KEIKO SOFIA FUJIMORI HIGUCHI,17.053,2675043,16002918,ROBERTO HELBERT SANCHEZ PALOMINO,10,JUNTOS POR EL PERÚ,12.183,10.164,1911123,07845838,RAFAEL BERNARDO LÓPEZ ALIAGA CAZORLA,35,RENOVACIÓN POPULAR,11.692,9.754,1834051,PERU,2026-04-23T16:30:03.635155+00:00,18802910,15686201,77072
5128,96.718,5302,153557,2026-04-23T11:30:06.8037+00:00,636,71174,1.127,KEIKO SOFIA FUJIMORI HIGUCHI,20.204,182596,16002918,ROBERTO HELBERT SANCHEZ PALOMINO,10,JUNTOS POR EL PERÚ,9.389,7.52,84856,07845838,RAFAEL BERNARDO LÓPEZ ALIAGA CAZORLA,35,RENOVACIÓN POPULAR,8.262,6.616,74664,120000,2026-04-23T16:30:06.35998+00:00,1128473,903742,10192
27936,95.517,29247,530065,2026-04-23T11:30:07.391156+00:00,637,244211,-16.649,RAFAEL BERNARDO LÓPEZ ALIAGA CAZORLA,19.919,1160168,16002918,ROBERTO HELBERT SANCHEZ PALOMINO,10,JUNTOS POR EL PERÚ,3.27,2.886,190440,07845838,RAFAEL BERNARDO LÓPEZ ALIAGA CAZORLA,35,RENOVACIÓN POPULAR,19.919,17.582,1160168,140000,2026-04-23T16:30:06.927521+00:00,6598576,5824300,-969728
87920,94.776,92766,2233987,2026-04-23T14:15:03.261172+00:00,638,962811,0.128,KEIKO SOFIA FUJIMORI HIGUCHI,17.055,2720668,16002918,ROBERTO HELBERT SANCHEZ PALOMINO,10,JUNTOS POR EL PERÚ,12.033,10.024,1919556,07845838,RAFAEL BERNARDO LÓPEZ ALIAGA CAZORLA,35,RENOVACIÓN POPULAR,11.905,9.917,1899096,TOTAL,2026-04-23T19:15:02.677307+00:00,19149453,15952655,20460
85886,95.193,90223,2175900,2026-04-23T14:15:03.666339+00:00,639,946262,0.49,KEIKO SOFIA FUJIMORI HIGUCHI,17.061,2679591,16002918,ROBERTO HELBERT SANCHEZ PALOMINO,10,JUNTOS POR EL PERÚ,12.181,10.161,1913260,07845838,RAFAEL BERNARDO LÓPEZ ALIAGA CAZORLA,35,RENOVACIÓN POPULAR,11.691,9.752,1836186,PERU,2026-04-23T19:15:02.717943+00:00,18828543,15706381,77074
1206,94.366,1278,34599,2026-04-23T14:15:04.190394+00:00,640,14379,32.396,ROBERTO HELBERT SANCHEZ PALOMINO,36.11,56456,16002918,ROBERTO HELBERT SANCHEZ PALOMINO,10,JUNTOS POR EL PERÚ,36.11,27.496,56456,07845838,RAFAEL BERNARDO LÓPEZ ALIAGA CAZORLA,35,RENOVACIÓN POPULAR,3.714,2.828,5807,010000,2026-04-23T19:15:03.409854+00:00,205321,156343,50649
2179,93.08,2341,68516,2026-04-23T14:15:06.049215+00:00,641,23106,23.479,ROBERTO HELBERT SANCHEZ PALOMINO,29.43,94816,16002918,ROBERTO HELBERT SANCHEZ PALOMINO,10,JUNTOS POR EL PERÚ,29.43,22.913,94816,07845838,RAFAEL BERNARDO LÓPEZ ALIAGA CAZORLA,35,RENOVACIÓN POPULAR,5.951,4.633,19173,090000,2026-04-23T19:15:05.410161+00:00,413802,322180,75643
1390,88.875,1564,52252,2026-04-23T14:15:10.075234+00:00,645,15049,7.186,KEIKO SOFIA FUJIMORI HIGUCHI,29.53,59484,16002918,ROBERTO HELBERT SANCHEZ PALOMINO,10,JUNTOS POR EL PERÚ,12.878,9.653,25942,07845838,RAFAEL BERNARDO LÓPEZ ALIAGA CAZORLA,35,RENOVACIÓN POPULAR,5.692,4.267,11466,250000,2026-04-23T19:15:09.442392+00:00,268740,201439,14476
2352,96.275,2443,68659,2026-05-02T19:00:08.545966+00:00,1478,27866,-1.702,KEIKO SOFIA FUJIMORI HIGUCHI,20.303,94406,16002918,ROBERTO HELBERT SANCHEZ PALOMINO,10,JUNTOS POR EL PERÚ,7.715,6.389,35874,07845838,RAFAEL BERNARDO LÓPEZ ALIAGA CAZORLA,35,RENOVACIÓN POPULAR,9.417,7.798,43789,100000,2026-05-03T00:00:07.963017+00:00,561519,464994,-7915
28461,97.313,29247,541050,2026-05-02T19:00:09.276947+00:00,1479,251125,-16.612,RAFAEL BERNARDO LÓPEZ ALIAGA CAZORLA,19.895,1179783,16002918,ROBERTO HELBERT SANCHEZ PALOMINO,10,JUNTOS POR EL PERÚ,3.283,2.897,194713,07845838,RAFAEL BERNARDO LÓPEZ ALIAGA CAZORLA,35,RENOVACIÓN POPULAR,19.895,17.55,1179783,140000,2026-05-03T00:00:08.812638+00:00,6722299,5930124,-985070
90644,97.713,92766,2315060,2026-05-03T12:30:04.975425+00:00,1518,1003821,0.163,KEIKO SOFIA FUJIMORI HIGUCHI,17.131,2809983,16002918,ROBERTO HELBERT SANCHEZ PALOMINO,10,JUNTOS POR EL PERÚ,12.041,10.015,1975079,07845838,RAFAEL BERNARDO LÓPEZ ALIAGA CAZORLA,35,RENOVACIÓN POPULAR,11.878,9.879,1948301,TOTAL,2026-05-03T17:30:04.525128+00:00,19721467,16402586,26778
88243,97.805,90223,2244589,2026-05-03T12:30:05.364428+00:00,1519,982037,0.575,KEIKO SOFIA FUJIMORI HIGUCHI,17.136,2760456,16002918,ROBERTO HELBERT SANCHEZ PALOMINO,10,JUNTOS POR EL PERÚ,12.213,10.175,1967490,07845838,RAFAEL BERNARDO LÓPEZ ALIAGA CAZORLA,35,RENOVACIÓN POPULAR,11.638,9.696,1874860,PERU,2026-05-03T17:30:04.570199+00:00,19336031,16109405,92630
88289,97.856,90223,2246304,2026-05-03T21:30:05.770285+00:00,1550,982661,0.582,KEIKO SOFIA FUJIMORI HIGUCHI,17.136,2761560,16002918,ROBERTO HELBERT SANCHEZ PALOMINO,10,JUNTOS POR EL PERÚ,12.219,10.179,1969104,07845838,RAFAEL BERNARDO LÓPEZ ALIAGA CAZORLA,35,RENOVACIÓN POPULAR,11.637,9.694,1875313,PERU,2026-05-04T02:30:04.870753+00:00,19344601,16115636,93791
88311,97.881,90223,2246592,2026-05-04T03:00:06.692354+00:00,1569,982748,0.572,KEIKO SOFIA FUJIMORI HIGUCHI,17.135,2762220,16002918,ROBERTO HELBERT SANCHEZ PALOMINO,10,JUNTOS POR EL PERÚ,12.215,10.177,1969145,07845838,RAFAEL BERNARDO LÓPEZ ALIAGA CAZORLA,35,RENOVACIÓN POPULAR,11.643,9.699,1876802,PERU,2026-05-04T08:00:05.735329+00:00,19349534,16120194,92343
28511,97.484,29247,542035,2026-05-04T16:30:10.100188+00:00,1597,251545,-16.619,RAFAEL BERNARDO LÓPEZ ALIAGA CAZORLA,19.901,1182217,16002918,ROBERTO HELBERT SANCHEZ PALOMINO,10,JUNTOS POR EL PERÚ,3.282,2.895,194939,07845838,RAFAEL BERNARDO LÓPEZ ALIAGA CAZORLA,35,RENOVACIÓN POPULAR,19.901,17.556,1182217,140000,2026-05-04T21:30:09.592271+00:00,6733963,5940383,-987278
88392,97.971,90223,2249170,2026-05-04T20:45:03.992279+00:00,1616,984072,0.57,KEIKO SOFIA FUJIMORI HIGUCHI,17.142,2765615,16002918,ROBERTO HELBERT SANCHEZ PALOMINO,10,JUNTOS POR EL PERÚ,12.211,10.172,1970099,07845838,RAFAEL BERNARDO LÓPEZ ALIAGA CAZORLA,35,RENOVACIÓN POPULAR,11.641,9.698,1878157,PERU,2026-05-05T01:45:02.829817+00:00,19367209,16133967,91942
90796,97.876,92766,2319641,2026-05-04T20:45:04.343821+00:00,1617,1005856,0.159,KEIKO SOFIA FUJIMORI HIGUCHI,17.137,2815142,16002918,ROBERTO HELBERT SANCHEZ PALOMINO,10,JUNTOS POR EL PERÚ,12.039,10.012,1977688,07845838,RAFAEL BERNARDO LÓPEZ ALIAGA CAZORLA,35,RENOVACIÓN POPULAR,11.88,9.88,1951598,TOTAL,2026-05-05T01:45:02.871856+00:00,19752645,16427148,26090
3404,98.041,3472,102675,2026-05-04T20:45:04.924692+00:00,1618,49021,8.908,KEIKO SOFIA FUJIMORI HIGUCHI,17.943,96009,16002918,ROBERTO HELBERT SANCHEZ PALOMINO,10,JUNTOS POR EL PERÚ,14.95,11.648,79993,07845838,RAFAEL BERNARDO LÓPEZ ALIAGA CAZORLA,35,RENOVACIÓN POPULAR,6.042,4.708,32330,020000,2026-05-05T01:45:04.422993+00:00,686765,535069,47663
28515,97.497,29247,542116,2026-05-04T20:45:07.088178+00:00,1619,251600,-16.621,RAFAEL BERNARDO LÓPEZ ALIAGA CAZORLA,19.902,1182516,16002918,ROBERTO HELBERT SANCHEZ PALOMINO,10,JUNTOS POR EL PERÚ,3.281,2.895,194958,07845838,RAFAEL BERNARDO LÓPEZ ALIAGA CAZORLA,35,RENOVACIÓN POPULAR,19.902,17.557,1182516,140000,2026-05-05T01:45:06.55522+00:00,6735390,5941674,-987558
5140,97.33,5281,177346,2026-05-04T20:45:08.160483+00:00,1620,81261,4.614,KEIKO SOFIA FUJIMORI HIGUCHI,27.989,239617,16002918,ROBERTO HELBERT SANCHEZ PALOMINO,10,JUNTOS POR EL PERÚ,11.333,8.704,97028,07845838,RAFAEL BERNARDO LÓPEZ ALIAGA CAZORLA,35,RENOVACIÓN POPULAR,6.719,5.16,57525,190000,2026-05-05T01:45:07.589098+00:00,1114730,856123,39503
2431,95.596,2543,71314,2026-05-04T22:00:06.980006+00:00,1631,22118,-22.426,RAFAEL BERNARDO LÓPEZ ALIAGA CAZORLA,25.023,74173,16002918,ROBERTO HELBERT SANCHEZ PALOMINO,10,JUNTOS POR EL PERÚ,2.597,1.974,7697,07845838,RAFAEL BERNARDO LÓPEZ ALIAGA CAZORLA,35,RENOVACIÓN POPULAR,25.023,19.026,74173,EXTRANJERO,2026-05-05T03:00:06.448033+00:00,389855,296423,-66476
4202,99.692,4215,74775,2026-05-04T22:00:07.929216+00:00,1632,38796,-0.496,JORGE NIETO MONTESINOS,18.634,163499,16002918,ROBERTO HELBERT SANCHEZ PALOMINO,10,JUNTOS POR EL PERÚ,10.092,8.936,88555,07845838,RAFAEL BERNARDO LÓPEZ ALIAGA CAZORLA,35,RENOVACIÓN POPULAR,10.588,9.375,92905,040000,2026-05-05T03:00:07.344985+00:00,991016,877445,-4350
28518,97.507,29247,542136,2026-05-04T23:00:10.152973+00:00,1638,251608,-16.621,RAFAEL BERNARDO LÓPEZ ALIAGA CAZORLA,19.902,1182570,16002918,ROBERTO HELBERT SANCHEZ PALOMINO,10,JUNTOS POR EL PERÚ,3.281,2.894,194961,07845838,RAFAEL BERNARDO LÓPEZ ALIAGA CAZORLA,35,RENOVACIÓN POPULAR,19.902,17.557,1182570,140000,2026-05-05T04:00:09.717552+00:00,6735614,5941870,-987609
90842,97.926,92766,2321217,2026-05-05T01:30:05.571411+00:00,1642,1006552,0.155,KEIKO SOFIA FUJIMORI HIGUCHI,17.138,2816865,16002918,ROBERTO HELBERT SANCHEZ PALOMINO,10,JUNTOS POR EL PERÚ,12.037,10.01,1978410,07845838,RAFAEL BERNARDO LÓPEZ ALIAGA CAZORLA,35,RENOVACIÓN POPULAR,11.882,9.881,1952947,TOTAL,2026-05-05T06:30:04.671849+00:00,19763941,16436172,25463
88411,97.992,90223,2249903,2026-05-05T01:30:05.9585+00:00,1643,984434,0.569,KEIKO SOFIA FUJIMORI HIGUCHI,17.142,2766722,16002918,ROBERTO HELBERT SANCHEZ PALOMINO,10,JUNTOS POR EL PERÚ,12.21,10.172,1970713,07845838,RAFAEL BERNARDO LÓPEZ ALIAGA CAZORLA,35,RENOVACIÓN POPULAR,11.641,9.697,1878774,PERU,2026-05-05T06:30:04.673308+00:00,19374086,16139749,91939
90857,97.942,92766,2321217,2026-05-05T01:45:04.077606+00:00,1644,1006552,0.155,KEIKO SOFIA FUJIMORI HIGUCHI,17.138,2816865,16002918,ROBERTO HELBERT SANCHEZ PALOMINO,10,JUNTOS POR EL PERÚ,12.037,10.01,1978410,07845838,RAFAEL BERNARDO LÓPEZ ALIAGA CAZORLA,35,RENOVACIÓN POPULAR,11.882,9.881,1952947,TOTAL,2026-05-05T06:45:03.101355+00:00,19763941,16436172,25463
88426,98.008,90223,2249903,2026-05-05T01:45:04.330604+00:00,1645,984434,0.569,KEIKO SOFIA FUJIMORI HIGUCHI,17.142,2766722,16002918,ROBERTO HELBERT SANCHEZ PALOMINO,10,JUNTOS POR EL PERÚ,12.21,10.172,1970713,07845838,RAFAEL BERNARDO LÓPEZ ALIAGA CAZORLA,35,RENOVACIÓN POPULAR,11.641,9.697,1878774,PERU,2026-05-05T06:45:03.143338+00:00,19374086,16139749,91939
28538,97.576,29247,542535,2026-05-05T01:45:06.712166+00:00,1646,251833,-16.617,RAFAEL BERNARDO LÓPEZ ALIAGA CAZORLA,19.898,1183175,16002918,ROBERTO HELBERT SANCHEZ PALOMINO,10,JUNTOS POR EL PERÚ,3.281,2.895,195111,07845838,RAFAEL BERNARDO LÓPEZ ALIAGA CAZORLA,35,RENOVACIÓN POPULAR,19.898,17.553,1183175,140000,2026-05-05T06:45:06.288029+00:00,6740433,5946065,-988064
3492,97.27,3590,97309,2026-04-23T14:15:07.110845+00:00,642,47887,1.974,KEIKO SOFIA FUJIMORI HIGUCHI,26.398,172011,16002918,ROBERTO HELBERT SANCHEZ PALOMINO,10,JUNTOS POR EL PERÚ,10.605,8.672,69100,07845838,RAFAEL BERNARDO LÓPEZ ALIAGA CAZORLA,35,RENOVACIÓN POPULAR,8.631,7.059,56243,130000,2026-04-23T19:15:06.533211+00:00,796799,651603,12857
27936,95.517,29247,530101,2026-04-23T14:15:07.558896+00:00,643,244224,-16.652,RAFAEL BERNARDO LÓPEZ ALIAGA CAZORLA,19.921,1160363,16002918,ROBERTO HELBERT SANCHEZ PALOMINO,10,JUNTOS POR EL PERÚ,3.269,2.886,190444,07845838,RAFAEL BERNARDO LÓPEZ ALIAGA CAZORLA,35,RENOVACIÓN POPULAR,19.921,17.583,1160363,140000,2026-04-23T19:15:06.697368+00:00,6599196,5824871,-969919
4853,91.895,5281,169811,2026-04-23T14:15:08.693684+00:00,644,77357,4.46,KEIKO SOFIA FUJIMORI HIGUCHI,27.896,229894,16002918,ROBERTO HELBERT SANCHEZ PALOMINO,10,JUNTOS POR EL PERÚ,11.235,8.643,92592,07845838,RAFAEL BERNARDO LÓPEZ ALIAGA CAZORLA,35,RENOVACIÓN POPULAR,6.775,5.212,55834,190000,2026-04-23T19:15:08.255435+00:00,1071287,824119,36758
1219,95.383,1278,34599,2026-04-23T14:30:05.242292+00:00,646,14379,32.396,ROBERTO HELBERT SANCHEZ PALOMINO,36.11,56456,16002918,ROBERTO HELBERT SANCHEZ PALOMINO,10,JUNTOS POR EL PERÚ,36.11,27.496,56456,07845838,RAFAEL BERNARDO LÓPEZ ALIAGA CAZORLA,35,RENOVACIÓN POPULAR,3.714,2.828,5807,010000,2026-04-23T19:30:04.445681+00:00,205321,156343,50649
2196,93.806,2341,68516,2026-04-23T14:30:07.004036+00:00,647,23106,23.479,ROBERTO HELBERT SANCHEZ PALOMINO,29.43,94816,16002918,ROBERTO HELBERT SANCHEZ PALOMINO,10,JUNTOS POR EL PERÚ,29.43,22.913,94816,07845838,RAFAEL BERNARDO LÓPEZ ALIAGA CAZORLA,35,RENOVACIÓN POPULAR,5.951,4.633,19173,090000,2026-04-23T19:30:06.555581+00:00,413802,322180,75643
3493,97.298,3590,97309,2026-04-23T14:30:07.969409+00:00,648,47887,1.974,KEIKO SOFIA FUJIMORI HIGUCHI,26.398,172011,16002918,ROBERTO HELBERT SANCHEZ PALOMINO,10,JUNTOS POR EL PERÚ,10.605,8.672,69100,07845838,RAFAEL BERNARDO LÓPEZ ALIAGA CAZORLA,35,RENOVACIÓN POPULAR,8.631,7.059,56243,130000,2026-04-23T19:30:07.455587+00:00,796799,651603,12857
27939,95.528,29247,530101,2026-04-23T14:30:08.291473+00:00,649,244224,-16.652,RAFAEL BERNARDO LÓPEZ ALIAGA CAZORLA,19.921,1160363,16002918,ROBERTO HELBERT SANCHEZ PALOMINO,10,JUNTOS POR EL PERÚ,3.269,2.886,190444,07845838,RAFAEL BERNARDO LÓPEZ ALIAGA CAZORLA,35,RENOVACIÓN POPULAR,19.921,17.583,1160363,140000,2026-04-23T19:30:07.645966+00:00,6599196,5824871,-969919
4922,93.202,5281,169811,2026-04-23T14:30:09.355513+00:00,650,77357,4.46,KEIKO SOFIA FUJIMORI HIGUCHI,27.896,229894,16002918,ROBERTO HELBERT SANCHEZ PALOMINO,10,JUNTOS POR EL PERÚ,11.235,8.643,92592,07845838,RAFAEL BERNARDO LÓPEZ ALIAGA CAZORLA,35,RENOVACIÓN POPULAR,6.775,5.212,55834,190000,2026-04-23T19:30:08.749522+00:00,1071287,824119,36758
85903,95.212,90223,2176547,2026-04-23T15:00:05.069496+00:00,651,946582,0.49,KEIKO SOFIA FUJIMORI HIGUCHI,17.063,2680452,16002918,ROBERTO HELBERT SANCHEZ PALOMINO,10,JUNTOS POR EL PERÚ,12.18,10.16,1913420,07845838,RAFAEL BERNARDO LÓPEZ ALIAGA CAZORLA,35,RENOVACIÓN POPULAR,11.69,9.751,1836329,PERU,2026-04-23T20:00:04.615567+00:00,18832113,15708984,77091
87937,94.794,92766,2234634,2026-04-23T15:00:05.517651+00:00,652,963131,0.128,KEIKO SOFIA FUJIMORI HIGUCHI,17.057,2721529,16002918,ROBERTO HELBERT SANCHEZ PALOMINO,10,JUNTOS POR EL PERÚ,12.032,10.023,1919716,07845838,RAFAEL BERNARDO LÓPEZ ALIAGA CAZORLA,35,RENOVACIÓN POPULAR,11.904,9.916,1899239,TOTAL,2026-04-23T20:00:04.657176+00:00,19153023,15955258,20477
1407,89.962,1564,52899,2026-04-23T15:00:11.012453+00:00,653,15369,7.102,KEIKO SOFIA FUJIMORI HIGUCHI,29.575,60345,16002918,ROBERTO HELBERT SANCHEZ PALOMINO,10,JUNTOS POR EL PERÚ,12.792,9.585,26102,07845838,RAFAEL BERNARDO LÓPEZ ALIAGA CAZORLA,35,RENOVACIÓN POPULAR,5.69,4.263,11609,250000,2026-04-23T20:00:10.367666+00:00,272310,204042,14493
87937,94.794,92766,2236624,2026-04-23T18:00:05.200983+00:00,654,964067,0.136,KEIKO SOFIA FUJIMORI HIGUCHI,17.056,2723318,16002918,ROBERTO HELBERT SANCHEZ PALOMINO,10,JUNTOS POR EL PERÚ,12.037,10.027,1921973,07845838,RAFAEL BERNARDO LÓPEZ ALIAGA CAZORLA,35,RENOVACIÓN POPULAR,11.901,9.914,1900246,TOTAL,2026-04-23T23:00:04.642015+00:00,19167576,15966885,21727
85968,95.284,90223,2178458,2026-04-23T18:00:05.664566+00:00,655,947500,0.499,KEIKO SOFIA FUJIMORI HIGUCHI,17.062,2682182,16002918,ROBERTO HELBERT SANCHEZ PALOMINO,10,JUNTOS POR EL PERÚ,12.186,10.165,1915672,07845838,RAFAEL BERNARDO LÓPEZ ALIAGA CAZORLA,35,RENOVACIÓN POPULAR,11.687,9.749,1837250,PERU,2026-04-23T23:00:04.683938+00:00,18846283,15720325,78422
2037,80.102,2543,58087,2026-04-23T18:00:06.028462+00:00,656,16549,-22.988,RAFAEL BERNARDO LÓPEZ ALIAGA CAZORLA,25.545,62910,16002918,ROBERTO HELBERT SANCHEZ PALOMINO,10,JUNTOS POR EL PERÚ,2.557,1.962,6296,07845838,RAFAEL BERNARDO LÓPEZ ALIAGA CAZORLA,35,RENOVACIÓN POPULAR,25.545,19.604,62910,EXTRANJERO,2026-04-23T23:00:04.742548+00:00,320910,246274,-56614
88005,94.868,92766,2236624,2026-04-23T18:15:02.958332+00:00,657,964067,0.136,KEIKO SOFIA FUJIMORI HIGUCHI,17.056,2723318,16002918,ROBERTO HELBERT SANCHEZ PALOMINO,10,JUNTOS POR EL PERÚ,12.037,10.027,1921973,07845838,RAFAEL BERNARDO LÓPEZ ALIAGA CAZORLA,35,RENOVACIÓN POPULAR,11.901,9.914,1900246,TOTAL,2026-04-23T23:15:02.47095+00:00,19167576,15966885,21727
2037,80.102,2543,58166,2026-04-23T18:15:03.442952+00:00,658,16567,-22.994,RAFAEL BERNARDO LÓPEZ ALIAGA CAZORLA,25.55,62996,16002918,ROBERTO HELBERT SANCHEZ PALOMINO,10,JUNTOS POR EL PERÚ,2.556,1.961,6301,07845838,RAFAEL BERNARDO LÓPEZ ALIAGA CAZORLA,35,RENOVACIÓN POPULAR,25.55,19.607,62996,EXTRANJERO,2026-04-23T23:15:03.051907+00:00,321293,246560,-56695
3245,93.462,3472,97551,2026-04-23T18:15:03.951664+00:00,659,46382,8.848,KEIKO SOFIA FUJIMORI HIGUCHI,18.03,91706,16002918,ROBERTO HELBERT SANCHEZ PALOMINO,10,JUNTOS POR EL PERÚ,14.885,11.602,75708,07845838,RAFAEL BERNARDO LÓPEZ ALIAGA CAZORLA,35,RENOVACIÓN POPULAR,6.037,4.705,30706,020000,2026-04-23T23:15:03.269963+00:00,652564,508631,45002
4165,98.814,4215,74039,2026-04-23T18:15:04.473947+00:00,660,38325,-0.529,JORGE NIETO MONTESINOS,18.649,162311,16002918,ROBERTO HELBERT SANCHEZ PALOMINO,10,JUNTOS POR EL PERÚ,10.073,8.921,87674,07845838,RAFAEL BERNARDO LÓPEZ ALIAGA CAZORLA,35,RENOVACIÓN POPULAR,10.602,9.39,92274,040000,2026-04-23T23:15:03.760584+00:00,982734,870370,-4600
1874,98.632,1900,52111,2026-04-23T18:15:04.819662+00:00,661,18653,28.613,ROBERTO HELBERT SANCHEZ PALOMINO,31.339,87794,16002918,ROBERTO HELBERT SANCHEZ PALOMINO,10,JUNTOS POR EL PERÚ,31.339,25.019,87794,07845838,RAFAEL BERNARDO LÓPEZ ALIAGA CAZORLA,35,RENOVACIÓN POPULAR,2.726,2.177,7638,050000,2026-04-23T23:15:04.083487+00:00,350906,280142,80156
3511,97.799,3590,97919,2026-04-23T18:15:06.337931+00:00,662,48187,2.018,KEIKO SOFIA FUJIMORI HIGUCHI,26.398,172859,16002918,ROBERTO HELBERT SANCHEZ PALOMINO,10,JUNTOS POR EL PERÚ,10.634,8.694,69635,07845838,RAFAEL BERNARDO LÓPEZ ALIAGA CAZORLA,35,RENOVACIÓN POPULAR,8.616,7.044,56419,130000,2026-04-23T23:15:05.965114+00:00,800933,654827,13216
27946,95.552,29247,530197,2026-04-23T18:15:06.705617+00:00,663,244294,-16.655,RAFAEL BERNARDO LÓPEZ ALIAGA CAZORLA,19.924,1160813,16002918,ROBERTO HELBERT SANCHEZ PALOMINO,10,JUNTOS POR EL PERÚ,3.269,2.885,190459,07845838,RAFAEL BERNARDO LÓPEZ ALIAGA CAZORLA,35,RENOVACIÓN POPULAR,19.924,17.586,1160813,140000,2026-04-23T23:15:06.138004+00:00,6600760,5826269,-970354
3338,98.263,3397,76470,2026-04-23T18:15:07.816561+00:00,664,39920,22.934,ROBERTO HELBERT SANCHEZ PALOMINO,24.855,159170,16002918,ROBERTO HELBERT SANCHEZ PALOMINO,10,JUNTOS POR EL PERÚ,24.855,21.032,159170,07845838,RAFAEL BERNARDO LÓPEZ ALIAGA CAZORLA,35,RENOVACIÓN POPULAR,1.921,1.626,12304,200000,2026-04-23T23:15:07.299488+00:00,756792,640402,146866
1408,90.026,1564,52957,2026-04-23T18:15:08.687999+00:00,665,15376,7.097,KEIKO SOFIA FUJIMORI HIGUCHI,29.587,60416,16002918,ROBERTO HELBERT SANCHEZ PALOMINO,10,JUNTOS POR EL PERÚ,12.787,9.581,26110,07845838,RAFAEL BERNARDO LÓPEZ ALIAGA CAZORLA,35,RENOVACIÓN POPULAR,5.69,4.263,11618,250000,2026-04-23T23:15:08.41602+00:00,272532,204199,14492
88005,94.868,92766,2238169,2026-04-23T19:30:04.501845+00:00,666,964890,0.141,KEIKO SOFIA FUJIMORI HIGUCHI,17.053,2724535,16002918,ROBERTO HELBERT SANCHEZ PALOMINO,10,JUNTOS POR EL PERÚ,12.04,10.03,1923643,07845838,RAFAEL BERNARDO LÓPEZ ALIAGA CAZORLA,35,RENOVACIÓN POPULAR,11.899,9.911,1900985,TOTAL,2026-04-24T00:30:03.774957+00:00,19179659,15976600,22658
86015,95.336,90223,2179756,2026-04-23T19:30:04.861669+00:00,667,948207,0.506,KEIKO SOFIA FUJIMORI HIGUCHI,17.059,2683116,16002918,ROBERTO HELBERT SANCHEZ PALOMINO,10,JUNTOS POR EL PERÚ,12.19,10.168,1917312,07845838,RAFAEL BERNARDO LÓPEZ ALIAGA CAZORLA,35,RENOVACIÓN POPULAR,11.684,9.745,1837652,PERU,2026-04-24T00:30:03.815709+00:00,18856550,15728587,79660
2049,80.574,2543,58166,2026-04-23T19:30:05.239401+00:00,668,16567,-22.994,RAFAEL BERNARDO LÓPEZ ALIAGA CAZORLA,25.55,62996,16002918,ROBERTO HELBERT SANCHEZ PALOMINO,10,JUNTOS POR EL PERÚ,2.556,1.961,6301,07845838,RAFAEL BERNARDO LÓPEZ ALIAGA CAZORLA,35,RENOVACIÓN POPULAR,25.55,19.607,62996,EXTRANJERO,2026-04-24T00:30:03.871671+00:00,321293,246560,-56695
3245,93.462,3472,98171,2026-04-23T19:30:05.814708+00:00,669,46750,8.771,KEIKO SOFIA FUJIMORI HIGUCHI,18.018,92410,16002918,ROBERTO HELBERT SANCHEZ PALOMINO,10,JUNTOS POR EL PERÚ,14.821,11.556,76016,07845838,RAFAEL BERNARDO LÓPEZ ALIAGA CAZORLA,35,RENOVACIÓN POPULAR,6.05,4.717,31030,020000,2026-04-24T00:30:04.995886+00:00,657811,512890,44986
4165,98.814,4215,74059,2026-04-23T19:30:06.306221+00:00,670,38331,-0.521,JORGE NIETO MONTESINOS,18.645,162323,16002918,ROBERTO HELBERT SANCHEZ PALOMINO,10,JUNTOS POR EL PERÚ,10.079,8.926,87746,07845838,RAFAEL BERNARDO LÓPEZ ALIAGA CAZORLA,35,RENOVACIÓN POPULAR,10.6,9.388,92284,040000,2026-04-24T00:30:05.51937+00:00,982990,870600,-4538
1876,98.737,1900,52202,2026-04-23T19:30:06.644581+00:00,671,18678,28.621,ROBERTO HELBERT SANCHEZ PALOMINO,31.347,87888,16002918,ROBERTO HELBERT SANCHEZ PALOMINO,10,JUNTOS POR EL PERÚ,31.347,25.021,87888,07845838,RAFAEL BERNARDO LÓPEZ ALIAGA CAZORLA,35,RENOVACIÓN POPULAR,2.726,2.176,7643,050000,2026-04-24T00:30:05.576034+00:00,351252,280372,80245
3521,95.394,3691,101847,2026-04-23T19:30:07.750454+00:00,672,39812,4.618,KEIKO SOFIA FUJIMORI HIGUCHI,17.001,103388,16002918,ROBERTO HELBERT SANCHEZ PALOMINO,10,JUNTOS POR EL PERÚ,12.224,9.914,74335,07845838,RAFAEL BERNARDO LÓPEZ ALIAGA CAZORLA,35,RENOVACIÓN POPULAR,7.606,6.169,46252,110000,2026-04-24T00:30:07.287176+00:00,749790,608131,28083
5128,96.718,5302,153610,2026-04-23T19:30:08.126711+00:00,673,71221,1.135,KEIKO SOFIA FUJIMORI HIGUCHI,20.203,182660,16002918,ROBERTO HELBERT SANCHEZ PALOMINO,10,JUNTOS POR EL PERÚ,9.396,7.525,84949,07845838,RAFAEL BERNARDO LÓPEZ ALIAGA CAZORLA,35,RENOVACIÓN POPULAR,8.261,6.616,74687,120000,2026-04-24T00:30:07.549574+00:00,1128936,904105,10262
88064,94.931,92766,2238169,2026-04-23T19:45:03.47382+00:00,674,964890,0.141,KEIKO SOFIA FUJIMORI HIGUCHI,17.053,2724535,16002918,ROBERTO HELBERT SANCHEZ PALOMINO,10,JUNTOS POR EL PERÚ,12.04,10.03,1923643,07845838,RAFAEL BERNARDO LÓPEZ ALIAGA CAZORLA,35,RENOVACIÓN POPULAR,11.899,9.911,1900985,TOTAL,2026-04-24T00:45:02.794758+00:00,19179659,15976600,22658
2049,80.574,2543,58413,2026-04-23T19:45:03.787688+00:00,675,16683,-22.983,RAFAEL BERNARDO LÓPEZ ALIAGA CAZORLA,25.536,63333,16002918,ROBERTO HELBERT SANCHEZ PALOMINO,10,JUNTOS POR EL PERÚ,2.553,1.959,6331,07845838,RAFAEL BERNARDO LÓPEZ ALIAGA CAZORLA,35,RENOVACIÓN POPULAR,25.536,19.601,63333,EXTRANJERO,2026-04-24T00:45:02.852229+00:00,323109,248013,-57002
3268,94.124,3472,98171,2026-04-23T19:45:04.374696+00:00,676,46750,8.771,KEIKO SOFIA FUJIMORI HIGUCHI,18.018,92410,16002918,ROBERTO HELBERT SANCHEZ PALOMINO,10,JUNTOS POR EL PERÚ,14.821,11.556,76016,07845838,RAFAEL BERNARDO LÓPEZ ALIAGA CAZORLA,35,RENOVACIÓN POPULAR,6.05,4.717,31030,020000,2026-04-24T00:45:03.584941+00:00,657811,512890,44986
4166,98.837,4215,74059,2026-04-23T19:45:04.772791+00:00,677,38331,-0.521,JORGE NIETO MONTESINOS,18.645,162323,16002918,ROBERTO HELBERT SANCHEZ PALOMINO,10,JUNTOS POR EL PERÚ,10.079,8.926,87746,07845838,RAFAEL BERNARDO LÓPEZ ALIAGA CAZORLA,35,RENOVACIÓN POPULAR,10.6,9.388,92284,040000,2026-04-24T00:45:04.180542+00:00,982990,870600,-4538
5130,96.756,5302,153610,2026-04-23T19:45:06.105298+00:00,678,71221,1.135,KEIKO SOFIA FUJIMORI HIGUCHI,20.203,182660,16002918,ROBERTO HELBERT SANCHEZ PALOMINO,10,JUNTOS POR EL PERÚ,9.396,7.525,84949,07845838,RAFAEL BERNARDO LÓPEZ ALIAGA CAZORLA,35,RENOVACIÓN POPULAR,8.261,6.616,74687,120000,2026-04-24T00:45:05.61573+00:00,1128936,904105,10262
3354,98.734,3397,76907,2026-04-23T19:45:07.499836+00:00,679,40127,22.986,ROBERTO HELBERT SANCHEZ PALOMINO,24.904,160152,16002918,ROBERTO HELBERT SANCHEZ PALOMINO,10,JUNTOS POR EL PERÚ,24.904,21.07,160152,07845838,RAFAEL BERNARDO LÓPEZ ALIAGA CAZORLA,35,RENOVACIÓN POPULAR,1.918,1.623,12335,200000,2026-04-24T00:45:06.869441+00:00,760103,643069,147817
1023,98.271,1041,18570,2026-04-23T19:45:08.006403+00:00,680,9046,5.611,RICARDO PABLO BELMONT CASSINELLI,14.628,31754,16002918,ROBERTO HELBERT SANCHEZ PALOMINO,10,JUNTOS POR EL PERÚ,11.839,10.503,25700,07845838,RAFAEL BERNARDO LÓPEZ ALIAGA CAZORLA,35,RENOVACIÓN POPULAR,6.228,5.525,13520,220000,2026-04-24T00:45:07.313572+00:00,244688,217072,12180
88064,94.931,92766,2239559,2026-04-23T20:30:04.500431+00:00,681,965459,0.144,KEIKO SOFIA FUJIMORI HIGUCHI,17.053,2725654,16002918,ROBERTO HELBERT SANCHEZ PALOMINO,10,JUNTOS POR EL PERÚ,12.042,10.031,1924728,07845838,RAFAEL BERNARDO LÓPEZ ALIAGA CAZORLA,35,RENOVACIÓN POPULAR,11.898,9.911,1901795,TOTAL,2026-04-24T01:30:03.851677+00:00,19188521,15983503,22933
86046,95.37,90223,2180749,2026-04-23T20:30:04.834542+00:00,682,948634,0.511,KEIKO SOFIA FUJIMORI HIGUCHI,17.059,2683942,16002918,ROBERTO HELBERT SANCHEZ PALOMINO,10,JUNTOS POR EL PERÚ,12.193,10.17,1918348,07845838,RAFAEL BERNARDO LÓPEZ ALIAGA CAZORLA,35,RENOVACIÓN POPULAR,11.682,9.744,1838014,PERU,2026-04-24T01:30:04.084795+00:00,18863056,15733673,80334
2061,81.046,2543,58413,2026-04-23T20:30:05.13799+00:00,683,16683,-22.983,RAFAEL BERNARDO LÓPEZ ALIAGA CAZORLA,25.536,63333,16002918,ROBERTO HELBERT SANCHEZ PALOMINO,10,JUNTOS POR EL PERÚ,2.553,1.959,6331,07845838,RAFAEL BERNARDO LÓPEZ ALIAGA CAZORLA,35,RENOVACIÓN POPULAR,25.536,19.601,63333,EXTRANJERO,2026-04-24T01:30:04.158572+00:00,323109,248013,-57002
3268,94.124,3472,98793,2026-04-23T20:30:05.528351+00:00,684,47063,8.802,KEIKO SOFIA FUJIMORI HIGUCHI,17.997,92930,16002918,ROBERTO HELBERT SANCHEZ PALOMINO,10,JUNTOS POR EL PERÚ,14.849,11.578,76671,07845838,RAFAEL BERNARDO LÓPEZ ALIAGA CAZORLA,35,RENOVACIÓN POPULAR,6.047,4.715,31222,020000,2026-04-24T01:30:04.974157+00:00,662211,516355,45449
3529,95.611,3691,102175,2026-04-23T20:30:07.674149+00:00,685,39905,4.651,KEIKO SOFIA FUJIMORI HIGUCHI,17.013,103665,16002918,ROBERTO HELBERT SANCHEZ PALOMINO,10,JUNTOS POR EL PERÚ,12.253,9.936,74657,07845838,RAFAEL BERNARDO LÓPEZ ALIAGA CAZORLA,35,RENOVACIÓN POPULAR,7.602,6.164,46318,110000,2026-04-24T01:30:07.020836+00:00,751392,609312,28339
27947,95.555,29247,530204,2026-04-23T20:30:08.45423+00:00,686,244300,-16.656,RAFAEL BERNARDO LÓPEZ ALIAGA CAZORLA,19.925,1160915,16002918,ROBERTO HELBERT SANCHEZ PALOMINO,10,JUNTOS POR EL PERÚ,3.269,2.885,190459,07845838,RAFAEL BERNARDO LÓPEZ ALIAGA CAZORLA,35,RENOVACIÓN POPULAR,19.925,17.587,1160915,140000,2026-04-24T01:30:08.050309+00:00,6601044,5826540,-970456
3354,98.734,3397,76943,2026-04-23T20:30:10.823881+00:00,687,40142,22.989,ROBERTO HELBERT SANCHEZ PALOMINO,24.907,160211,16002918,ROBERTO HELBERT SANCHEZ PALOMINO,10,JUNTOS POR EL PERÚ,24.907,21.071,160211,07845838,RAFAEL BERNARDO LÓPEZ ALIAGA CAZORLA,35,RENOVACIÓN POPULAR,1.918,1.623,12337,200000,2026-04-24T01:30:10.199216+00:00,760323,643238,147874
88107,94.978,92766,2239559,2026-04-23T20:45:03.202611+00:00,688,965459,0.144,KEIKO SOFIA FUJIMORI HIGUCHI,17.053,2725654,16002918,ROBERTO HELBERT SANCHEZ PALOMINO,10,JUNTOS POR EL PERÚ,12.042,10.031,1924728,07845838,RAFAEL BERNARDO LÓPEZ ALIAGA CAZORLA,35,RENOVACIÓN POPULAR,11.898,9.911,1901795,TOTAL,2026-04-24T01:45:02.495678+00:00,19188521,15983503,22933
2061,81.046,2543,58810,2026-04-23T20:45:03.465119+00:00,689,16825,-22.976,RAFAEL BERNARDO LÓPEZ ALIAGA CAZORLA,25.53,63781,16002918,ROBERTO HELBERT SANCHEZ PALOMINO,10,JUNTOS POR EL PERÚ,2.554,1.96,6380,07845838,RAFAEL BERNARDO LÓPEZ ALIAGA CAZORLA,35,RENOVACIÓN POPULAR,25.53,19.597,63781,EXTRANJERO,2026-04-24T01:45:02.5931+00:00,325465,249830,-57401
3289,94.729,3472,98793,2026-04-23T20:45:04.11578+00:00,690,47063,8.802,KEIKO SOFIA FUJIMORI HIGUCHI,17.997,92930,16002918,ROBERTO HELBERT SANCHEZ PALOMINO,10,JUNTOS POR EL PERÚ,14.849,11.578,76671,07845838,RAFAEL BERNARDO LÓPEZ ALIAGA CAZORLA,35,RENOVACIÓN POPULAR,6.047,4.715,31222,020000,2026-04-24T01:45:03.610898+00:00,662211,516355,45449
3355,98.764,3397,76943,2026-04-23T20:45:07.101493+00:00,691,40142,22.989,ROBERTO HELBERT SANCHEZ PALOMINO,24.907,160211,16002918,ROBERTO HELBERT SANCHEZ PALOMINO,10,JUNTOS POR EL PERÚ,24.907,21.071,160211,07845838,RAFAEL BERNARDO LÓPEZ ALIAGA CAZORLA,35,RENOVACIÓN POPULAR,1.918,1.623,12337,200000,2026-04-24T01:45:06.518181+00:00,760323,643238,147874
88153,95.027,92766,2240837,2026-04-23T21:45:03.132668+00:00,692,965790,0.138,KEIKO SOFIA FUJIMORI HIGUCHI,17.053,2726774,16002918,ROBERTO HELBERT SANCHEZ PALOMINO,10,JUNTOS POR EL PERÚ,12.04,10.029,1925103,07845838,RAFAEL BERNARDO LÓPEZ ALIAGA CAZORLA,35,RENOVACIÓN POPULAR,11.902,9.913,1903007,TOTAL,2026-04-24T02:45:02.594143+00:00,19196169,15989542,22096
86058,95.384,90223,2181182,2026-04-23T21:45:03.453452+00:00,693,948767,0.512,KEIKO SOFIA FUJIMORI HIGUCHI,17.059,2684367,16002918,ROBERTO HELBERT SANCHEZ PALOMINO,10,JUNTOS POR EL PERÚ,12.193,10.17,1918646,07845838,RAFAEL BERNARDO LÓPEZ ALIAGA CAZORLA,35,RENOVACIÓN POPULAR,11.681,9.743,1838139,PERU,2026-04-24T02:45:02.635303+00:00,18865561,15735612,80507
2095,82.383,2543,59655,2026-04-23T21:45:03.792381+00:00,694,17023,-23.003,RAFAEL BERNARDO LÓPEZ ALIAGA CAZORLA,25.546,64868,16002918,ROBERTO HELBERT SANCHEZ PALOMINO,10,JUNTOS POR EL PERÚ,2.543,1.953,6457,07845838,RAFAEL BERNARDO LÓPEZ ALIAGA CAZORLA,35,RENOVACIÓN POPULAR,25.546,19.621,64868,EXTRANJERO,2026-04-24T02:45:02.693146+00:00,330608,253930,-58411
3291,94.787,3472,98862,2026-04-23T21:45:04.305265+00:00,695,47091,8.797,KEIKO SOFIA FUJIMORI HIGUCHI,17.992,92972,16002918,ROBERTO HELBERT SANCHEZ PALOMINO,10,JUNTOS POR EL PERÚ,14.845,11.576,76711,07845838,RAFAEL BERNARDO LÓPEZ ALIAGA CAZORLA,35,RENOVACIÓN POPULAR,6.048,4.716,31254,020000,2026-04-24T02:45:03.604409+00:00,662684,516731,45457
3535,95.774,3691,102444,2026-04-23T21:45:05.923791+00:00,696,39980,4.666,KEIKO SOFIA FUJIMORI HIGUCHI,17.031,103922,16002918,ROBERTO HELBERT SANCHEZ PALOMINO,10,JUNTOS POR EL PERÚ,12.265,9.944,74838,07845838,RAFAEL BERNARDO LÓPEZ ALIAGA CAZORLA,35,RENOVACIÓN POPULAR,7.599,6.161,46365,110000,2026-04-24T02:45:05.537227+00:00,752602,610178,28473
27951,95.569,29247,530299,2026-04-23T21:45:06.653693+00:00,697,244330,-16.653,RAFAEL BERNARDO LÓPEZ ALIAGA CAZORLA,19.923,1160961,16002918,ROBERTO HELBERT SANCHEZ PALOMINO,10,JUNTOS POR EL PERÚ,3.27,2.886,190536,07845838,RAFAEL BERNARDO LÓPEZ ALIAGA CAZORLA,35,RENOVACIÓN POPULAR,19.923,17.585,1160961,140000,2026-04-24T02:45:06.090487+00:00,6601866,5827237,-970425
88165,95.04,92766,2241083,2026-04-23T22:45:03.296778+00:00,698,965912,0.136,KEIKO SOFIA FUJIMORI HIGUCHI,17.054,2727039,16002918,ROBERTO HELBERT SANCHEZ PALOMINO,10,JUNTOS POR EL PERÚ,12.039,10.028,1925141,07845838,RAFAEL BERNARDO LÓPEZ ALIAGA CAZORLA,35,RENOVACIÓN POPULAR,11.903,9.914,1903368,TOTAL,2026-04-24T03:45:02.707287+00:00,19198007,15991012,21773
86059,95.385,90223,2181198,2026-04-23T22:45:03.670323+00:00,699,948791,0.512,KEIKO SOFIA FUJIMORI HIGUCHI,17.059,2684398,16002918,ROBERTO HELBERT SANCHEZ PALOMINO,10,JUNTOS POR EL PERÚ,12.193,10.17,1918649,07845838,RAFAEL BERNARDO LÓPEZ ALIAGA CAZORLA,35,RENOVACIÓN POPULAR,11.681,9.743,1838166,PERU,2026-04-24T03:45:02.747295+00:00,18865796,15735807,80483
2106,82.816,2543,59885,2026-04-23T22:45:03.927962+00:00,700,17121,-23.005,RAFAEL BERNARDO LÓPEZ ALIAGA CAZORLA,25.549,65202,16002918,ROBERTO HELBERT SANCHEZ PALOMINO,10,JUNTOS POR EL PERÚ,2.544,1.954,6492,07845838,RAFAEL BERNARDO LÓPEZ ALIAGA CAZORLA,35,RENOVACIÓN POPULAR,25.549,19.627,65202,EXTRANJERO,2026-04-24T03:45:03.414204+00:00,332211,255205,-58710
5131,96.775,5302,153626,2026-04-23T22:45:06.092305+00:00,701,71245,1.132,KEIKO SOFIA FUJIMORI HIGUCHI,20.202,182691,16002918,ROBERTO HELBERT SANCHEZ PALOMINO,10,JUNTOS POR EL PERÚ,9.394,7.523,84952,07845838,RAFAEL BERNARDO LÓPEZ ALIAGA CAZORLA,35,RENOVACIÓN POPULAR,8.262,6.617,74714,120000,2026-04-24T03:45:05.597416+00:00,1129171,904300,10238
88202,95.08,92766,2241952,2026-04-24T00:00:04.773003+00:00,702,966371,0.129,KEIKO SOFIA FUJIMORI HIGUCHI,17.053,2727843,16002918,ROBERTO HELBERT SANCHEZ PALOMINO,10,JUNTOS POR EL PERÚ,12.036,10.025,1925228,07845838,RAFAEL BERNARDO LÓPEZ ALIAGA CAZORLA,35,RENOVACIÓN POPULAR,11.907,9.918,1904672,TOTAL,2026-04-24T05:00:04.222198+00:00,19204137,15995814,20556
2143,84.271,2543,60754,2026-04-24T00:00:05.284337+00:00,703,17580,-23.049,RAFAEL BERNARDO LÓPEZ ALIAGA CAZORLA,25.579,66506,16002918,ROBERTO HELBERT SANCHEZ PALOMINO,10,JUNTOS POR EL PERÚ,2.53,1.944,6579,07845838,RAFAEL BERNARDO LÓPEZ ALIAGA CAZORLA,35,RENOVACIÓN POPULAR,25.579,19.657,66506,EXTRANJERO,2026-04-24T05:00:04.317116+00:00,338341,260007,-59927
86060,95.386,90223,2181218,2026-04-24T03:00:05.403389+00:00,704,948799,0.512,KEIKO SOFIA FUJIMORI HIGUCHI,17.059,2684437,16002918,ROBERTO HELBERT SANCHEZ PALOMINO,10,JUNTOS POR EL PERÚ,12.193,10.17,1918653,07845838,RAFAEL BERNARDO LÓPEZ ALIAGA CAZORLA,35,RENOVACIÓN POPULAR,11.681,9.743,1838197,PERU,2026-04-24T08:00:04.591039+00:00,18866061,15736044,80456
88203,95.081,92766,2241972,2026-04-24T03:00:05.710217+00:00,705,966379,0.129,KEIKO SOFIA FUJIMORI HIGUCHI,17.053,2727882,16002918,ROBERTO HELBERT SANCHEZ PALOMINO,10,JUNTOS POR EL PERÚ,12.036,10.025,1925232,07845838,RAFAEL BERNARDO LÓPEZ ALIAGA CAZORLA,35,RENOVACIÓN POPULAR,11.907,9.918,1904703,TOTAL,2026-04-24T08:00:04.591675+00:00,19204402,15996051,20529
2214,90.626,2443,64552,2026-04-24T03:00:07.437747+00:00,706,25777,-1.713,KEIKO SOFIA FUJIMORI HIGUCHI,20.326,89090,16002918,ROBERTO HELBERT SANCHEZ PALOMINO,10,JUNTOS POR EL PERÚ,7.703,6.387,33763,07845838,RAFAEL BERNARDO LÓPEZ ALIAGA CAZORLA,35,RENOVACIÓN POPULAR,9.416,7.807,41273,100000,2026-04-24T08:00:07.002183+00:00,528638,438309,-7510
86060,95.386,90223,2182185,2026-04-24T04:30:04.364806+00:00,707,949306,0.51,KEIKO SOFIA FUJIMORI HIGUCHI,17.06,2685734,16002918,ROBERTO HELBERT SANCHEZ PALOMINO,10,JUNTOS POR EL PERÚ,12.191,10.168,1919146,07845838,RAFAEL BERNARDO LÓPEZ ALIAGA CAZORLA,35,RENOVACIÓN POPULAR,11.681,9.743,1838918,PERU,2026-04-24T09:30:03.557229+00:00,18874113,15742622,80228
88203,95.081,92766,2242939,2026-04-24T04:30:04.619462+00:00,708,966886,0.127,KEIKO SOFIA FUJIMORI HIGUCHI,17.055,2729179,16002918,ROBERTO HELBERT SANCHEZ PALOMINO,10,JUNTOS POR EL PERÚ,12.034,10.023,1925725,07845838,RAFAEL BERNARDO LÓPEZ ALIAGA CAZORLA,35,RENOVACIÓN POPULAR,11.907,9.918,1905424,TOTAL,2026-04-24T09:30:03.598753+00:00,19212454,16002629,20301
2248,92.018,2443,65519,2026-04-24T04:30:06.439772+00:00,709,26284,-1.739,KEIKO SOFIA FUJIMORI HIGUCHI,20.317,90387,16002918,ROBERTO HELBERT SANCHEZ PALOMINO,10,JUNTOS POR EL PERÚ,7.7,6.383,34256,07845838,RAFAEL BERNARDO LÓPEZ ALIAGA CAZORLA,35,RENOVACIÓN POPULAR,9.439,7.825,41994,100000,2026-04-24T09:30:06.055641+00:00,536690,444887,-7738
88237,95.118,92766,2242939,2026-04-24T04:45:03.451614+00:00,710,966886,0.127,KEIKO SOFIA FUJIMORI HIGUCHI,17.055,2729179,16002918,ROBERTO HELBERT SANCHEZ PALOMINO,10,JUNTOS POR EL PERÚ,12.034,10.023,1925725,07845838,RAFAEL BERNARDO LÓPEZ ALIAGA CAZORLA,35,RENOVACIÓN POPULAR,11.907,9.918,1905424,TOTAL,2026-04-24T09:45:02.837171+00:00,19212454,16002629,20301
86094,95.424,90223,2182185,2026-04-24T04:45:03.766408+00:00,711,949306,0.51,KEIKO SOFIA FUJIMORI HIGUCHI,17.06,2685734,16002918,ROBERTO HELBERT SANCHEZ PALOMINO,10,JUNTOS POR EL PERÚ,12.191,10.168,1919146,07845838,RAFAEL BERNARDO LÓPEZ ALIAGA CAZORLA,35,RENOVACIÓN POPULAR,11.681,9.743,1838918,PERU,2026-04-24T09:45:02.83855+00:00,18874113,15742622,80228
88244,95.125,92766,2243081,2026-04-24T08:45:02.950047+00:00,712,966948,0.126,KEIKO SOFIA FUJIMORI HIGUCHI,17.055,2729451,16002918,ROBERTO HELBERT SANCHEZ PALOMINO,10,JUNTOS POR EL PERÚ,12.033,10.023,1925785,07845838,RAFAEL BERNARDO LÓPEZ ALIAGA CAZORLA,35,RENOVACIÓN POPULAR,11.907,9.918,1905548,TOTAL,2026-04-24T13:45:02.459606+00:00,19213962,16003933,20237
86101,95.431,90223,2182327,2026-04-24T08:45:03.443107+00:00,713,949368,0.509,KEIKO SOFIA FUJIMORI HIGUCHI,17.061,2686006,16002918,ROBERTO HELBERT SANCHEZ PALOMINO,10,JUNTOS POR EL PERÚ,12.19,10.168,1919206,07845838,RAFAEL BERNARDO LÓPEZ ALIAGA CAZORLA,35,RENOVACIÓN POPULAR,11.681,9.743,1839042,PERU,2026-04-24T13:45:02.461037+00:00,18875621,15743926,80164
27951,95.569,29247,530441,2026-04-24T08:45:06.674752+00:00,714,244392,-16.651,RAFAEL BERNARDO LÓPEZ ALIAGA CAZORLA,19.921,1161085,16002918,ROBERTO HELBERT SANCHEZ PALOMINO,10,JUNTOS POR EL PERÚ,3.27,2.886,190596,07845838,RAFAEL BERNARDO LÓPEZ ALIAGA CAZORLA,35,RENOVACIÓN POPULAR,19.921,17.583,1161085,140000,2026-04-24T13:45:05.659858+00:00,6603374,5828541,-970489
27958,95.593,29247,530441,2026-04-24T09:00:08.787482+00:00,715,244392,-16.651,RAFAEL BERNARDO LÓPEZ ALIAGA CAZORLA,19.921,1161085,16002918,ROBERTO HELBERT SANCHEZ PALOMINO,10,JUNTOS POR EL PERÚ,3.27,2.886,190596,07845838,RAFAEL BERNARDO LÓPEZ ALIAGA CAZORLA,35,RENOVACIÓN POPULAR,19.921,17.583,1161085,140000,2026-04-24T14:00:08.287609+00:00,6603374,5828541,-970489
88244,95.125,92766,2243293,2026-04-24T09:30:03.995425+00:00,716,967012,0.127,KEIKO SOFIA FUJIMORI HIGUCHI,17.056,2729776,16002918,ROBERTO HELBERT SANCHEZ PALOMINO,10,JUNTOS POR EL PERÚ,12.033,10.023,1925876,07845838,RAFAEL BERNARDO LÓPEZ ALIAGA CAZORLA,35,RENOVACIÓN POPULAR,11.906,9.917,1905629,TOTAL,2026-04-24T14:30:03.562977+00:00,19215253,16004948,20247
86101,95.431,90223,2182539,2026-04-24T09:30:04.338123+00:00,717,949432,0.509,KEIKO SOFIA FUJIMORI HIGUCHI,17.062,2686331,16002918,ROBERTO HELBERT SANCHEZ PALOMINO,10,JUNTOS POR EL PERÚ,12.19,10.167,1919297,07845838,RAFAEL BERNARDO LÓPEZ ALIAGA CAZORLA,35,RENOVACIÓN POPULAR,11.681,9.743,1839123,PERU,2026-04-24T14:30:03.603307+00:00,18876912,15744941,80174
86107,95.438,90223,2182539,2026-04-24T09:45:05.895458+00:00,718,949432,0.509,KEIKO SOFIA FUJIMORI HIGUCHI,17.062,2686331,16002918,ROBERTO HELBERT SANCHEZ PALOMINO,10,JUNTOS POR EL PERÚ,12.19,10.167,1919297,07845838,RAFAEL BERNARDO LÓPEZ ALIAGA CAZORLA,35,RENOVACIÓN POPULAR,11.681,9.743,1839123,PERU,2026-04-24T14:45:05.090062+00:00,18876912,15744941,80174
88250,95.132,92766,2243293,2026-04-24T09:45:06.116548+00:00,719,967012,0.127,KEIKO SOFIA FUJIMORI HIGUCHI,17.056,2729776,16002918,ROBERTO HELBERT SANCHEZ PALOMINO,10,JUNTOS POR EL PERÚ,12.033,10.023,1925876,07845838,RAFAEL BERNARDO LÓPEZ ALIAGA CAZORLA,35,RENOVACIÓN POPULAR,11.906,9.917,1905629,TOTAL,2026-04-24T14:45:05.131952+00:00,19215253,16004948,20247
5135,96.85,5302,153761,2026-04-24T09:45:08.327381+00:00,720,71294,1.129,KEIKO SOFIA FUJIMORI HIGUCHI,20.21,182910,16002918,ROBERTO HELBERT SANCHEZ PALOMINO,10,JUNTOS POR EL PERÚ,9.392,7.521,84999,07845838,RAFAEL BERNARDO LÓPEZ ALIAGA CAZORLA,35,RENOVACIÓN POPULAR,8.263,6.618,74784,120000,2026-04-24T14:45:07.921364+00:00,1130085,905030,10215
2346,86.986,2697,74179,2026-04-24T09:45:08.995842+00:00,721,22706,3.606,KEIKO SOFIA FUJIMORI HIGUCHI,27.865,83068,16002918,ROBERTO HELBERT SANCHEZ PALOMINO,10,JUNTOS POR EL PERÚ,10.321,7.79,30769,07845838,RAFAEL BERNARDO LÓPEZ ALIAGA CAZORLA,35,RENOVACIÓN POPULAR,6.715,5.068,20017,150000,2026-04-24T14:45:08.635205+00:00,394998,298113,10752
88262,95.145,92766,2243699,2026-04-24T11:15:03.122078+00:00,722,967285,0.127,KEIKO SOFIA FUJIMORI HIGUCHI,17.057,2730309,16002918,ROBERTO HELBERT SANCHEZ PALOMINO,10,JUNTOS POR EL PERÚ,12.033,10.022,1926089,07845838,RAFAEL BERNARDO LÓPEZ ALIAGA CAZORLA,35,RENOVACIÓN POPULAR,11.906,9.916,1905753,TOTAL,2026-04-24T16:15:02.626733+00:00,19218007,16007023,20336
86119,95.451,90223,2182945,2026-04-24T11:15:03.485047+00:00,723,949705,0.51,KEIKO SOFIA FUJIMORI HIGUCHI,17.063,2686864,16002918,ROBERTO HELBERT SANCHEZ PALOMINO,10,JUNTOS POR EL PERÚ,12.19,10.167,1919510,07845838,RAFAEL BERNARDO LÓPEZ ALIAGA CAZORLA,35,RENOVACIÓN POPULAR,11.68,9.742,1839247,PERU,2026-04-24T16:15:02.668222+00:00,18879666,15747016,80263
2347,87.023,2697,74179,2026-04-24T11:15:06.359876+00:00,724,22706,3.606,KEIKO SOFIA FUJIMORI HIGUCHI,27.865,83068,16002918,ROBERTO HELBERT SANCHEZ PALOMINO,10,JUNTOS POR EL PERÚ,10.321,7.79,30769,07845838,RAFAEL BERNARDO LÓPEZ ALIAGA CAZORLA,35,RENOVACIÓN POPULAR,6.715,5.068,20017,150000,2026-04-24T16:15:05.770542+00:00,394998,298113,10752
5146,97.058,5302,154140,2026-04-24T11:30:06.233647+00:00,725,71551,1.134,KEIKO SOFIA FUJIMORI HIGUCHI,20.223,183418,16002918,ROBERTO HELBERT SANCHEZ PALOMINO,10,JUNTOS POR EL PERÚ,9.393,7.521,85190,07845838,RAFAEL BERNARDO LÓPEZ ALIAGA CAZORLA,35,RENOVACIÓN POPULAR,8.259,6.613,74902,120000,2026-04-24T16:30:05.706297+00:00,1132653,906962,10288
2347,87.023,2697,74206,2026-04-24T11:30:07.043624+00:00,726,22722,3.611,KEIKO SOFIA FUJIMORI HIGUCHI,27.86,83093,16002918,ROBERTO HELBERT SANCHEZ PALOMINO,10,JUNTOS POR EL PERÚ,10.324,7.792,30791,07845838,RAFAEL BERNARDO LÓPEZ ALIAGA CAZORLA,35,RENOVACIÓN POPULAR,6.713,5.067,20023,150000,2026-04-24T16:30:06.550371+00:00,395184,298256,10768
88263,95.146,92766,2243742,2026-04-24T12:30:05.009757+00:00,727,967295,0.127,KEIKO SOFIA FUJIMORI HIGUCHI,17.057,2730338,16002918,ROBERTO HELBERT SANCHEZ PALOMINO,10,JUNTOS POR EL PERÚ,12.033,10.022,1926100,07845838,RAFAEL BERNARDO LÓPEZ ALIAGA CAZORLA,35,RENOVACIÓN POPULAR,11.906,9.916,1905755,TOTAL,2026-04-24T17:30:03.693583+00:00,19218158,16007121,20345
86120,95.452,90223,2182988,2026-04-24T12:30:05.436494+00:00,728,949715,0.51,KEIKO SOFIA FUJIMORI HIGUCHI,17.063,2686893,16002918,ROBERTO HELBERT SANCHEZ PALOMINO,10,JUNTOS POR EL PERÚ,12.19,10.167,1919521,07845838,RAFAEL BERNARDO LÓPEZ ALIAGA CAZORLA,35,RENOVACIÓN POPULAR,11.68,9.742,1839249,PERU,2026-04-24T17:30:03.734745+00:00,18879817,15747114,80272
5147,97.077,5302,154183,2026-04-24T12:30:07.850846+00:00,729,71561,1.135,KEIKO SOFIA FUJIMORI HIGUCHI,20.224,183447,16002918,ROBERTO HELBERT SANCHEZ PALOMINO,10,JUNTOS POR EL PERÚ,9.393,7.521,85201,07845838,RAFAEL BERNARDO LÓPEZ ALIAGA CAZORLA,35,RENOVACIÓN POPULAR,8.258,6.612,74904,120000,2026-04-24T17:30:07.370429+00:00,1132804,907060,10297
86120,95.452,90223,2182961,2026-04-24T14:15:03.491951+00:00,730,949747,0.51,KEIKO SOFIA FUJIMORI HIGUCHI,17.063,2686907,16002918,ROBERTO HELBERT SANCHEZ PALOMINO,10,JUNTOS POR EL PERÚ,12.19,10.167,1919538,07845838,RAFAEL BERNARDO LÓPEZ ALIAGA CAZORLA,35,RENOVACIÓN POPULAR,11.68,9.742,1839250,PERU,2026-04-24T19:15:03.00308+00:00,18879824,15747116,80288
5147,97.077,5302,154156,2026-04-24T14:15:05.884689+00:00,731,71593,1.137,KEIKO SOFIA FUJIMORI HIGUCHI,20.226,183461,16002918,ROBERTO HELBERT SANCHEZ PALOMINO,10,JUNTOS POR EL PERÚ,9.395,7.523,85218,07845838,RAFAEL BERNARDO LÓPEZ ALIAGA CAZORLA,35,RENOVACIÓN POPULAR,8.258,6.612,74905,120000,2026-04-24T19:15:05.391005+00:00,1132811,907062,10313
88263,95.146,92766,2243715,2026-04-24T14:30:04.518245+00:00,732,967327,0.127,KEIKO SOFIA FUJIMORI HIGUCHI,17.057,2730352,16002918,ROBERTO HELBERT SANCHEZ PALOMINO,10,JUNTOS POR EL PERÚ,12.033,10.022,1926117,07845838,RAFAEL BERNARDO LÓPEZ ALIAGA CAZORLA,35,RENOVACIÓN POPULAR,11.906,9.916,1905756,TOTAL,2026-04-24T19:30:04.231204+00:00,19218165,16007123,20361
88305,95.191,92766,2244675,2026-04-24T15:30:04.204985+00:00,733,967790,0.137,KEIKO SOFIA FUJIMORI HIGUCHI,17.056,2731061,16002918,ROBERTO HELBERT SANCHEZ PALOMINO,10,JUNTOS POR EL PERÚ,12.04,10.028,1927921,07845838,RAFAEL BERNARDO LÓPEZ ALIAGA CAZORLA,35,RENOVACIÓN POPULAR,11.903,9.914,1905911,TOTAL,2026-04-24T20:30:03.726136+00:00,19224919,16012454,22010
86162,95.499,90223,2183921,2026-04-24T15:30:04.698029+00:00,734,950210,0.52,KEIKO SOFIA FUJIMORI HIGUCHI,17.062,2687616,16002918,ROBERTO HELBERT SANCHEZ PALOMINO,10,JUNTOS POR EL PERÚ,12.197,10.173,1921342,07845838,RAFAEL BERNARDO LÓPEZ ALIAGA CAZORLA,35,RENOVACIÓN POPULAR,11.677,9.739,1839405,PERU,2026-04-24T20:30:03.766762+00:00,18886578,15752447,81937
1238,96.87,1278,34973,2026-04-24T15:30:05.053639+00:00,735,14590,32.732,ROBERTO HELBERT SANCHEZ PALOMINO,36.414,57617,16002918,ROBERTO HELBERT SANCHEZ PALOMINO,10,JUNTOS POR EL PERÚ,36.414,27.728,57617,07845838,RAFAEL BERNARDO LÓPEZ ALIAGA CAZORLA,35,RENOVACIÓN POPULAR,3.682,2.804,5826,010000,2026-04-24T20:30:04.396048+00:00,207791,158228,51791
1213,95.287,1273,31314,2026-04-24T15:30:06.228012+00:00,736,11273,41.015,ROBERTO HELBERT SANCHEZ PALOMINO,43.364,71625,16002918,ROBERTO HELBERT SANCHEZ PALOMINO,10,JUNTOS POR EL PERÚ,43.364,34.475,71625,07845838,RAFAEL BERNARDO LÓPEZ ALIAGA CAZORLA,35,RENOVACIÓN POPULAR,2.349,1.868,3880,080000,2026-04-24T20:30:05.646982+00:00,207758,165171,67745
5149,97.114,5302,154223,2026-04-24T15:30:07.055847+00:00,737,71614,1.136,KEIKO SOFIA FUJIMORI HIGUCHI,20.228,183551,16002918,ROBERTO HELBERT SANCHEZ PALOMINO,10,JUNTOS POR EL PERÚ,9.393,7.522,85239,07845838,RAFAEL BERNARDO LÓPEZ ALIAGA CAZORLA,35,RENOVACIÓN POPULAR,8.257,6.612,74926,120000,2026-04-24T20:30:06.509589+00:00,1133263,907426,10313
3513,97.855,3590,98011,2026-04-24T15:30:07.29601+00:00,738,48206,2.029,KEIKO SOFIA FUJIMORI HIGUCHI,26.398,172906,16002918,ROBERTO HELBERT SANCHEZ PALOMINO,10,JUNTOS POR EL PERÚ,10.643,8.701,69711,07845838,RAFAEL BERNARDO LÓPEZ ALIAGA CAZORLA,35,RENOVACIÓN POPULAR,8.614,7.042,56422,130000,2026-04-24T20:30:06.700029+00:00,801224,655007,13289
27959,95.596,29247,530469,2026-04-24T15:30:07.59502+00:00,739,244396,-16.65,RAFAEL BERNARDO LÓPEZ ALIAGA CAZORLA,19.92,1161087,16002918,ROBERTO HELBERT SANCHEZ PALOMINO,10,JUNTOS POR EL PERÚ,3.27,2.886,190609,07845838,RAFAEL BERNARDO LÓPEZ ALIAGA CAZORLA,35,RENOVACIÓN POPULAR,19.92,17.583,1161087,140000,2026-04-24T20:30:06.756718+00:00,6603569,5828704,-970478
763,95.137,802,20918,2026-04-24T15:30:08.283048+00:00,740,7487,12.223,ROBERTO HELBERT SANCHEZ PALOMINO,18.673,20678,16002918,ROBERTO HELBERT SANCHEZ PALOMINO,10,JUNTOS POR EL PERÚ,18.673,14.861,20678,07845838,RAFAEL BERNARDO LÓPEZ ALIAGA CAZORLA,35,RENOVACIÓN POPULAR,6.45,5.133,7142,180000,2026-04-24T20:30:07.813669+00:00,139140,110735,13536
88305,95.191,92766,2245035,2026-04-24T16:00:04.913414+00:00,741,968012,0.138,KEIKO SOFIA FUJIMORI HIGUCHI,17.056,2731403,16002918,ROBERTO HELBERT SANCHEZ PALOMINO,10,JUNTOS POR EL PERÚ,12.04,10.028,1928139,07845838,RAFAEL BERNARDO LÓPEZ ALIAGA CAZORLA,35,RENOVACIÓN POPULAR,11.902,9.913,1905996,TOTAL,2026-04-24T21:00:04.465847+00:00,19227042,16013995,22143
86162,95.499,90223,2184281,2026-04-24T16:00:05.315316+00:00,742,950432,0.521,KEIKO SOFIA FUJIMORI HIGUCHI,17.062,2687958,16002918,ROBERTO HELBERT SANCHEZ PALOMINO,10,JUNTOS POR EL PERÚ,12.197,10.173,1921560,07845838,RAFAEL BERNARDO LÓPEZ ALIAGA CAZORLA,35,RENOVACIÓN POPULAR,11.676,9.739,1839490,PERU,2026-04-24T21:00:04.507092+00:00,18888701,15753988,82070
3541,95.936,3691,102444,2026-04-24T16:00:07.79575+00:00,743,39980,4.666,KEIKO SOFIA FUJIMORI HIGUCHI,17.031,103922,16002918,ROBERTO HELBERT SANCHEZ PALOMINO,10,JUNTOS POR EL PERÚ,12.265,9.944,74838,07845838,RAFAEL BERNARDO LÓPEZ ALIAGA CAZORLA,35,RENOVACIÓN POPULAR,7.599,6.161,46365,110000,2026-04-24T21:00:07.089885+00:00,752602,610178,28473
5152,97.171,5302,154223,2026-04-24T16:00:08.072925+00:00,744,71614,1.136,KEIKO SOFIA FUJIMORI HIGUCHI,20.228,183551,16002918,ROBERTO HELBERT SANCHEZ PALOMINO,10,JUNTOS POR EL PERÚ,9.393,7.522,85239,07845838,RAFAEL BERNARDO LÓPEZ ALIAGA CAZORLA,35,RENOVACIÓN POPULAR,8.257,6.612,74926,120000,2026-04-24T21:00:07.413526+00:00,1133263,907426,10313
86173,95.511,90223,2184281,2026-04-24T16:15:03.507812+00:00,745,950432,0.521,KEIKO SOFIA FUJIMORI HIGUCHI,17.062,2687958,16002918,ROBERTO HELBERT SANCHEZ PALOMINO,10,JUNTOS POR EL PERÚ,12.197,10.173,1921560,07845838,RAFAEL BERNARDO LÓPEZ ALIAGA CAZORLA,35,RENOVACIÓN POPULAR,11.676,9.739,1839490,PERU,2026-04-24T21:15:02.605704+00:00,18888701,15753988,82070
88316,95.203,92766,2245035,2026-04-24T16:15:03.749252+00:00,746,968012,0.138,KEIKO SOFIA FUJIMORI HIGUCHI,17.056,2731403,16002918,ROBERTO HELBERT SANCHEZ PALOMINO,10,JUNTOS POR EL PERÚ,12.04,10.028,1928139,07845838,RAFAEL BERNARDO LÓPEZ ALIAGA CAZORLA,35,RENOVACIÓN POPULAR,11.902,9.913,1905996,TOTAL,2026-04-24T21:15:02.607177+00:00,19227042,16013995,22143
3541,95.936,3691,102668,2026-04-24T16:15:05.683791+00:00,747,40134,4.679,KEIKO SOFIA FUJIMORI HIGUCHI,17.037,104065,16002918,ROBERTO HELBERT SANCHEZ PALOMINO,10,JUNTOS POR EL PERÚ,12.275,9.949,74980,07845838,RAFAEL BERNARDO LÓPEZ ALIAGA CAZORLA,35,RENOVACIÓN POPULAR,7.596,6.157,46398,110000,2026-04-24T21:15:05.234411+00:00,753615,610813,28582
5152,97.171,5302,154291,2026-04-24T16:15:05.971434+00:00,748,71663,1.133,KEIKO SOFIA FUJIMORI HIGUCHI,20.23,183687,16002918,ROBERTO HELBERT SANCHEZ PALOMINO,10,JUNTOS POR EL PERÚ,9.39,7.519,85266,07845838,RAFAEL BERNARDO LÓPEZ ALIAGA CAZORLA,35,RENOVACIÓN POPULAR,8.257,6.612,74973,120000,2026-04-24T21:15:05.373974+00:00,1133965,908011,10293
3514,97.883,3590,98042,2026-04-24T16:15:06.215497+00:00,749,48214,2.028,KEIKO SOFIA FUJIMORI HIGUCHI,26.399,172966,16002918,ROBERTO HELBERT SANCHEZ PALOMINO,10,JUNTOS POR EL PERÚ,10.64,8.699,69715,07845838,RAFAEL BERNARDO LÓPEZ ALIAGA CAZORLA,35,RENOVACIÓN POPULAR,8.612,7.04,56426,130000,2026-04-24T21:15:05.520822+00:00,801449,655193,13289
3356,98.793,3397,76980,2026-04-24T16:15:07.503575+00:00,750,40153,22.991,ROBERTO HELBERT SANCHEZ PALOMINO,24.909,160256,16002918,ROBERTO HELBERT SANCHEZ PALOMINO,10,JUNTOS POR EL PERÚ,24.909,21.072,160256,07845838,RAFAEL BERNARDO LÓPEZ ALIAGA CAZORLA,35,RENOVACIÓN POPULAR,1.918,1.622,12338,200000,2026-04-24T21:15:06.984773+00:00,760506,643373,147918
88316,95.203,92766,2245051,2026-04-24T17:00:04.996886+00:00,751,968014,0.138,KEIKO SOFIA FUJIMORI HIGUCHI,17.056,2731418,16002918,ROBERTO HELBERT SANCHEZ PALOMINO,10,JUNTOS POR EL PERÚ,12.04,10.028,1928145,07845838,RAFAEL BERNARDO LÓPEZ ALIAGA CAZORLA,35,RENOVACIÓN POPULAR,11.902,9.913,1906000,TOTAL,2026-04-24T22:00:04.507112+00:00,19227153,16014088,22145
86173,95.511,90223,2184297,2026-04-24T17:00:05.338796+00:00,752,950434,0.521,KEIKO SOFIA FUJIMORI HIGUCHI,17.062,2687973,16002918,ROBERTO HELBERT SANCHEZ PALOMINO,10,JUNTOS POR EL PERÚ,12.197,10.173,1921566,07845838,RAFAEL BERNARDO LÓPEZ ALIAGA CAZORLA,35,RENOVACIÓN POPULAR,11.676,9.739,1839494,PERU,2026-04-24T22:00:04.548413+00:00,18888812,15754081,82072
88317,95.204,92766,2245051,2026-04-24T17:15:03.208861+00:00,753,968014,0.138,KEIKO SOFIA FUJIMORI HIGUCHI,17.056,2731418,16002918,ROBERTO HELBERT SANCHEZ PALOMINO,10,JUNTOS POR EL PERÚ,12.04,10.028,1928145,07845838,RAFAEL BERNARDO LÓPEZ ALIAGA CAZORLA,35,RENOVACIÓN POPULAR,11.902,9.913,1906000,TOTAL,2026-04-24T22:15:02.283971+00:00,19227153,16014088,22145
86174,95.512,90223,2184297,2026-04-24T17:15:03.608851+00:00,754,950434,0.521,KEIKO SOFIA FUJIMORI HIGUCHI,17.062,2687973,16002918,ROBERTO HELBERT SANCHEZ PALOMINO,10,JUNTOS POR EL PERÚ,12.197,10.173,1921566,07845838,RAFAEL BERNARDO LÓPEZ ALIAGA CAZORLA,35,RENOVACIÓN POPULAR,11.676,9.739,1839494,PERU,2026-04-24T22:15:02.325052+00:00,18888812,15754081,82072
3292,94.816,3472,98878,2026-04-24T17:15:04.148557+00:00,755,47093,8.796,KEIKO SOFIA FUJIMORI HIGUCHI,17.992,92987,16002918,ROBERTO HELBERT SANCHEZ PALOMINO,10,JUNTOS POR EL PERÚ,14.844,11.575,76717,07845838,RAFAEL BERNARDO LÓPEZ ALIAGA CAZORLA,35,RENOVACIÓN POPULAR,6.048,4.716,31258,020000,2026-04-24T22:15:03.811717+00:00,662795,516824,45459
88317,95.204,92766,2245215,2026-04-24T18:00:05.111446+00:00,756,968105,0.139,KEIKO SOFIA FUJIMORI HIGUCHI,17.056,2731510,16002918,ROBERTO HELBERT SANCHEZ PALOMINO,10,JUNTOS POR EL PERÚ,12.041,10.029,1928339,07845838,RAFAEL BERNARDO LÓPEZ ALIAGA CAZORLA,35,RENOVACIÓN POPULAR,11.902,9.913,1906049,TOTAL,2026-04-24T23:00:04.601896+00:00,19228355,16015035,22290
86174,95.512,90223,2184461,2026-04-24T18:00:05.402599+00:00,757,950525,0.522,KEIKO SOFIA FUJIMORI HIGUCHI,17.062,2688065,16002918,ROBERTO HELBERT SANCHEZ PALOMINO,10,JUNTOS POR EL PERÚ,12.198,10.173,1921760,07845838,RAFAEL BERNARDO LÓPEZ ALIAGA CAZORLA,35,RENOVACIÓN POPULAR,11.676,9.738,1839543,PERU,2026-04-24T23:00:04.603381+00:00,18890014,15755028,82217
86182,95.521,90223,2184461,2026-04-24T18:15:03.233635+00:00,758,950525,0.522,KEIKO SOFIA FUJIMORI HIGUCHI,17.062,2688065,16002918,ROBERTO HELBERT SANCHEZ PALOMINO,10,JUNTOS POR EL PERÚ,12.198,10.173,1921760,07845838,RAFAEL BERNARDO LÓPEZ ALIAGA CAZORLA,35,RENOVACIÓN POPULAR,11.676,9.738,1839543,PERU,2026-04-24T23:15:02.800763+00:00,18890014,15755028,82217
88325,95.213,92766,2245215,2026-04-24T18:15:03.490586+00:00,759,968105,0.139,KEIKO SOFIA FUJIMORI HIGUCHI,17.056,2731510,16002918,ROBERTO HELBERT SANCHEZ PALOMINO,10,JUNTOS POR EL PERÚ,12.041,10.029,1928339,07845838,RAFAEL BERNARDO LÓPEZ ALIAGA CAZORLA,35,RENOVACIÓN POPULAR,11.902,9.913,1906049,TOTAL,2026-04-24T23:15:02.842168+00:00,19228355,16015035,22290
3298,94.988,3472,98995,2026-04-24T18:15:04.118027+00:00,760,47163,8.81,KEIKO SOFIA FUJIMORI HIGUCHI,17.982,93049,16002918,ROBERTO HELBERT SANCHEZ PALOMINO,10,JUNTOS POR EL PERÚ,14.857,11.585,76880,07845838,RAFAEL BERNARDO LÓPEZ ALIAGA CAZORLA,35,RENOVACIÓN POPULAR,6.047,4.715,31289,020000,2026-04-24T23:15:03.616757+00:00,663616,517458,45591
3542,95.963,3691,102684,2026-04-24T18:15:05.664101+00:00,761,40142,4.678,KEIKO SOFIA FUJIMORI HIGUCHI,17.036,104085,16002918,ROBERTO HELBERT SANCHEZ PALOMINO,10,JUNTOS POR EL PERÚ,12.274,9.949,74991,07845838,RAFAEL BERNARDO LÓPEZ ALIAGA CAZORLA,35,RENOVACIÓN POPULAR,7.596,6.157,46409,110000,2026-04-24T23:15:05.207872+00:00,753785,610959,28582
3357,98.822,3397,77011,2026-04-24T18:15:07.435638+00:00,762,40166,22.987,ROBERTO HELBERT SANCHEZ PALOMINO,24.905,160276,16002918,ROBERTO HELBERT SANCHEZ PALOMINO,10,JUNTOS POR EL PERÚ,24.905,21.069,160276,07845838,RAFAEL BERNARDO LÓPEZ ALIAGA CAZORLA,35,RENOVACIÓN POPULAR,1.918,1.623,12345,200000,2026-04-24T23:15:06.88354+00:00,760717,643540,147931
86182,95.521,90223,2185037,2026-04-24T19:00:05.718606+00:00,763,950767,0.523,KEIKO SOFIA FUJIMORI HIGUCHI,17.062,2688620,16002918,ROBERTO HELBERT SANCHEZ PALOMINO,10,JUNTOS POR EL PERÚ,12.198,10.174,1922170,07845838,RAFAEL BERNARDO LÓPEZ ALIAGA CAZORLA,35,RENOVACIÓN POPULAR,11.675,9.737,1839701,PERU,2026-04-25T00:00:05.277332+00:00,18893469,15757665,82469
88325,95.213,92766,2245791,2026-04-24T19:00:06.013285+00:00,764,968347,0.14,KEIKO SOFIA FUJIMORI HIGUCHI,17.057,2732065,16002918,ROBERTO HELBERT SANCHEZ PALOMINO,10,JUNTOS POR EL PERÚ,12.041,10.029,1928749,07845838,RAFAEL BERNARDO LÓPEZ ALIAGA CAZORLA,35,RENOVACIÓN POPULAR,11.901,9.912,1906207,TOTAL,2026-04-25T00:00:05.278835+00:00,19231810,16017672,22542
88343,95.232,92766,2245791,2026-04-24T19:15:03.512323+00:00,765,968347,0.14,KEIKO SOFIA FUJIMORI HIGUCHI,17.057,2732065,16002918,ROBERTO HELBERT SANCHEZ PALOMINO,10,JUNTOS POR EL PERÚ,12.041,10.029,1928749,07845838,RAFAEL BERNARDO LÓPEZ ALIAGA CAZORLA,35,RENOVACIÓN POPULAR,11.901,9.912,1906207,TOTAL,2026-04-25T00:15:02.601869+00:00,19231810,16017672,22542
86200,95.541,90223,2185037,2026-04-24T19:15:03.820948+00:00,766,950767,0.523,KEIKO SOFIA FUJIMORI HIGUCHI,17.062,2688620,16002918,ROBERTO HELBERT SANCHEZ PALOMINO,10,JUNTOS POR EL PERÚ,12.198,10.174,1922170,07845838,RAFAEL BERNARDO LÓPEZ ALIAGA CAZORLA,35,RENOVACIÓN POPULAR,11.675,9.737,1839701,PERU,2026-04-25T00:15:02.643398+00:00,18893469,15757665,82469
3301,95.075,3472,99038,2026-04-24T19:15:04.435585+00:00,767,47185,8.827,KEIKO SOFIA FUJIMORI HIGUCHI,17.977,93065,16002918,ROBERTO HELBERT SANCHEZ PALOMINO,10,JUNTOS POR EL PERÚ,14.873,11.597,76993,07845838,RAFAEL BERNARDO LÓPEZ ALIAGA CAZORLA,35,RENOVACIÓN POPULAR,6.046,4.714,31297,020000,2026-04-25T00:15:03.911398+00:00,663898,517675,45696
2252,92.182,2443,65660,2026-04-24T19:15:06.100099+00:00,768,26338,-1.732,KEIKO SOFIA FUJIMORI HIGUCHI,20.319,90547,16002918,ROBERTO HELBERT SANCHEZ PALOMINO,10,JUNTOS POR EL PERÚ,7.702,6.384,34320,07845838,RAFAEL BERNARDO LÓPEZ ALIAGA CAZORLA,35,RENOVACIÓN POPULAR,9.434,7.82,42040,100000,2026-04-25T00:15:05.633371+00:00,537616,445618,-7720
3553,96.261,3691,103076,2026-04-24T19:15:06.51754+00:00,769,40308,4.687,KEIKO SOFIA FUJIMORI HIGUCHI,17.051,104464,16002918,ROBERTO HELBERT SANCHEZ PALOMINO,10,JUNTOS POR EL PERÚ,12.279,9.95,75224,07845838,RAFAEL BERNARDO LÓPEZ ALIAGA CAZORLA,35,RENOVACIÓN POPULAR,7.592,6.152,46513,110000,2026-04-25T00:15:05.788842+00:00,756032,612648,28711
88414,95.309,92766,2248379,2026-04-24T19:45:03.21504+00:00,770,969622,0.139,KEIKO SOFIA FUJIMORI HIGUCHI,17.059,2734537,16002918,ROBERTO HELBERT SANCHEZ PALOMINO,10,JUNTOS POR EL PERÚ,12.038,10.026,1929697,07845838,RAFAEL BERNARDO LÓPEZ ALIAGA CAZORLA,35,RENOVACIÓN POPULAR,11.899,9.91,1907419,TOTAL,2026-04-25T00:45:02.578901+00:00,19247871,16029870,22278
86254,95.601,90223,2186839,2026-04-24T19:45:03.492922+00:00,771,951836,0.523,KEIKO SOFIA FUJIMORI HIGUCHI,17.064,2690628,16002918,ROBERTO HELBERT SANCHEZ PALOMINO,10,JUNTOS POR EL PERÚ,12.196,10.172,1923039,07845838,RAFAEL BERNARDO LÓPEZ ALIAGA CAZORLA,35,RENOVACIÓN POPULAR,11.673,9.735,1840510,PERU,2026-04-25T00:45:02.580313+00:00,18906089,15767414,82529
2160,84.939,2543,61540,2026-04-24T19:45:03.692624+00:00,772,17786,-22.956,RAFAEL BERNARDO LÓPEZ ALIAGA CAZORLA,25.493,66909,16002918,ROBERTO HELBERT SANCHEZ PALOMINO,10,JUNTOS POR EL PERÚ,2.537,1.948,6658,07845838,RAFAEL BERNARDO LÓPEZ ALIAGA CAZORLA,35,RENOVACIÓN POPULAR,25.493,19.577,66909,EXTRANJERO,2026-04-25T00:45:02.681349+00:00,341782,262456,-60251
3303,95.132,3472,99038,2026-04-24T19:45:04.154887+00:00,773,47185,8.827,KEIKO SOFIA FUJIMORI HIGUCHI,17.977,93065,16002918,ROBERTO HELBERT SANCHEZ PALOMINO,10,JUNTOS POR EL PERÚ,14.873,11.597,76993,07845838,RAFAEL BERNARDO LÓPEZ ALIAGA CAZORLA,35,RENOVACIÓN POPULAR,6.046,4.714,31297,020000,2026-04-25T00:45:03.575565+00:00,663898,517675,45696
2286,93.573,2443,65660,2026-04-24T19:45:05.449036+00:00,774,26338,-1.732,KEIKO SOFIA FUJIMORI HIGUCHI,20.319,90547,16002918,ROBERTO HELBERT SANCHEZ PALOMINO,10,JUNTOS POR EL PERÚ,7.702,6.384,34320,07845838,RAFAEL BERNARDO LÓPEZ ALIAGA CAZORLA,35,RENOVACIÓN POPULAR,9.434,7.82,42040,100000,2026-04-25T00:45:05.085105+00:00,537616,445618,-7720
5154,97.209,5302,154291,2026-04-24T19:45:05.777125+00:00,775,71663,1.133,KEIKO SOFIA FUJIMORI HIGUCHI,20.23,183687,16002918,ROBERTO HELBERT SANCHEZ PALOMINO,10,JUNTOS POR EL PERÚ,9.39,7.519,85266,07845838,RAFAEL BERNARDO LÓPEZ ALIAGA CAZORLA,35,RENOVACIÓN POPULAR,8.257,6.612,74973,120000,2026-04-25T00:45:05.290765+00:00,1133965,908011,10293
27970,95.634,29247,530469,2026-04-24T19:45:06.314113+00:00,777,244396,-16.65,RAFAEL BERNARDO LÓPEZ ALIAGA CAZORLA,19.92,1161087,16002918,ROBERTO HELBERT SANCHEZ PALOMINO,10,JUNTOS POR EL PERÚ,3.27,2.886,190609,07845838,RAFAEL BERNARDO LÓPEZ ALIAGA CAZORLA,35,RENOVACIÓN POPULAR,19.92,17.583,1161087,140000,2026-04-25T00:45:05.851212+00:00,6603569,5828704,-970478
88199,97.757,90223,2243260,2026-05-02T20:15:03.838977+00:00,1480,981389,0.576,KEIKO SOFIA FUJIMORI HIGUCHI,17.134,2758787,16002918,ROBERTO HELBERT SANCHEZ PALOMINO,10,JUNTOS POR EL PERÚ,12.215,10.177,1966725,07845838,RAFAEL BERNARDO LÓPEZ ALIAGA CAZORLA,35,RENOVACIÓN POPULAR,11.639,9.697,1873979,PERU,2026-05-03T01:15:03.079404+00:00,19325982,16101333,92746
90563,97.625,92766,2312380,2026-05-02T20:15:04.149467+00:00,1481,1002427,0.169,KEIKO SOFIA FUJIMORI HIGUCHI,17.129,2807466,16002918,ROBERTO HELBERT SANCHEZ PALOMINO,10,JUNTOS POR EL PERÚ,12.045,10.019,1974202,07845838,RAFAEL BERNARDO LÓPEZ ALIAGA CAZORLA,35,RENOVACIÓN POPULAR,11.876,9.878,1946453,TOTAL,2026-05-03T01:15:03.121502+00:00,19704766,16389959,27749
2364,92.961,2543,69096,2026-05-02T20:15:04.376105+00:00,1482,21027,-22.516,RAFAEL BERNARDO LÓPEZ ALIAGA CAZORLA,25.107,72446,16002918,ROBERTO HELBERT SANCHEZ PALOMINO,10,JUNTOS POR EL PERÚ,2.591,1.975,7477,07845838,RAFAEL BERNARDO LÓPEZ ALIAGA CAZORLA,35,RENOVACIÓN POPULAR,25.107,19.132,72446,EXTRANJERO,2026-05-03T01:15:03.176032+00:00,378670,288547,-64969
4199,99.62,4215,74719,2026-05-02T20:15:05.092593+00:00,1483,38756,-0.512,JORGE NIETO MONTESINOS,18.641,163506,16002918,ROBERTO HELBERT SANCHEZ PALOMINO,10,JUNTOS POR EL PERÚ,10.085,8.93,88460,07845838,RAFAEL BERNARDO LÓPEZ ALIAGA CAZORLA,35,RENOVACIÓN POPULAR,10.597,9.383,92954,040000,2026-05-03T01:15:04.609455+00:00,990615,877140,-4494
2352,96.275,2443,69353,2026-05-02T20:15:06.27221+00:00,1484,28257,-1.66,KEIKO SOFIA FUJIMORI HIGUCHI,20.333,95355,16002918,ROBERTO HELBERT SANCHEZ PALOMINO,10,JUNTOS POR EL PERÚ,7.728,6.397,36242,07845838,RAFAEL BERNARDO LÓPEZ ALIAGA CAZORLA,35,RENOVACIÓN POPULAR,9.388,7.77,44026,100000,2026-05-03T01:15:05.678849+00:00,566580,468970,-7784
3681,99.729,3691,107026,2026-05-02T20:15:06.55042+00:00,1485,42004,4.706,KEIKO SOFIA FUJIMORI HIGUCHI,17.068,108184,16002918,ROBERTO HELBERT SANCHEZ PALOMINO,10,JUNTOS POR EL PERÚ,12.295,9.954,77928,07845838,RAFAEL BERNARDO LÓPEZ ALIAGA CAZORLA,35,RENOVACIÓN POPULAR,7.589,6.145,48104,110000,2026-05-03T01:15:05.868822+00:00,782863,633833,29824
3588,99.944,3590,100349,2026-05-02T20:15:06.965418+00:00,1486,50217,2.154,KEIKO SOFIA FUJIMORI HIGUCHI,26.397,176015,16002918,ROBERTO HELBERT SANCHEZ PALOMINO,10,JUNTOS POR EL PERÚ,10.741,8.763,71623,07845838,RAFAEL BERNARDO LÓPEZ ALIAGA CAZORLA,35,RENOVACIÓN POPULAR,8.587,7.006,57261,130000,2026-05-03T01:15:06.395598+00:00,817365,666799,14362
28474,97.357,29247,541050,2026-05-02T20:15:07.210766+00:00,1487,251125,-16.612,RAFAEL BERNARDO LÓPEZ ALIAGA CAZORLA,19.895,1179783,16002918,ROBERTO HELBERT SANCHEZ PALOMINO,10,JUNTOS POR EL PERÚ,3.283,2.897,194713,07845838,RAFAEL BERNARDO LÓPEZ ALIAGA CAZORLA,35,RENOVACIÓN POPULAR,19.895,17.55,1179783,140000,2026-05-03T01:15:06.613162+00:00,6722299,5930124,-985070
2460,97.08,2534,100805,2026-05-02T20:15:08.384118+00:00,1488,37244,18.092,ROBERTO HELBERT SANCHEZ PALOMINO,23.95,89904,16002918,ROBERTO HELBERT SANCHEZ PALOMINO,10,JUNTOS POR EL PERÚ,23.95,17.51,89904,07845838,RAFAEL BERNARDO LÓPEZ ALIAGA CAZORLA,35,RENOVACIÓN POPULAR,5.858,4.283,21989,210000,2026-05-03T01:15:07.762958+00:00,513430,375381,67915
90647,97.716,92766,2315060,2026-05-03T12:45:03.809818+00:00,1520,1003821,0.163,KEIKO SOFIA FUJIMORI HIGUCHI,17.131,2809983,16002918,ROBERTO HELBERT SANCHEZ PALOMINO,10,JUNTOS POR EL PERÚ,12.041,10.015,1975079,07845838,RAFAEL BERNARDO LÓPEZ ALIAGA CAZORLA,35,RENOVACIÓN POPULAR,11.878,9.879,1948301,TOTAL,2026-05-03T17:45:03.032208+00:00,19721467,16402586,26778
2379,97.38,2443,69531,2026-05-03T12:45:05.689311+00:00,1521,28305,-1.665,KEIKO SOFIA FUJIMORI HIGUCHI,20.33,95584,16002918,ROBERTO HELBERT SANCHEZ PALOMINO,10,JUNTOS POR EL PERÚ,7.725,6.394,36317,07845838,RAFAEL BERNARDO LÓPEZ ALIAGA CAZORLA,35,RENOVACIÓN POPULAR,9.39,7.773,44149,100000,2026-05-03T17:45:05.286751+00:00,567987,470151,-7832
90715,97.789,92766,2317063,2026-05-03T22:15:04.311055+00:00,1551,1004532,0.161,KEIKO SOFIA FUJIMORI HIGUCHI,17.131,2811747,16002918,ROBERTO HELBERT SANCHEZ PALOMINO,10,JUNTOS POR EL PERÚ,12.043,10.016,1976734,07845838,RAFAEL BERNARDO LÓPEZ ALIAGA CAZORLA,35,RENOVACIÓN POPULAR,11.882,9.882,1950243,TOTAL,2026-05-04T03:15:03.522887+00:00,19734970,16413375,26491
88289,97.856,90223,2246592,2026-05-03T22:15:04.674543+00:00,1552,982748,0.572,KEIKO SOFIA FUJIMORI HIGUCHI,17.135,2762220,16002918,ROBERTO HELBERT SANCHEZ PALOMINO,10,JUNTOS POR EL PERÚ,12.215,10.177,1969145,07845838,RAFAEL BERNARDO LÓPEZ ALIAGA CAZORLA,35,RENOVACIÓN POPULAR,11.643,9.699,1876802,PERU,2026-05-04T03:15:03.524345+00:00,19349534,16120194,92343
28507,97.47,29247,541893,2026-05-03T22:15:06.928433+00:00,1553,251421,-16.619,RAFAEL BERNARDO LÓPEZ ALIAGA CAZORLA,19.901,1182016,16002918,ROBERTO HELBERT SANCHEZ PALOMINO,10,JUNTOS POR EL PERÚ,3.282,2.895,194911,07845838,RAFAEL BERNARDO LÓPEZ ALIAGA CAZORLA,35,RENOVACIÓN POPULAR,19.901,17.556,1182016,140000,2026-05-04T03:15:06.487164+00:00,6732893,5939579,-987105
88312,97.882,90223,2246612,2026-05-04T10:00:06.150339+00:00,1570,982759,0.572,KEIKO SOFIA FUJIMORI HIGUCHI,17.135,2762251,16002918,ROBERTO HELBERT SANCHEZ PALOMINO,10,JUNTOS POR EL PERÚ,12.215,10.177,1969147,07845838,RAFAEL BERNARDO LÓPEZ ALIAGA CAZORLA,35,RENOVACIÓN POPULAR,11.643,9.7,1876840,PERU,2026-05-04T15:00:05.524124+00:00,19349759,16120388,92307
90716,97.79,92766,2317083,2026-05-04T10:00:06.574137+00:00,1571,1004543,0.161,KEIKO SOFIA FUJIMORI HIGUCHI,17.131,2811778,16002918,ROBERTO HELBERT SANCHEZ PALOMINO,10,JUNTOS POR EL PERÚ,12.043,10.016,1976736,07845838,RAFAEL BERNARDO LÓPEZ ALIAGA CAZORLA,35,RENOVACIÓN POPULAR,11.882,9.882,1950281,TOTAL,2026-05-04T15:00:05.566317+00:00,19735195,16413569,26455
2848,98.275,2898,61381,2026-05-04T10:00:10.709698+00:00,1572,29223,-12.026,KEIKO SOFIA FUJIMORI HIGUCHI,20.665,117619,16002918,ROBERTO HELBERT SANCHEZ PALOMINO,10,JUNTOS POR EL PERÚ,3.005,2.592,17104,07845838,RAFAEL BERNARDO LÓPEZ ALIAGA CAZORLA,35,RENOVACIÓN POPULAR,15.031,12.967,85549,240000,2026-05-04T15:00:10.27622+00:00,659762,569158,-68445
88328,97.9,90223,2247171,2026-05-04T17:00:07.077129+00:00,1598,983047,0.571,KEIKO SOFIA FUJIMORI HIGUCHI,17.136,2762996,16002918,ROBERTO HELBERT SANCHEZ PALOMINO,10,JUNTOS POR EL PERÚ,12.214,10.176,1969357,07845838,RAFAEL BERNARDO LÓPEZ ALIAGA CAZORLA,35,RENOVACIÓN POPULAR,11.643,9.7,1877334,PERU,2026-05-04T22:00:06.087118+00:00,19353861,16123643,92023
3417,98.416,3472,102675,2026-05-04T21:00:07.601946+00:00,1621,49021,8.908,KEIKO SOFIA FUJIMORI HIGUCHI,17.943,96009,16002918,ROBERTO HELBERT SANCHEZ PALOMINO,10,JUNTOS POR EL PERÚ,14.95,11.648,79993,07845838,RAFAEL BERNARDO LÓPEZ ALIAGA CAZORLA,35,RENOVACIÓN POPULAR,6.042,4.708,32330,020000,2026-05-05T02:00:07.195035+00:00,686765,535069,47663
28517,97.504,29247,542116,2026-05-04T21:00:09.723643+00:00,1622,251600,-16.621,RAFAEL BERNARDO LÓPEZ ALIAGA CAZORLA,19.902,1182516,16002918,ROBERTO HELBERT SANCHEZ PALOMINO,10,JUNTOS POR EL PERÚ,3.281,2.895,194958,07845838,RAFAEL BERNARDO LÓPEZ ALIAGA CAZORLA,35,RENOVACIÓN POPULAR,19.902,17.557,1182516,140000,2026-05-05T02:00:09.374641+00:00,6735390,5941674,-987558
3519,98.022,3590,98042,2026-04-24T19:45:06.077045+00:00,776,48214,2.028,KEIKO SOFIA FUJIMORI HIGUCHI,26.399,172966,16002918,ROBERTO HELBERT SANCHEZ PALOMINO,10,JUNTOS POR EL PERÚ,10.64,8.699,69715,07845838,RAFAEL BERNARDO LÓPEZ ALIAGA CAZORLA,35,RENOVACIÓN POPULAR,8.612,7.04,56426,130000,2026-04-25T00:45:05.572821+00:00,801449,655193,13289
3303,95.132,3472,99109,2026-04-24T20:00:05.741067+00:00,778,47196,8.835,KEIKO SOFIA FUJIMORI HIGUCHI,17.977,93107,16002918,ROBERTO HELBERT SANCHEZ PALOMINO,10,JUNTOS POR EL PERÚ,14.878,11.601,77058,07845838,RAFAEL BERNARDO LÓPEZ ALIAGA CAZORLA,35,RENOVACIÓN POPULAR,6.043,4.712,31299,020000,2026-04-25T01:00:05.119407+00:00,664233,517928,45759
2286,93.573,2443,66843,2026-04-24T20:00:07.374925+00:00,779,26973,-1.71,KEIKO SOFIA FUJIMORI HIGUCHI,20.329,91882,16002918,ROBERTO HELBERT SANCHEZ PALOMINO,10,JUNTOS POR EL PERÚ,7.698,6.375,34793,07845838,RAFAEL BERNARDO LÓPEZ ALIAGA CAZORLA,35,RENOVACIÓN POPULAR,9.408,7.791,42521,100000,2026-04-25T01:00:06.653651+00:00,545791,451975,-7728
5154,97.209,5302,154360,2026-04-24T20:00:08.194198+00:00,780,71687,1.134,KEIKO SOFIA FUJIMORI HIGUCHI,20.23,183763,16002918,ROBERTO HELBERT SANCHEZ PALOMINO,10,JUNTOS POR EL PERÚ,9.389,7.518,85288,07845838,RAFAEL BERNARDO LÓPEZ ALIAGA CAZORLA,35,RENOVACIÓN POPULAR,8.255,6.61,74991,120000,2026-04-25T01:00:06.936892+00:00,1134430,908383,10297
3519,98.022,3590,98255,2026-04-24T20:00:08.527521+00:00,781,48297,2.054,KEIKO SOFIA FUJIMORI HIGUCHI,26.4,173123,16002918,ROBERTO HELBERT SANCHEZ PALOMINO,10,JUNTOS POR EL PERÚ,10.66,8.713,69904,07845838,RAFAEL BERNARDO LÓPEZ ALIAGA CAZORLA,35,RENOVACIÓN POPULAR,8.606,7.034,56434,130000,2026-04-25T01:00:07.805415+00:00,802312,655760,13470
27970,95.634,29247,530735,2026-04-24T20:00:08.83244+00:00,782,244712,-16.647,RAFAEL BERNARDO LÓPEZ ALIAGA CAZORLA,19.918,1161387,16002918,ROBERTO HELBERT SANCHEZ PALOMINO,10,JUNTOS POR EL PERÚ,3.271,2.887,190729,07845838,RAFAEL BERNARDO LÓPEZ ALIAGA CAZORLA,35,RENOVACIÓN POPULAR,19.918,17.58,1161387,140000,2026-04-25T01:00:07.918048+00:00,6606351,5830904,-970658
88487,95.387,92766,2251402,2026-04-24T20:45:03.34852+00:00,783,970745,0.143,KEIKO SOFIA FUJIMORI HIGUCHI,17.06,2736438,16002918,ROBERTO HELBERT SANCHEZ PALOMINO,10,JUNTOS POR EL PERÚ,12.042,10.028,1931558,07845838,RAFAEL BERNARDO LÓPEZ ALIAGA CAZORLA,35,RENOVACIÓN POPULAR,11.899,9.909,1908599,TOTAL,2026-04-25T01:45:02.71909+00:00,19262206,16040059,22959
86286,95.636,90223,2187954,2026-04-24T20:45:03.718454+00:00,784,952445,0.532,KEIKO SOFIA FUJIMORI HIGUCHI,17.065,2691519,16002918,ROBERTO HELBERT SANCHEZ PALOMINO,10,JUNTOS POR EL PERÚ,12.203,10.177,1924698,07845838,RAFAEL BERNARDO LÓPEZ ALIAGA CAZORLA,35,RENOVACIÓN POPULAR,11.671,9.733,1840726,PERU,2026-04-25T01:45:02.720512+00:00,18912801,15772402,83972
2201,86.551,2543,61540,2026-04-24T20:45:03.910874+00:00,785,17786,-22.956,RAFAEL BERNARDO LÓPEZ ALIAGA CAZORLA,25.493,66909,16002918,ROBERTO HELBERT SANCHEZ PALOMINO,10,JUNTOS POR EL PERÚ,2.537,1.948,6658,07845838,RAFAEL BERNARDO LÓPEZ ALIAGA CAZORLA,35,RENOVACIÓN POPULAR,25.493,19.577,66909,EXTRANJERO,2026-04-25T01:45:03.461574+00:00,341782,262456,-60251
1282,97.342,1317,38347,2026-04-24T20:45:04.460267+00:00,786,13914,37.722,ROBERTO HELBERT SANCHEZ PALOMINO,40.877,79312,16002918,ROBERTO HELBERT SANCHEZ PALOMINO,10,JUNTOS POR EL PERÚ,40.877,32.203,79312,07845838,RAFAEL BERNARDO LÓPEZ ALIAGA CAZORLA,35,RENOVACIÓN POPULAR,3.155,2.486,6122,030000,2026-04-25T01:45:04.031567+00:00,246288,194027,73190
2197,93.849,2341,68516,2026-04-24T20:45:05.428057+00:00,787,23106,23.479,ROBERTO HELBERT SANCHEZ PALOMINO,29.43,94816,16002918,ROBERTO HELBERT SANCHEZ PALOMINO,10,JUNTOS POR EL PERÚ,29.43,22.913,94816,07845838,RAFAEL BERNARDO LÓPEZ ALIAGA CAZORLA,35,RENOVACIÓN POPULAR,5.951,4.633,19173,090000,2026-04-25T01:45:04.986147+00:00,413802,322180,75643
5155,97.227,5302,154360,2026-04-24T20:45:05.9695+00:00,788,71687,1.134,KEIKO SOFIA FUJIMORI HIGUCHI,20.23,183763,16002918,ROBERTO HELBERT SANCHEZ PALOMINO,10,JUNTOS POR EL PERÚ,9.389,7.518,85288,07845838,RAFAEL BERNARDO LÓPEZ ALIAGA CAZORLA,35,RENOVACIÓN POPULAR,8.255,6.61,74991,120000,2026-04-25T01:45:05.614273+00:00,1134430,908383,10297
27973,95.644,29247,530735,2026-04-24T20:45:06.368064+00:00,789,244712,-16.647,RAFAEL BERNARDO LÓPEZ ALIAGA CAZORLA,19.918,1161387,16002918,ROBERTO HELBERT SANCHEZ PALOMINO,10,JUNTOS POR EL PERÚ,3.271,2.887,190729,07845838,RAFAEL BERNARDO LÓPEZ ALIAGA CAZORLA,35,RENOVACIÓN POPULAR,19.918,17.58,1161387,140000,2026-04-25T01:45:05.812581+00:00,6606351,5830904,-970658
2201,86.551,2543,63448,2026-04-24T21:00:05.449193+00:00,790,18300,-22.795,RAFAEL BERNARDO LÓPEZ ALIAGA CAZORLA,25.358,67873,16002918,ROBERTO HELBERT SANCHEZ PALOMINO,10,JUNTOS POR EL PERÚ,2.563,1.963,6860,07845838,RAFAEL BERNARDO LÓPEZ ALIAGA CAZORLA,35,RENOVACIÓN POPULAR,25.358,19.425,67873,EXTRANJERO,2026-04-25T02:00:04.784253+00:00,349405,267657,-61013
1282,97.342,1317,38697,2026-04-24T21:00:06.189399+00:00,791,14112,37.814,ROBERTO HELBERT SANCHEZ PALOMINO,40.972,80274,16002918,ROBERTO HELBERT SANCHEZ PALOMINO,10,JUNTOS POR EL PERÚ,40.972,32.273,80274,07845838,RAFAEL BERNARDO LÓPEZ ALIAGA CAZORLA,35,RENOVACIÓN POPULAR,3.158,2.487,6187,030000,2026-04-25T02:00:05.633294+00:00,248735,195926,74087
2197,93.849,2341,68553,2026-04-24T21:00:07.613957+00:00,792,23122,23.474,ROBERTO HELBERT SANCHEZ PALOMINO,29.424,94841,16002918,ROBERTO HELBERT SANCHEZ PALOMINO,10,JUNTOS POR EL PERÚ,29.424,22.909,94841,07845838,RAFAEL BERNARDO LÓPEZ ALIAGA CAZORLA,35,RENOVACIÓN POPULAR,5.95,4.633,19179,090000,2026-04-25T02:00:06.85707+00:00,413998,322323,75662
5155,97.227,5302,154408,2026-04-24T21:00:08.106768+00:00,793,71699,1.138,KEIKO SOFIA FUJIMORI HIGUCHI,20.228,183784,16002918,ROBERTO HELBERT SANCHEZ PALOMINO,10,JUNTOS POR EL PERÚ,9.392,7.52,85333,07845838,RAFAEL BERNARDO LÓPEZ ALIAGA CAZORLA,35,RENOVACIÓN POPULAR,8.254,6.609,74996,120000,2026-04-25T02:00:07.249328+00:00,1134672,908565,10337
3534,98.44,3590,98850,2026-04-24T21:00:08.393606+00:00,794,48520,2.126,KEIKO SOFIA FUJIMORI HIGUCHI,26.405,173724,16002918,ROBERTO HELBERT SANCHEZ PALOMINO,10,JUNTOS POR EL PERÚ,10.714,8.754,70491,07845838,RAFAEL BERNARDO LÓPEZ ALIAGA CAZORLA,35,RENOVACIÓN POPULAR,8.588,7.016,56499,130000,2026-04-25T02:00:07.742575+00:00,805282,657912,13992
27973,95.644,29247,530820,2026-04-24T21:00:09.062503+00:00,795,244872,-16.646,RAFAEL BERNARDO LÓPEZ ALIAGA CAZORLA,19.917,1161459,16002918,ROBERTO HELBERT SANCHEZ PALOMINO,10,JUNTOS POR EL PERÚ,3.271,2.887,190769,07845838,RAFAEL BERNARDO LÓPEZ ALIAGA CAZORLA,35,RENOVACIÓN POPULAR,19.917,17.579,1161459,140000,2026-04-25T02:00:07.800016+00:00,6607208,5831516,-970690
556,96.194,578,11508,2026-04-24T21:00:09.81895+00:00,796,5010,7.113,ROBERTO HELBERT SANCHEZ PALOMINO,12.895,14160,16002918,ROBERTO HELBERT SANCHEZ PALOMINO,10,JUNTOS POR EL PERÚ,12.895,11.209,14160,07845838,RAFAEL BERNARDO LÓPEZ ALIAGA CAZORLA,35,RENOVACIÓN POPULAR,5.782,5.026,6349,170000,2026-04-25T02:00:08.5889+00:00,126325,109807,7811
86286,95.636,90223,2188537,2026-04-24T21:30:04.010222+00:00,797,952642,0.537,KEIKO SOFIA FUJIMORI HIGUCHI,17.065,2691987,16002918,ROBERTO HELBERT SANCHEZ PALOMINO,10,JUNTOS POR EL PERÚ,12.206,10.179,1925522,07845838,RAFAEL BERNARDO LÓPEZ ALIAGA CAZORLA,35,RENOVACIÓN POPULAR,11.669,9.732,1840820,PERU,2026-04-25T02:30:03.769983+00:00,18915984,15774805,84702
88487,95.387,92766,2252825,2026-04-24T21:30:04.318097+00:00,798,971475,0.145,KEIKO SOFIA FUJIMORI HIGUCHI,17.061,2737395,16002918,ROBERTO HELBERT SANCHEZ PALOMINO,10,JUNTOS POR EL PERÚ,12.044,10.029,1932450,07845838,RAFAEL BERNARDO LÓPEZ ALIAGA CAZORLA,35,RENOVACIÓN POPULAR,11.899,9.908,1909161,TOTAL,2026-04-25T02:30:03.811266+00:00,19269331,16045031,23289
2197,93.849,2341,68610,2026-04-24T21:30:05.890771+00:00,799,23158,23.472,ROBERTO HELBERT SANCHEZ PALOMINO,29.426,94933,16002918,ROBERTO HELBERT SANCHEZ PALOMINO,10,JUNTOS POR EL PERÚ,29.426,22.91,94933,07845838,RAFAEL BERNARDO LÓPEZ ALIAGA CAZORLA,35,RENOVACIÓN POPULAR,5.954,4.635,19207,090000,2026-04-25T02:30:05.445923+00:00,414380,322612,75726
88524,95.427,92766,2252825,2026-04-24T21:45:03.736851+00:00,800,971475,0.145,KEIKO SOFIA FUJIMORI HIGUCHI,17.061,2737395,16002918,ROBERTO HELBERT SANCHEZ PALOMINO,10,JUNTOS POR EL PERÚ,12.044,10.029,1932450,07845838,RAFAEL BERNARDO LÓPEZ ALIAGA CAZORLA,35,RENOVACIÓN POPULAR,11.899,9.908,1909161,TOTAL,2026-04-25T02:45:02.965166+00:00,19269331,16045031,23289
86302,95.654,90223,2188537,2026-04-24T21:45:04.053431+00:00,801,952642,0.537,KEIKO SOFIA FUJIMORI HIGUCHI,17.065,2691987,16002918,ROBERTO HELBERT SANCHEZ PALOMINO,10,JUNTOS POR EL PERÚ,12.206,10.179,1925522,07845838,RAFAEL BERNARDO LÓPEZ ALIAGA CAZORLA,35,RENOVACIÓN POPULAR,11.669,9.732,1840820,PERU,2026-04-25T02:45:03.005736+00:00,18915984,15774805,84702
2222,87.377,2543,64288,2026-04-24T21:45:04.289464+00:00,802,18833,-22.726,RAFAEL BERNARDO LÓPEZ ALIAGA CAZORLA,25.29,68341,16002918,ROBERTO HELBERT SANCHEZ PALOMINO,10,JUNTOS POR EL PERÚ,2.564,1.961,6928,07845838,RAFAEL BERNARDO LÓPEZ ALIAGA CAZORLA,35,RENOVACIÓN POPULAR,25.29,19.341,68341,EXTRANJERO,2026-04-25T02:45:03.064946+00:00,353347,270226,-61413
1286,97.646,1317,38849,2026-04-24T21:45:04.879+00:00,803,14171,37.875,ROBERTO HELBERT SANCHEZ PALOMINO,41.029,80687,16002918,ROBERTO HELBERT SANCHEZ PALOMINO,10,JUNTOS POR EL PERÚ,41.029,32.317,80687,07845838,RAFAEL BERNARDO LÓPEZ ALIAGA CAZORLA,35,RENOVACIÓN POPULAR,3.154,2.484,6203,030000,2026-04-25T02:45:04.523425+00:00,249677,196657,74484
2199,93.934,2341,68610,2026-04-24T21:45:05.907952+00:00,804,23158,23.472,ROBERTO HELBERT SANCHEZ PALOMINO,29.426,94933,16002918,ROBERTO HELBERT SANCHEZ PALOMINO,10,JUNTOS POR EL PERÚ,29.426,22.91,94933,07845838,RAFAEL BERNARDO LÓPEZ ALIAGA CAZORLA,35,RENOVACIÓN POPULAR,5.954,4.635,19207,090000,2026-04-25T02:45:05.431279+00:00,414380,322612,75726
3544,98.719,3590,99224,2026-04-24T21:45:06.581065+00:00,805,48622,2.163,KEIKO SOFIA FUJIMORI HIGUCHI,26.415,174150,16002918,ROBERTO HELBERT SANCHEZ PALOMINO,10,JUNTOS POR EL PERÚ,10.74,8.773,70810,07845838,RAFAEL BERNARDO LÓPEZ ALIAGA CAZORLA,35,RENOVACIÓN POPULAR,8.577,7.006,56549,130000,2026-04-25T02:45:06.042267+00:00,807141,659295,14261
86310,95.663,90223,2188779,2026-04-24T22:30:05.090586+00:00,806,952726,0.537,KEIKO SOFIA FUJIMORI HIGUCHI,17.065,2692296,16002918,ROBERTO HELBERT SANCHEZ PALOMINO,10,JUNTOS POR EL PERÚ,12.206,10.179,1925715,07845838,RAFAEL BERNARDO LÓPEZ ALIAGA CAZORLA,35,RENOVACIÓN POPULAR,11.669,9.731,1840910,PERU,2026-04-25T03:30:04.358043+00:00,18917816,15776311,84805
88540,95.444,92766,2253210,2026-04-24T22:30:05.390576+00:00,807,971710,0.144,KEIKO SOFIA FUJIMORI HIGUCHI,17.061,2737878,16002918,ROBERTO HELBERT SANCHEZ PALOMINO,10,JUNTOS POR EL PERÚ,12.043,10.028,1932673,07845838,RAFAEL BERNARDO LÓPEZ ALIAGA CAZORLA,35,RENOVACIÓN POPULAR,11.899,9.908,1909480,TOTAL,2026-04-25T03:30:04.359461+00:00,19272440,16047520,23193
2230,87.692,2543,64431,2026-04-24T22:30:05.600107+00:00,808,18984,-22.717,RAFAEL BERNARDO LÓPEZ ALIAGA CAZORLA,25.283,68570,16002918,ROBERTO HELBERT SANCHEZ PALOMINO,10,JUNTOS POR EL PERÚ,2.566,1.962,6958,07845838,RAFAEL BERNARDO LÓPEZ ALIAGA CAZORLA,35,RENOVACIÓN POPULAR,25.283,19.336,68570,EXTRANJERO,2026-04-25T03:30:04.455723+00:00,354624,271209,-61612
2293,93.86,2443,67053,2026-04-24T22:30:07.163364+00:00,809,27046,-1.689,KEIKO SOFIA FUJIMORI HIGUCHI,20.327,92146,16002918,ROBERTO HELBERT SANCHEZ PALOMINO,10,JUNTOS POR EL PERÚ,7.71,6.384,34950,07845838,RAFAEL BERNARDO LÓPEZ ALIAGA CAZORLA,35,RENOVACIÓN POPULAR,9.399,7.783,42607,100000,2026-04-25T03:30:06.848011+00:00,547425,453326,-7657
3545,98.747,3590,99256,2026-04-24T22:30:07.724662+00:00,810,48633,2.167,KEIKO SOFIA FUJIMORI HIGUCHI,26.415,174195,16002918,ROBERTO HELBERT SANCHEZ PALOMINO,10,JUNTOS POR EL PERÚ,10.743,8.775,70846,07845838,RAFAEL BERNARDO LÓPEZ ALIAGA CAZORLA,35,RENOVACIÓN POPULAR,8.576,7.005,56553,130000,2026-04-25T03:30:07.346813+00:00,807339,659450,14293
86310,95.663,90223,2188918,2026-04-24T23:30:04.520963+00:00,811,952775,0.537,KEIKO SOFIA FUJIMORI HIGUCHI,17.065,2692405,16002918,ROBERTO HELBERT SANCHEZ PALOMINO,10,JUNTOS POR EL PERÚ,12.206,10.179,1925781,07845838,RAFAEL BERNARDO LÓPEZ ALIAGA CAZORLA,35,RENOVACIÓN POPULAR,11.669,9.731,1840965,PERU,2026-04-25T04:30:03.886405+00:00,18918702,15777009,84816
88540,95.444,92766,2253349,2026-04-24T23:30:04.805503+00:00,812,971759,0.144,KEIKO SOFIA FUJIMORI HIGUCHI,17.061,2737987,16002918,ROBERTO HELBERT SANCHEZ PALOMINO,10,JUNTOS POR EL PERÚ,12.043,10.028,1932739,07845838,RAFAEL BERNARDO LÓPEZ ALIAGA CAZORLA,35,RENOVACIÓN POPULAR,11.899,9.908,1909535,TOTAL,2026-04-25T04:30:03.927741+00:00,19273326,16048218,23204
88544,95.449,92766,2253349,2026-04-24T23:45:03.287143+00:00,813,971759,0.144,KEIKO SOFIA FUJIMORI HIGUCHI,17.061,2737987,16002918,ROBERTO HELBERT SANCHEZ PALOMINO,10,JUNTOS POR EL PERÚ,12.043,10.028,1932739,07845838,RAFAEL BERNARDO LÓPEZ ALIAGA CAZORLA,35,RENOVACIÓN POPULAR,11.899,9.908,1909535,TOTAL,2026-04-25T04:45:02.645113+00:00,19273326,16048218,23204
86314,95.667,90223,2188918,2026-04-24T23:45:03.534074+00:00,814,952775,0.537,KEIKO SOFIA FUJIMORI HIGUCHI,17.065,2692405,16002918,ROBERTO HELBERT SANCHEZ PALOMINO,10,JUNTOS POR EL PERÚ,12.206,10.179,1925781,07845838,RAFAEL BERNARDO LÓPEZ ALIAGA CAZORLA,35,RENOVACIÓN POPULAR,11.669,9.731,1840965,PERU,2026-04-25T04:45:02.685698+00:00,18918702,15777009,84816
2297,94.024,2443,67192,2026-04-24T23:45:05.156653+00:00,815,27095,-1.684,KEIKO SOFIA FUJIMORI HIGUCHI,20.319,92255,16002918,ROBERTO HELBERT SANCHEZ PALOMINO,10,JUNTOS POR EL PERÚ,7.712,6.386,35016,07845838,RAFAEL BERNARDO LÓPEZ ALIAGA CAZORLA,35,RENOVACIÓN POPULAR,9.396,7.781,42662,100000,2026-04-25T04:45:04.790811+00:00,548311,454024,-7646
86320,95.674,90223,2189097,2026-04-25T03:30:04.672674+00:00,816,952849,0.538,KEIKO SOFIA FUJIMORI HIGUCHI,17.065,2692630,16002918,ROBERTO HELBERT SANCHEZ PALOMINO,10,JUNTOS POR EL PERÚ,12.206,10.179,1925881,07845838,RAFAEL BERNARDO LÓPEZ ALIAGA CAZORLA,35,RENOVACIÓN POPULAR,11.668,9.731,1841066,PERU,2026-04-25T08:30:03.800377+00:00,18920223,15778277,84815
88544,95.449,92766,2253528,2026-04-25T03:30:04.941247+00:00,817,971833,0.145,KEIKO SOFIA FUJIMORI HIGUCHI,17.061,2738212,16002918,ROBERTO HELBERT SANCHEZ PALOMINO,10,JUNTOS POR EL PERÚ,12.043,10.028,1932839,07845838,RAFAEL BERNARDO LÓPEZ ALIAGA CAZORLA,35,RENOVACIÓN POPULAR,11.898,9.907,1909636,TOTAL,2026-04-25T08:30:03.841422+00:00,19274847,16049486,23203
88550,95.455,92766,2253528,2026-04-25T03:45:03.625623+00:00,818,971833,0.145,KEIKO SOFIA FUJIMORI HIGUCHI,17.061,2738212,16002918,ROBERTO HELBERT SANCHEZ PALOMINO,10,JUNTOS POR EL PERÚ,12.043,10.028,1932839,07845838,RAFAEL BERNARDO LÓPEZ ALIAGA CAZORLA,35,RENOVACIÓN POPULAR,11.898,9.907,1909636,TOTAL,2026-04-25T08:45:02.805976+00:00,19274847,16049486,23203
2303,94.269,2443,67371,2026-04-25T03:45:05.341414+00:00,819,27169,-1.679,KEIKO SOFIA FUJIMORI HIGUCHI,20.312,92480,16002918,ROBERTO HELBERT SANCHEZ PALOMINO,10,JUNTOS POR EL PERÚ,7.713,6.387,35116,07845838,RAFAEL BERNARDO LÓPEZ ALIAGA CAZORLA,35,RENOVACIÓN POPULAR,9.392,7.777,42763,100000,2026-04-25T08:45:04.999204+00:00,549832,455292,-7647
86344,95.701,90223,2189701,2026-04-25T05:00:04.771352+00:00,820,953172,0.537,KEIKO SOFIA FUJIMORI HIGUCHI,17.066,2693560,16002918,ROBERTO HELBERT SANCHEZ PALOMINO,10,JUNTOS POR EL PERÚ,12.205,10.178,1926280,07845838,RAFAEL BERNARDO LÓPEZ ALIAGA CAZORLA,35,RENOVACIÓN POPULAR,11.668,9.73,1841586,PERU,2026-04-25T10:00:04.345035+00:00,18925930,15783057,84694
88574,95.481,92766,2254132,2026-04-25T05:00:05.04621+00:00,821,972156,0.144,KEIKO SOFIA FUJIMORI HIGUCHI,17.062,2739142,16002918,ROBERTO HELBERT SANCHEZ PALOMINO,10,JUNTOS POR EL PERÚ,12.042,10.027,1933238,07845838,RAFAEL BERNARDO LÓPEZ ALIAGA CAZORLA,35,RENOVACIÓN POPULAR,11.898,9.907,1910156,TOTAL,2026-04-25T10:00:04.385629+00:00,19280554,16054266,23082
2364,92.961,2543,69120,2026-05-02T20:30:06.275106+00:00,1489,21038,-22.519,RAFAEL BERNARDO LÓPEZ ALIAGA CAZORLA,25.11,72474,16002918,ROBERTO HELBERT SANCHEZ PALOMINO,10,JUNTOS POR EL PERÚ,2.591,1.974,7477,07845838,RAFAEL BERNARDO LÓPEZ ALIAGA CAZORLA,35,RENOVACIÓN POPULAR,25.11,19.133,72474,EXTRANJERO,2026-05-03T01:30:05.069182+00:00,378784,288626,-64997
4200,99.644,4215,74719,2026-05-02T20:30:07.208582+00:00,1490,38756,-0.512,JORGE NIETO MONTESINOS,18.641,163506,16002918,ROBERTO HELBERT SANCHEZ PALOMINO,10,JUNTOS POR EL PERÚ,10.085,8.93,88460,07845838,RAFAEL BERNARDO LÓPEZ ALIAGA CAZORLA,35,RENOVACIÓN POPULAR,10.597,9.383,92954,040000,2026-05-03T01:30:06.767126+00:00,990615,877140,-4494
2373,97.135,2443,69353,2026-05-02T20:30:08.185291+00:00,1491,28257,-1.66,KEIKO SOFIA FUJIMORI HIGUCHI,20.333,95355,16002918,ROBERTO HELBERT SANCHEZ PALOMINO,10,JUNTOS POR EL PERÚ,7.728,6.397,36242,07845838,RAFAEL BERNARDO LÓPEZ ALIAGA CAZORLA,35,RENOVACIÓN POPULAR,9.388,7.77,44026,100000,2026-05-03T01:30:07.591152+00:00,566580,468970,-7784
3681,99.729,3691,107155,2026-05-02T20:30:08.359366+00:00,1492,42057,4.705,KEIKO SOFIA FUJIMORI HIGUCHI,17.072,108291,16002918,ROBERTO HELBERT SANCHEZ PALOMINO,10,JUNTOS POR EL PERÚ,12.293,9.952,77977,07845838,RAFAEL BERNARDO LÓPEZ ALIAGA CAZORLA,35,RENOVACIÓN POPULAR,7.588,6.143,48132,110000,2026-05-03T01:30:07.832225+00:00,783515,634303,29845
28474,97.357,29247,541371,2026-05-02T20:30:08.980644+00:00,1493,251231,-16.607,RAFAEL BERNARDO LÓPEZ ALIAGA CAZORLA,19.891,1180064,16002918,ROBERTO HELBERT SANCHEZ PALOMINO,10,JUNTOS POR EL PERÚ,3.284,2.897,194807,07845838,RAFAEL BERNARDO LÓPEZ ALIAGA CAZORLA,35,RENOVACIÓN POPULAR,19.891,17.546,1180064,140000,2026-05-03T01:30:08.464492+00:00,6725362,5932760,-985257
2460,97.08,2534,101600,2026-05-02T20:30:10.10212+00:00,1494,37570,17.945,ROBERTO HELBERT SANCHEZ PALOMINO,23.825,90282,16002918,ROBERTO HELBERT SANCHEZ PALOMINO,10,JUNTOS POR EL PERÚ,23.825,17.425,90282,07845838,RAFAEL BERNARDO LÓPEZ ALIAGA CAZORLA,35,RENOVACIÓN POPULAR,5.88,4.3,22281,210000,2026-05-03T01:30:09.646017+00:00,518109,378939,68001
88243,97.805,90223,2244961,2026-05-03T14:00:06.482029+00:00,1522,982134,0.577,KEIKO SOFIA FUJIMORI HIGUCHI,17.135,2760744,16002918,ROBERTO HELBERT SANCHEZ PALOMINO,10,JUNTOS POR EL PERÚ,12.215,10.177,1968027,07845838,RAFAEL BERNARDO LÓPEZ ALIAGA CAZORLA,35,RENOVACIÓN POPULAR,11.638,9.696,1875026,PERU,2026-05-03T19:00:05.988828+00:00,19338434,16111339,93001
90647,97.716,92766,2315432,2026-05-03T14:00:06.867362+00:00,1523,1003918,0.165,KEIKO SOFIA FUJIMORI HIGUCHI,17.131,2810271,16002918,ROBERTO HELBERT SANCHEZ PALOMINO,10,JUNTOS POR EL PERÚ,12.043,10.016,1975616,07845838,RAFAEL BERNARDO LÓPEZ ALIAGA CAZORLA,35,RENOVACIÓN POPULAR,11.878,9.879,1948467,TOTAL,2026-05-03T19:00:06.030819+00:00,19723870,16404520,27149
28478,97.371,29247,541508,2026-05-03T14:00:09.461095+00:00,1524,251295,-16.608,RAFAEL BERNARDO LÓPEZ ALIAGA CAZORLA,19.891,1180328,16002918,ROBERTO HELBERT SANCHEZ PALOMINO,10,JUNTOS POR EL PERÚ,3.283,2.896,194842,07845838,RAFAEL BERNARDO LÓPEZ ALIAGA CAZORLA,35,RENOVACIÓN POPULAR,19.891,17.547,1180328,140000,2026-05-03T19:00:09.125134+00:00,6726817,5934014,-985486
88311,97.881,90223,2246592,2026-05-03T22:30:05.973381+00:00,1554,982748,0.572,KEIKO SOFIA FUJIMORI HIGUCHI,17.135,2762220,16002918,ROBERTO HELBERT SANCHEZ PALOMINO,10,JUNTOS POR EL PERÚ,12.215,10.177,1969145,07845838,RAFAEL BERNARDO LÓPEZ ALIAGA CAZORLA,35,RENOVACIÓN POPULAR,11.643,9.699,1876802,PERU,2026-05-04T03:30:04.864331+00:00,19349534,16120194,92343
90722,97.797,92766,2317304,2026-05-04T11:00:06.646463+00:00,1573,1004603,0.16,KEIKO SOFIA FUJIMORI HIGUCHI,17.131,2812033,16002918,ROBERTO HELBERT SANCHEZ PALOMINO,10,JUNTOS POR EL PERÚ,12.043,10.016,1976792,07845838,RAFAEL BERNARDO LÓPEZ ALIAGA CAZORLA,35,RENOVACIÓN POPULAR,11.883,9.883,1950484,TOTAL,2026-05-04T16:00:05.848221+00:00,19736660,16414753,26308
88318,97.889,90223,2246833,2026-05-04T11:00:07.124681+00:00,1574,982819,0.572,KEIKO SOFIA FUJIMORI HIGUCHI,17.135,2762506,16002918,ROBERTO HELBERT SANCHEZ PALOMINO,10,JUNTOS POR EL PERÚ,12.215,10.176,1969203,07845838,RAFAEL BERNARDO LÓPEZ ALIAGA CAZORLA,35,RENOVACIÓN POPULAR,11.643,9.7,1877043,PERU,2026-05-04T16:00:05.889379+00:00,19351224,16121572,92160
5283,99.642,5302,158923,2026-05-04T11:00:09.76503+00:00,1575,73682,1.301,KEIKO SOFIA FUJIMORI HIGUCHI,20.256,188319,16002918,ROBERTO HELBERT SANCHEZ PALOMINO,10,JUNTOS POR EL PERÚ,9.48,7.583,88135,07845838,RAFAEL BERNARDO LÓPEZ ALIAGA CAZORLA,35,RENOVACIÓN POPULAR,8.179,6.542,76041,120000,2026-05-04T16:00:09.058714+00:00,1162294,929689,12094
28510,97.48,29247,542025,2026-05-04T11:00:10.292312+00:00,1576,251445,-16.618,RAFAEL BERNARDO LÓPEZ ALIAGA CAZORLA,19.9,1182123,16002918,ROBERTO HELBERT SANCHEZ PALOMINO,10,JUNTOS POR EL PERÚ,3.282,2.895,194936,07845838,RAFAEL BERNARDO LÓPEZ ALIAGA CAZORLA,35,RENOVACIÓN POPULAR,19.9,17.555,1182123,140000,2026-05-04T16:00:09.512117+00:00,6733663,5940193,-987187
795,99.127,802,21945,2026-05-04T11:00:11.22143+00:00,1577,7970,12.011,KEIKO SOFIA FUJIMORI HIGUCHI,18.814,21621,16002918,ROBERTO HELBERT SANCHEZ PALOMINO,10,JUNTOS POR EL PERÚ,18.628,14.78,21407,07845838,RAFAEL BERNARDO LÓPEZ ALIAGA CAZORLA,35,RENOVACIÓN POPULAR,6.617,5.25,7604,180000,2026-05-04T16:00:10.682405+00:00,144833,114918,13803
90734,97.81,92766,2317642,2026-05-04T17:15:03.996181+00:00,1599,1004831,0.159,KEIKO SOFIA FUJIMORI HIGUCHI,17.132,2812523,16002918,ROBERTO HELBERT SANCHEZ PALOMINO,10,JUNTOS POR EL PERÚ,12.042,10.015,1976946,07845838,RAFAEL BERNARDO LÓPEZ ALIAGA CAZORLA,35,RENOVACIÓN POPULAR,11.883,9.883,1950775,TOTAL,2026-05-04T22:15:03.009717+00:00,19739297,16416824,26171
88330,97.902,90223,2247171,2026-05-04T17:15:04.347024+00:00,1600,983047,0.571,KEIKO SOFIA FUJIMORI HIGUCHI,17.136,2762996,16002918,ROBERTO HELBERT SANCHEZ PALOMINO,10,JUNTOS POR EL PERÚ,12.214,10.176,1969357,07845838,RAFAEL BERNARDO LÓPEZ ALIAGA CAZORLA,35,RENOVACIÓN POPULAR,11.643,9.7,1877334,PERU,2026-05-04T22:15:03.050513+00:00,19353861,16123643,92023
798,99.501,802,22052,2026-05-04T17:15:07.41047+00:00,1601,8006,12.004,KEIKO SOFIA FUJIMORI HIGUCHI,18.881,21771,16002918,ROBERTO HELBERT SANCHEZ PALOMINO,10,JUNTOS POR EL PERÚ,18.624,14.773,21474,07845838,RAFAEL BERNARDO LÓPEZ ALIAGA CAZORLA,35,RENOVACIÓN POPULAR,6.62,5.251,7633,180000,2026-05-04T22:15:06.823384+00:00,145363,115305,13841
5140,97.33,5281,178097,2026-05-04T21:00:10.657072+00:00,1623,81561,4.619,KEIKO SOFIA FUJIMORI HIGUCHI,28.002,240403,16002918,ROBERTO HELBERT SANCHEZ PALOMINO,10,JUNTOS POR EL PERÚ,11.329,8.698,97264,07845838,RAFAEL BERNARDO LÓPEZ ALIAGA CAZORLA,35,RENOVACIÓN POPULAR,6.71,5.152,57611,190000,2026-05-05T02:00:10.169115+00:00,1118185,858527,39653
88400,97.979,90223,2249504,2026-05-04T22:30:05.785145+00:00,1633,984209,0.573,KEIKO SOFIA FUJIMORI HIGUCHI,17.141,2765845,16002918,ROBERTO HELBERT SANCHEZ PALOMINO,10,JUNTOS POR EL PERÚ,12.213,10.174,1970563,07845838,RAFAEL BERNARDO LÓPEZ ALIAGA CAZORLA,35,RENOVACIÓN POPULAR,11.64,9.697,1878169,PERU,2026-05-05T03:30:04.676579+00:00,19369267,16135554,92394
90842,97.926,92766,2320892,2026-05-04T23:45:03.473682+00:00,1639,1006375,0.156,KEIKO SOFIA FUJIMORI HIGUCHI,17.137,2816172,16002918,ROBERTO HELBERT SANCHEZ PALOMINO,10,JUNTOS POR EL PERÚ,12.038,10.011,1978281,07845838,RAFAEL BERNARDO LÓPEZ ALIAGA CAZORLA,35,RENOVACIÓN POPULAR,11.882,9.881,1952537,TOTAL,2026-05-05T04:45:02.983854+00:00,19760306,16433039,25744
2327,95.252,2443,67975,2026-04-25T05:00:06.747282+00:00,822,27492,-1.689,KEIKO SOFIA FUJIMORI HIGUCHI,20.303,93410,16002918,ROBERTO HELBERT SANCHEZ PALOMINO,10,JUNTOS POR EL PERÚ,7.719,6.393,35515,07845838,RAFAEL BERNARDO LÓPEZ ALIAGA CAZORLA,35,RENOVACIÓN POPULAR,9.408,7.791,43283,100000,2026-04-25T10:00:06.296578+00:00,555539,460072,-7768
86344,95.701,90223,2189803,2026-04-25T07:30:04.471682+00:00,823,953191,0.537,KEIKO SOFIA FUJIMORI HIGUCHI,17.066,2693659,16002918,ROBERTO HELBERT SANCHEZ PALOMINO,10,JUNTOS POR EL PERÚ,12.205,10.178,1926312,07845838,RAFAEL BERNARDO LÓPEZ ALIAGA CAZORLA,35,RENOVACIÓN POPULAR,11.668,9.73,1841606,PERU,2026-04-25T12:30:04.08679+00:00,18926429,15783435,84706
88574,95.481,92766,2254234,2026-04-25T07:30:04.779099+00:00,824,972175,0.144,KEIKO SOFIA FUJIMORI HIGUCHI,17.062,2739241,16002918,ROBERTO HELBERT SANCHEZ PALOMINO,10,JUNTOS POR EL PERÚ,12.042,10.027,1933270,07845838,RAFAEL BERNARDO LÓPEZ ALIAGA CAZORLA,35,RENOVACIÓN POPULAR,11.898,9.907,1910176,TOTAL,2026-04-25T12:30:04.088269+00:00,19281053,16054644,23094
86346,95.703,90223,2189803,2026-04-25T07:45:03.096479+00:00,825,953191,0.537,KEIKO SOFIA FUJIMORI HIGUCHI,17.066,2693659,16002918,ROBERTO HELBERT SANCHEZ PALOMINO,10,JUNTOS POR EL PERÚ,12.205,10.178,1926312,07845838,RAFAEL BERNARDO LÓPEZ ALIAGA CAZORLA,35,RENOVACIÓN POPULAR,11.668,9.73,1841606,PERU,2026-04-25T12:45:02.566235+00:00,18926429,15783435,84706
88576,95.483,92766,2254234,2026-04-25T07:45:03.373282+00:00,826,972175,0.144,KEIKO SOFIA FUJIMORI HIGUCHI,17.062,2739241,16002918,ROBERTO HELBERT SANCHEZ PALOMINO,10,JUNTOS POR EL PERÚ,12.042,10.027,1933270,07845838,RAFAEL BERNARDO LÓPEZ ALIAGA CAZORLA,35,RENOVACIÓN POPULAR,11.898,9.907,1910176,TOTAL,2026-04-25T12:45:02.606337+00:00,19281053,16054644,23094
2329,95.334,2443,68077,2026-04-25T07:45:05.121274+00:00,827,27511,-1.684,KEIKO SOFIA FUJIMORI HIGUCHI,20.308,93509,16002918,ROBERTO HELBERT SANCHEZ PALOMINO,10,JUNTOS POR EL PERÚ,7.72,6.393,35547,07845838,RAFAEL BERNARDO LÓPEZ ALIAGA CAZORLA,35,RENOVACIÓN POPULAR,9.404,7.788,43303,100000,2026-04-25T12:45:04.673652+00:00,556038,460450,-7756
86346,95.703,90223,2189902,2026-04-25T09:30:04.195422+00:00,828,953248,0.536,KEIKO SOFIA FUJIMORI HIGUCHI,17.067,2693852,16002918,ROBERTO HELBERT SANCHEZ PALOMINO,10,JUNTOS POR EL PERÚ,12.204,10.177,1926329,07845838,RAFAEL BERNARDO LÓPEZ ALIAGA CAZORLA,35,RENOVACIÓN POPULAR,11.668,9.731,1841748,PERU,2026-04-25T14:30:03.686932+00:00,18927346,15784196,84581
88576,95.483,92766,2254333,2026-04-25T09:30:04.431527+00:00,829,972232,0.143,KEIKO SOFIA FUJIMORI HIGUCHI,17.062,2739434,16002918,ROBERTO HELBERT SANCHEZ PALOMINO,10,JUNTOS POR EL PERÚ,12.041,10.026,1933287,07845838,RAFAEL BERNARDO LÓPEZ ALIAGA CAZORLA,35,RENOVACIÓN POPULAR,11.898,9.907,1910318,TOTAL,2026-04-25T14:30:03.728298+00:00,19281970,16055405,22969
88580,95.488,92766,2254333,2026-04-25T09:45:03.227159+00:00,830,972232,0.143,KEIKO SOFIA FUJIMORI HIGUCHI,17.062,2739434,16002918,ROBERTO HELBERT SANCHEZ PALOMINO,10,JUNTOS POR EL PERÚ,12.041,10.026,1933287,07845838,RAFAEL BERNARDO LÓPEZ ALIAGA CAZORLA,35,RENOVACIÓN POPULAR,11.898,9.907,1910318,TOTAL,2026-04-25T14:45:02.507323+00:00,19281970,16055405,22969
86350,95.707,90223,2189902,2026-04-25T09:45:03.559338+00:00,831,953248,0.536,KEIKO SOFIA FUJIMORI HIGUCHI,17.067,2693852,16002918,ROBERTO HELBERT SANCHEZ PALOMINO,10,JUNTOS POR EL PERÚ,12.204,10.177,1926329,07845838,RAFAEL BERNARDO LÓPEZ ALIAGA CAZORLA,35,RENOVACIÓN POPULAR,11.668,9.731,1841748,PERU,2026-04-25T14:45:02.54837+00:00,18927346,15784196,84581
27977,95.658,29247,530919,2026-04-25T09:45:06.091578+00:00,832,244929,-16.646,RAFAEL BERNARDO LÓPEZ ALIAGA CAZORLA,19.917,1161601,16002918,ROBERTO HELBERT SANCHEZ PALOMINO,10,JUNTOS POR EL PERÚ,3.271,2.887,190786,07845838,RAFAEL BERNARDO LÓPEZ ALIAGA CAZORLA,35,RENOVACIÓN POPULAR,19.917,17.578,1161601,140000,2026-04-25T14:45:05.601608+00:00,6608125,5832277,-970815
88580,95.488,92766,2255138,2026-04-25T10:45:03.363975+00:00,833,972547,0.15,KEIKO SOFIA FUJIMORI HIGUCHI,17.062,2740088,16002918,ROBERTO HELBERT SANCHEZ PALOMINO,10,JUNTOS POR EL PERÚ,12.047,10.031,1934712,07845838,RAFAEL BERNARDO LÓPEZ ALIAGA CAZORLA,35,RENOVACIÓN POPULAR,11.897,9.906,1910580,TOTAL,2026-04-25T15:45:02.664346+00:00,19287393,16059708,24132
86378,95.738,90223,2190707,2026-04-25T10:45:03.719821+00:00,834,953563,0.543,KEIKO SOFIA FUJIMORI HIGUCHI,17.066,2694506,16002918,ROBERTO HELBERT SANCHEZ PALOMINO,10,JUNTOS POR EL PERÚ,12.21,10.182,1927754,07845838,RAFAEL BERNARDO LÓPEZ ALIAGA CAZORLA,35,RENOVACIÓN POPULAR,11.667,9.729,1842010,PERU,2026-04-25T15:45:02.705901+00:00,18932769,15788499,85744
2217,94.703,2341,69146,2026-04-25T10:45:05.410451+00:00,835,23374,23.575,ROBERTO HELBERT SANCHEZ PALOMINO,29.512,96060,16002918,ROBERTO HELBERT SANCHEZ PALOMINO,10,JUNTOS POR EL PERÚ,29.512,22.98,96060,07845838,RAFAEL BERNARDO LÓPEZ ALIAGA CAZORLA,35,RENOVACIÓN POPULAR,5.937,4.623,19325,090000,2026-04-25T15:45:04.918822+00:00,418020,325500,76735
27980,95.668,29247,530972,2026-04-25T10:45:06.235141+00:00,836,244970,-16.645,RAFAEL BERNARDO LÓPEZ ALIAGA CAZORLA,19.916,1161706,16002918,ROBERTO HELBERT SANCHEZ PALOMINO,10,JUNTOS POR EL PERÚ,3.271,2.887,190803,07845838,RAFAEL BERNARDO LÓPEZ ALIAGA CAZORLA,35,RENOVACIÓN POPULAR,19.916,17.578,1161706,140000,2026-04-25T15:45:05.814664+00:00,6608852,5832910,-970903
2354,87.282,2697,74422,2026-04-25T10:45:06.498751+00:00,837,22780,3.682,KEIKO SOFIA FUJIMORI HIGUCHI,27.817,83182,16002918,ROBERTO HELBERT SANCHEZ PALOMINO,10,JUNTOS POR EL PERÚ,10.391,7.842,31072,07845838,RAFAEL BERNARDO LÓPEZ ALIAGA CAZORLA,35,RENOVACIÓN POPULAR,6.709,5.063,20062,150000,2026-04-25T15:45:05.944799+00:00,396240,299038,11010
88608,95.518,92766,2255138,2026-04-25T11:00:05.21146+00:00,838,972547,0.15,KEIKO SOFIA FUJIMORI HIGUCHI,17.062,2740088,16002918,ROBERTO HELBERT SANCHEZ PALOMINO,10,JUNTOS POR EL PERÚ,12.047,10.031,1934712,07845838,RAFAEL BERNARDO LÓPEZ ALIAGA CAZORLA,35,RENOVACIÓN POPULAR,11.897,9.906,1910580,TOTAL,2026-04-25T16:00:04.435954+00:00,19287393,16059708,24132
88608,95.518,92766,2255586,2026-04-25T11:45:03.17065+00:00,839,972749,0.149,KEIKO SOFIA FUJIMORI HIGUCHI,17.06,2740566,16002918,ROBERTO HELBERT SANCHEZ PALOMINO,10,JUNTOS POR EL PERÚ,12.046,10.03,1935079,07845838,RAFAEL BERNARDO LÓPEZ ALIAGA CAZORLA,35,RENOVACIÓN POPULAR,11.897,9.906,1911079,TOTAL,2026-04-25T16:45:02.493885+00:00,19292222,16063887,24000
86399,95.762,90223,2191155,2026-04-25T11:45:03.48095+00:00,840,953765,0.542,KEIKO SOFIA FUJIMORI HIGUCHI,17.065,2694984,16002918,ROBERTO HELBERT SANCHEZ PALOMINO,10,JUNTOS POR EL PERÚ,12.209,10.181,1928121,07845838,RAFAEL BERNARDO LÓPEZ ALIAGA CAZORLA,35,RENOVACIÓN POPULAR,11.667,9.729,1842509,PERU,2026-04-25T16:45:02.494488+00:00,18937598,15792678,85612
1288,97.798,1317,38849,2026-04-25T11:45:04.242015+00:00,841,14171,37.875,ROBERTO HELBERT SANCHEZ PALOMINO,41.029,80687,16002918,ROBERTO HELBERT SANCHEZ PALOMINO,10,JUNTOS POR EL PERÚ,41.029,32.317,80687,07845838,RAFAEL BERNARDO LÓPEZ ALIAGA CAZORLA,35,RENOVACIÓN POPULAR,3.154,2.484,6203,030000,2026-04-25T16:45:03.792943+00:00,249677,196657,74484
4176,99.075,4215,74216,2026-04-25T11:45:04.487465+00:00,842,38425,-0.538,JORGE NIETO MONTESINOS,18.661,162858,16002918,ROBERTO HELBERT SANCHEZ PALOMINO,10,JUNTOS POR EL PERÚ,10.064,8.913,87829,07845838,RAFAEL BERNARDO LÓPEZ ALIAGA CAZORLA,35,RENOVACIÓN POPULAR,10.602,9.39,92523,040000,2026-04-25T16:45:03.943193+00:00,985356,872715,-4694
2219,94.789,2341,69207,2026-04-25T11:45:05.366081+00:00,843,23397,23.582,ROBERTO HELBERT SANCHEZ PALOMINO,29.521,96201,16002918,ROBERTO HELBERT SANCHEZ PALOMINO,10,JUNTOS POR EL PERÚ,29.521,22.988,96201,07845838,RAFAEL BERNARDO LÓPEZ ALIAGA CAZORLA,35,RENOVACIÓN POPULAR,5.939,4.625,19354,090000,2026-04-25T16:45:04.916097+00:00,418481,325877,76847
27987,95.692,29247,531143,2026-04-25T11:45:06.214699+00:00,844,245041,-16.644,RAFAEL BERNARDO LÓPEZ ALIAGA CAZORLA,19.915,1161935,16002918,ROBERTO HELBERT SANCHEZ PALOMINO,10,JUNTOS POR EL PERÚ,3.271,2.887,190855,07845838,RAFAEL BERNARDO LÓPEZ ALIAGA CAZORLA,35,RENOVACIÓN POPULAR,19.915,17.577,1161935,140000,2026-04-25T16:45:05.78974+00:00,6610556,5834372,-971080
88629,95.54,92766,2255586,2026-04-25T12:00:05.741589+00:00,845,972749,0.149,KEIKO SOFIA FUJIMORI HIGUCHI,17.06,2740566,16002918,ROBERTO HELBERT SANCHEZ PALOMINO,10,JUNTOS POR EL PERÚ,12.046,10.03,1935079,07845838,RAFAEL BERNARDO LÓPEZ ALIAGA CAZORLA,35,RENOVACIÓN POPULAR,11.897,9.906,1911079,TOTAL,2026-04-25T17:00:05.112961+00:00,19292222,16063887,24000
1288,97.798,1317,38908,2026-04-25T12:00:06.936264+00:00,846,14185,37.877,ROBERTO HELBERT SANCHEZ PALOMINO,41.029,80778,16002918,ROBERTO HELBERT SANCHEZ PALOMINO,10,JUNTOS POR EL PERÚ,41.029,32.314,80778,07845838,RAFAEL BERNARDO LÓPEZ ALIAGA CAZORLA,35,RENOVACIÓN POPULAR,3.152,2.482,6205,030000,2026-04-25T17:00:06.240678+00:00,249975,196882,74573
86410,95.774,90223,2191459,2026-04-25T12:45:03.168339+00:00,847,953928,0.543,KEIKO SOFIA FUJIMORI HIGUCHI,17.064,2695294,16002918,ROBERTO HELBERT SANCHEZ PALOMINO,10,JUNTOS POR EL PERÚ,12.21,10.182,1928512,07845838,RAFAEL BERNARDO LÓPEZ ALIAGA CAZORLA,35,RENOVACIÓN POPULAR,11.667,9.729,1842717,PERU,2026-04-25T17:45:02.550138+00:00,18940157,15794770,85795
88629,95.54,92766,2255890,2026-04-25T12:45:03.427697+00:00,848,972912,0.151,KEIKO SOFIA FUJIMORI HIGUCHI,17.06,2740876,16002918,ROBERTO HELBERT SANCHEZ PALOMINO,10,JUNTOS POR EL PERÚ,12.047,10.031,1935470,07845838,RAFAEL BERNARDO LÓPEZ ALIAGA CAZORLA,35,RENOVACIÓN POPULAR,11.896,9.906,1911287,TOTAL,2026-04-25T17:45:02.551614+00:00,19294781,16065979,24183
3307,95.248,3472,99109,2026-04-25T12:45:03.977546+00:00,849,47196,8.835,KEIKO SOFIA FUJIMORI HIGUCHI,17.977,93107,16002918,ROBERTO HELBERT SANCHEZ PALOMINO,10,JUNTOS POR EL PERÚ,14.878,11.601,77058,07845838,RAFAEL BERNARDO LÓPEZ ALIAGA CAZORLA,35,RENOVACIÓN POPULAR,6.043,4.712,31299,020000,2026-04-25T17:45:03.549351+00:00,664233,517928,45759
4176,99.075,4215,74230,2026-04-25T12:45:04.436771+00:00,850,38458,-0.538,JORGE NIETO MONTESINOS,18.661,162894,16002918,ROBERTO HELBERT SANCHEZ PALOMINO,10,JUNTOS POR EL PERÚ,10.063,8.912,87843,07845838,RAFAEL BERNARDO LÓPEZ ALIAGA CAZORLA,35,RENOVACIÓN POPULAR,10.601,9.389,92542,040000,2026-04-25T17:45:04.069627+00:00,985617,872929,-4699
27990,95.702,29247,531188,2026-04-25T12:45:06.276283+00:00,851,245068,-16.645,RAFAEL BERNARDO LÓPEZ ALIAGA CAZORLA,19.916,1162087,16002918,ROBERTO HELBERT SANCHEZ PALOMINO,10,JUNTOS POR EL PERÚ,3.271,2.887,190867,07845838,RAFAEL BERNARDO LÓPEZ ALIAGA CAZORLA,35,RENOVACIÓN POPULAR,19.916,17.577,1162087,140000,2026-04-25T17:45:05.740038+00:00,6611319,5835063,-971220
1025,98.463,1041,18613,2026-04-25T12:45:07.653246+00:00,852,9057,5.632,RICARDO PABLO BELMONT CASSINELLI,14.627,31815,16002918,ROBERTO HELBERT SANCHEZ PALOMINO,10,JUNTOS POR EL PERÚ,11.857,10.519,25791,07845838,RAFAEL BERNARDO LÓPEZ ALIAGA CAZORLA,35,RENOVACIÓN POPULAR,6.225,5.523,13541,220000,2026-04-25T17:45:07.156352+00:00,245182,217512,12250
88640,95.552,92766,2255890,2026-04-25T13:00:05.799591+00:00,853,972912,0.151,KEIKO SOFIA FUJIMORI HIGUCHI,17.06,2740876,16002918,ROBERTO HELBERT SANCHEZ PALOMINO,10,JUNTOS POR EL PERÚ,12.047,10.031,1935470,07845838,RAFAEL BERNARDO LÓPEZ ALIAGA CAZORLA,35,RENOVACIÓN POPULAR,11.896,9.906,1911287,TOTAL,2026-04-25T18:00:04.971962+00:00,19294781,16065979,24183
3307,95.248,3472,99284,2026-04-25T13:00:06.658502+00:00,854,47282,8.857,KEIKO SOFIA FUJIMORI HIGUCHI,17.987,93264,16002918,ROBERTO HELBERT SANCHEZ PALOMINO,10,JUNTOS POR EL PERÚ,14.896,11.613,77237,07845838,RAFAEL BERNARDO LÓPEZ ALIAGA CAZORLA,35,RENOVACIÓN POPULAR,6.039,4.708,31314,020000,2026-04-25T18:00:06.057597+00:00,665083,518517,45923
1289,97.874,1317,38935,2026-04-25T13:00:07.090104+00:00,855,14191,37.894,ROBERTO HELBERT SANCHEZ PALOMINO,41.044,80873,16002918,ROBERTO HELBERT SANCHEZ PALOMINO,10,JUNTOS POR EL PERÚ,41.044,32.328,80873,07845838,RAFAEL BERNARDO LÓPEZ ALIAGA CAZORLA,35,RENOVACIÓN POPULAR,3.15,2.481,6206,030000,2026-04-25T18:00:06.154013+00:00,250166,197040,74667
4177,99.098,4215,74230,2026-04-25T13:00:07.493342+00:00,856,38458,-0.538,JORGE NIETO MONTESINOS,18.661,162894,16002918,ROBERTO HELBERT SANCHEZ PALOMINO,10,JUNTOS POR EL PERÚ,10.063,8.912,87843,07845838,RAFAEL BERNARDO LÓPEZ ALIAGA CAZORLA,35,RENOVACIÓN POPULAR,10.601,9.389,92542,040000,2026-04-25T18:00:06.418358+00:00,985617,872929,-4699
88659,95.573,92766,2256283,2026-04-25T14:00:05.101578+00:00,857,973085,0.147,KEIKO SOFIA FUJIMORI HIGUCHI,17.059,2741355,16002918,ROBERTO HELBERT SANCHEZ PALOMINO,10,JUNTOS POR EL PERÚ,12.046,10.03,1935705,07845838,RAFAEL BERNARDO LÓPEZ ALIAGA CAZORLA,35,RENOVACIÓN POPULAR,11.899,9.908,1912098,TOTAL,2026-04-25T19:00:04.635173+00:00,19299027,16069659,23607
86429,95.795,90223,2191852,2026-04-25T14:00:05.415251+00:00,858,954101,0.539,KEIKO SOFIA FUJIMORI HIGUCHI,17.064,2695773,16002918,ROBERTO HELBERT SANCHEZ PALOMINO,10,JUNTOS POR EL PERÚ,12.208,10.181,1928747,07845838,RAFAEL BERNARDO LÓPEZ ALIAGA CAZORLA,35,RENOVACIÓN POPULAR,11.669,9.731,1843528,PERU,2026-04-25T19:00:04.675392+00:00,18944403,15798450,85219
3312,95.392,3472,99521,2026-04-25T14:00:05.979763+00:00,859,47370,8.864,KEIKO SOFIA FUJIMORI HIGUCHI,18.002,93460,16002918,ROBERTO HELBERT SANCHEZ PALOMINO,10,JUNTOS POR EL PERÚ,14.9,11.614,77352,07845838,RAFAEL BERNARDO LÓPEZ ALIAGA CAZORLA,35,RENOVACIÓN POPULAR,6.036,4.705,31336,020000,2026-04-25T19:00:05.584824+00:00,666043,519152,46016
28001,95.74,29247,531288,2026-04-25T14:00:07.924194+00:00,860,245133,-16.651,RAFAEL BERNARDO LÓPEZ ALIAGA CAZORLA,19.921,1162867,16002918,ROBERTO HELBERT SANCHEZ PALOMINO,10,JUNTOS POR EL PERÚ,3.27,2.886,190893,07845838,RAFAEL BERNARDO LÓPEZ ALIAGA CAZORLA,35,RENOVACIÓN POPULAR,19.921,17.582,1162867,140000,2026-04-25T19:00:07.501874+00:00,6613928,5837507,-971974
3360,98.911,3397,77067,2026-04-25T14:00:08.942916+00:00,861,40186,22.979,ROBERTO HELBERT SANCHEZ PALOMINO,24.897,160370,16002918,ROBERTO HELBERT SANCHEZ PALOMINO,10,JUNTOS POR EL PERÚ,24.897,21.063,160370,07845838,RAFAEL BERNARDO LÓPEZ ALIAGA CAZORLA,35,RENOVACIÓN POPULAR,1.918,1.623,12354,200000,2026-04-25T19:00:08.486919+00:00,761394,644141,148016
88670,95.585,92766,2256444,2026-04-25T15:00:05.205677+00:00,862,973286,0.144,KEIKO SOFIA FUJIMORI HIGUCHI,17.059,2741737,16002918,ROBERTO HELBERT SANCHEZ PALOMINO,10,JUNTOS POR EL PERÚ,12.044,10.029,1935741,07845838,RAFAEL BERNARDO LÓPEZ ALIAGA CAZORLA,35,RENOVACIÓN POPULAR,11.9,9.909,1912596,TOTAL,2026-04-25T20:00:04.866665+00:00,19301685,16071955,23145
86440,95.807,90223,2192013,2026-04-25T15:00:05.550867+00:00,863,954302,0.537,KEIKO SOFIA FUJIMORI HIGUCHI,17.063,2696155,16002918,ROBERTO HELBERT SANCHEZ PALOMINO,10,JUNTOS POR EL PERÚ,12.207,10.18,1928783,07845838,RAFAEL BERNARDO LÓPEZ ALIAGA CAZORLA,35,RENOVACIÓN POPULAR,11.67,9.733,1844026,PERU,2026-04-25T20:00:04.908356+00:00,18947061,15800746,84757
28012,95.777,29247,531449,2026-04-25T15:00:07.962414+00:00,864,245334,-16.652,RAFAEL BERNARDO LÓPEZ ALIAGA CAZORLA,19.921,1163365,16002918,ROBERTO HELBERT SANCHEZ PALOMINO,10,JUNTOS POR EL PERÚ,3.269,2.886,190929,07845838,RAFAEL BERNARDO LÓPEZ ALIAGA CAZORLA,35,RENOVACIÓN POPULAR,19.921,17.583,1163365,140000,2026-04-25T20:00:07.602501+00:00,6616586,5839803,-972436
88682,95.598,92766,2256673,2026-04-25T16:00:05.004566+00:00,865,973498,0.142,KEIKO SOFIA FUJIMORI HIGUCHI,17.059,2742141,16002918,ROBERTO HELBERT SANCHEZ PALOMINO,10,JUNTOS POR EL PERÚ,12.043,10.028,1935825,07845838,RAFAEL BERNARDO LÓPEZ ALIAGA CAZORLA,35,RENOVACIÓN POPULAR,11.901,9.91,1913056,TOTAL,2026-04-25T21:00:04.601+00:00,19304525,16074354,22769
86452,95.82,90223,2192242,2026-04-25T16:00:05.29314+00:00,866,954514,0.534,KEIKO SOFIA FUJIMORI HIGUCHI,17.063,2696559,16002918,ROBERTO HELBERT SANCHEZ PALOMINO,10,JUNTOS POR EL PERÚ,12.206,10.179,1928867,07845838,RAFAEL BERNARDO LÓPEZ ALIAGA CAZORLA,35,RENOVACIÓN POPULAR,11.672,9.733,1844486,PERU,2026-04-25T21:00:04.641771+00:00,18949901,15803145,84381
28023,95.815,29247,531677,2026-04-25T16:00:07.997702+00:00,868,245518,-16.653,RAFAEL BERNARDO LÓPEZ ALIAGA CAZORLA,19.922,1163819,16002918,ROBERTO HELBERT SANCHEZ PALOMINO,10,JUNTOS POR EL PERÚ,3.269,2.885,190975,07845838,RAFAEL BERNARDO LÓPEZ ALIAGA CAZORLA,35,RENOVACIÓN POPULAR,19.922,17.582,1163819,140000,2026-04-25T21:00:07.488632+00:00,6619194,5841999,-972844
90563,97.625,92766,2314457,2026-05-02T21:30:06.003243+00:00,1495,1003505,0.164,KEIKO SOFIA FUJIMORI HIGUCHI,17.131,2809255,16002918,ROBERTO HELBERT SANCHEZ PALOMINO,10,JUNTOS POR EL PERÚ,12.042,10.016,1974762,07845838,RAFAEL BERNARDO LÓPEZ ALIAGA CAZORLA,35,RENOVACIÓN POPULAR,11.878,9.879,1947855,TOTAL,2026-05-03T02:30:05.103183+00:00,19716759,16398797,26907
88199,97.757,90223,2244239,2026-05-02T21:30:06.40184+00:00,1496,981837,0.575,KEIKO SOFIA FUJIMORI HIGUCHI,17.135,2759897,16002918,ROBERTO HELBERT SANCHEZ PALOMINO,10,JUNTOS POR EL PERÚ,12.214,10.175,1967189,07845838,RAFAEL BERNARDO LÓPEZ ALIAGA CAZORLA,35,RENOVACIÓN POPULAR,11.639,9.696,1874587,PERU,2026-05-03T02:30:05.103843+00:00,19332623,16106547,92602
2376,97.257,2443,69353,2026-05-02T21:30:08.117792+00:00,1497,28257,-1.66,KEIKO SOFIA FUJIMORI HIGUCHI,20.333,95355,16002918,ROBERTO HELBERT SANCHEZ PALOMINO,10,JUNTOS POR EL PERÚ,7.728,6.397,36242,07845838,RAFAEL BERNARDO LÓPEZ ALIAGA CAZORLA,35,RENOVACIÓN POPULAR,9.388,7.77,44026,100000,2026-05-03T02:30:07.675084+00:00,566580,468970,-7784
28475,97.36,29247,541375,2026-05-02T21:30:08.790342+00:00,1498,251235,-16.609,RAFAEL BERNARDO LÓPEZ ALIAGA CAZORLA,19.892,1180173,16002918,ROBERTO HELBERT SANCHEZ PALOMINO,10,JUNTOS POR EL PERÚ,3.283,2.896,194807,07845838,RAFAEL BERNARDO LÓPEZ ALIAGA CAZORLA,35,RENOVACIÓN POPULAR,19.892,17.547,1180173,140000,2026-05-03T02:30:08.442169+00:00,6725648,5933038,-985366
90659,97.729,92766,2315432,2026-05-03T14:15:04.440346+00:00,1525,1003918,0.165,KEIKO SOFIA FUJIMORI HIGUCHI,17.131,2810271,16002918,ROBERTO HELBERT SANCHEZ PALOMINO,10,JUNTOS POR EL PERÚ,12.043,10.016,1975616,07845838,RAFAEL BERNARDO LÓPEZ ALIAGA CAZORLA,35,RENOVACIÓN POPULAR,11.878,9.879,1948467,TOTAL,2026-05-03T19:15:03.673156+00:00,19723870,16404520,27149
88255,97.819,90223,2244961,2026-05-03T14:15:04.754928+00:00,1526,982134,0.577,KEIKO SOFIA FUJIMORI HIGUCHI,17.135,2760744,16002918,ROBERTO HELBERT SANCHEZ PALOMINO,10,JUNTOS POR EL PERÚ,12.215,10.177,1968027,07845838,RAFAEL BERNARDO LÓPEZ ALIAGA CAZORLA,35,RENOVACIÓN POPULAR,11.638,9.696,1875026,PERU,2026-05-03T19:15:03.674594+00:00,19338434,16111339,93001
4194,98.915,4240,123273,2026-05-03T14:15:05.92245+00:00,1527,53164,38.389,ROBERTO HELBERT SANCHEZ PALOMINO,41.635,265916,16002918,ROBERTO HELBERT SANCHEZ PALOMINO,10,JUNTOS POR EL PERÚ,41.635,32.623,265916,07845838,RAFAEL BERNARDO LÓPEZ ALIAGA CAZORLA,35,RENOVACIÓN POPULAR,3.246,2.543,20730,060000,2026-05-03T19:15:05.45754+00:00,815116,638679,245186
5254,99.095,5302,157671,2026-05-03T14:15:06.974849+00:00,1528,73189,1.204,KEIKO SOFIA FUJIMORI HIGUCHI,20.264,187719,16002918,ROBERTO HELBERT SANCHEZ PALOMINO,10,JUNTOS POR EL PERÚ,9.401,7.525,87085,07845838,RAFAEL BERNARDO LÓPEZ ALIAGA CAZORLA,35,RENOVACIÓN POPULAR,8.197,6.562,75935,120000,2026-05-03T19:15:06.532334+00:00,1157237,926377,11150
28480,97.378,29247,541508,2026-05-03T14:15:07.418011+00:00,1529,251295,-16.608,RAFAEL BERNARDO LÓPEZ ALIAGA CAZORLA,19.891,1180328,16002918,ROBERTO HELBERT SANCHEZ PALOMINO,10,JUNTOS POR EL PERÚ,3.283,2.896,194842,07845838,RAFAEL BERNARDO LÓPEZ ALIAGA CAZORLA,35,RENOVACIÓN POPULAR,19.891,17.547,1180328,140000,2026-05-03T19:15:06.832303+00:00,6726817,5934014,-985486
2846,98.206,2898,61336,2026-05-03T14:15:09.030003+00:00,1530,29211,-12.027,KEIKO SOFIA FUJIMORI HIGUCHI,20.668,117552,16002918,ROBERTO HELBERT SANCHEZ PALOMINO,10,JUNTOS POR EL PERÚ,3.005,2.593,17093,07845838,RAFAEL BERNARDO LÓPEZ ALIAGA CAZORLA,35,RENOVACIÓN POPULAR,15.032,12.968,85501,240000,2026-05-03T19:15:08.60343+00:00,659322,568775,-68408
88297,97.865,90223,2246410,2026-05-03T23:30:05.669844+00:00,1555,982689,0.578,KEIKO SOFIA FUJIMORI HIGUCHI,17.136,2761820,16002918,ROBERTO HELBERT SANCHEZ PALOMINO,10,JUNTOS POR EL PERÚ,12.217,10.178,1969121,07845838,RAFAEL BERNARDO LÓPEZ ALIAGA CAZORLA,35,RENOVACIÓN POPULAR,11.639,9.696,1875855,PERU,2026-05-04T04:30:04.878544+00:00,19346340,16117241,93266
90701,97.774,92766,2316881,2026-05-03T23:30:06.003195+00:00,1556,1004473,0.167,KEIKO SOFIA FUJIMORI HIGUCHI,17.131,2811347,16002918,ROBERTO HELBERT SANCHEZ PALOMINO,10,JUNTOS POR EL PERÚ,12.045,10.018,1976710,07845838,RAFAEL BERNARDO LÓPEZ ALIAGA CAZORLA,35,RENOVACIÓN POPULAR,11.878,9.879,1949296,TOTAL,2026-05-04T04:30:04.880021+00:00,19731776,16410422,27414
28493,97.422,29247,541711,2026-05-03T23:30:08.189776+00:00,1557,251362,-16.612,RAFAEL BERNARDO LÓPEZ ALIAGA CAZORLA,19.895,1181069,16002918,ROBERTO HELBERT SANCHEZ PALOMINO,10,JUNTOS POR EL PERÚ,3.283,2.896,194887,07845838,RAFAEL BERNARDO LÓPEZ ALIAGA CAZORLA,35,RENOVACIÓN POPULAR,19.895,17.55,1181069,140000,2026-05-04T04:30:07.901103+00:00,6729699,5936626,-986182
90726,97.801,92766,2317412,2026-05-04T12:00:06.081041+00:00,1578,1004641,0.161,KEIKO SOFIA FUJIMORI HIGUCHI,17.131,2812183,16002918,ROBERTO HELBERT SANCHEZ PALOMINO,10,JUNTOS POR EL PERÚ,12.043,10.016,1976850,07845838,RAFAEL BERNARDO LÓPEZ ALIAGA CAZORLA,35,RENOVACIÓN POPULAR,11.882,9.882,1950551,TOTAL,2026-05-04T17:00:05.655601+00:00,19737504,16415451,26299
88322,97.893,90223,2246941,2026-05-04T12:00:06.420598+00:00,1579,982857,0.572,KEIKO SOFIA FUJIMORI HIGUCHI,17.136,2762656,16002918,ROBERTO HELBERT SANCHEZ PALOMINO,10,JUNTOS POR EL PERÚ,12.215,10.176,1969261,07845838,RAFAEL BERNARDO LÓPEZ ALIAGA CAZORLA,35,RENOVACIÓN POPULAR,11.643,9.7,1877110,PERU,2026-05-04T17:00:05.696486+00:00,19352068,16122270,92151
3683,99.783,3691,107213,2026-05-04T12:00:08.30508+00:00,1580,42069,4.702,KEIKO SOFIA FUJIMORI HIGUCHI,17.072,108358,16002918,ROBERTO HELBERT SANCHEZ PALOMINO,10,JUNTOS POR EL PERÚ,12.29,9.95,78008,07845838,RAFAEL BERNARDO LÓPEZ ALIAGA CAZORLA,35,RENOVACIÓN POPULAR,7.588,6.143,48165,110000,2026-05-04T17:00:07.877165+00:00,784006,634724,29843
796,99.252,802,21975,2026-05-04T12:00:09.544952+00:00,1581,7985,12.019,KEIKO SOFIA FUJIMORI HIGUCHI,18.827,21652,16002918,ROBERTO HELBERT SANCHEZ PALOMINO,10,JUNTOS POR EL PERÚ,18.633,14.782,21429,07845838,RAFAEL BERNARDO LÓPEZ ALIAGA CAZORLA,35,RENOVACIÓN POPULAR,6.614,5.247,7606,180000,2026-05-04T17:00:09.049653+00:00,144964,115004,13823
2849,98.309,2898,61401,2026-05-04T12:00:10.557218+00:00,1582,29234,-12.026,KEIKO SOFIA FUJIMORI HIGUCHI,20.668,117671,16002918,ROBERTO HELBERT SANCHEZ PALOMINO,10,JUNTOS POR EL PERÚ,3.005,2.592,17109,07845838,RAFAEL BERNARDO LÓPEZ ALIAGA CAZORLA,35,RENOVACIÓN POPULAR,15.031,12.967,85581,240000,2026-05-04T17:00:10.149195+00:00,659984,569349,-68472
88330,97.902,90223,2247221,2026-05-04T18:30:05.60734+00:00,1602,983072,0.571,KEIKO SOFIA FUJIMORI HIGUCHI,17.137,2763135,16002918,ROBERTO HELBERT SANCHEZ PALOMINO,10,JUNTOS POR EL PERÚ,12.214,10.175,1969336,07845838,RAFAEL BERNARDO LÓPEZ ALIAGA CAZORLA,35,RENOVACIÓN POPULAR,11.643,9.7,1877371,PERU,2026-05-04T23:30:04.784745+00:00,19354446,16124153,91965
90734,97.81,92766,2317692,2026-05-04T18:30:06.086528+00:00,1603,1004856,0.159,KEIKO SOFIA FUJIMORI HIGUCHI,17.132,2812662,16002918,ROBERTO HELBERT SANCHEZ PALOMINO,10,JUNTOS POR EL PERÚ,12.042,10.015,1976925,07845838,RAFAEL BERNARDO LÓPEZ ALIAGA CAZORLA,35,RENOVACIÓN POPULAR,11.883,9.883,1950812,TOTAL,2026-05-04T23:30:04.826645+00:00,19739882,16417334,26113
4178,99.122,4215,74231,2026-04-25T16:00:06.263421+00:00,867,38486,-0.535,JORGE NIETO MONTESINOS,18.659,162917,16002918,ROBERTO HELBERT SANCHEZ PALOMINO,10,JUNTOS POR EL PERÚ,10.065,8.914,87881,07845838,RAFAEL BERNARDO LÓPEZ ALIAGA CAZORLA,35,RENOVACIÓN POPULAR,10.6,9.388,92548,040000,2026-04-25T21:00:05.72474+00:00,985849,873132,-4667
88726,95.645,92766,2257999,2026-04-25T17:00:05.800395+00:00,869,974182,0.147,KEIKO SOFIA FUJIMORI HIGUCHI,17.059,2743433,16002918,ROBERTO HELBERT SANCHEZ PALOMINO,10,JUNTOS POR EL PERÚ,12.046,10.03,1937166,07845838,RAFAEL BERNARDO LÓPEZ ALIAGA CAZORLA,35,RENOVACIÓN POPULAR,11.899,9.908,1913578,TOTAL,2026-04-25T22:00:05.020248+00:00,19314006,16081825,23588
86496,95.869,90223,2193568,2026-04-25T17:00:06.12536+00:00,870,955198,0.539,KEIKO SOFIA FUJIMORI HIGUCHI,17.064,2697851,16002918,ROBERTO HELBERT SANCHEZ PALOMINO,10,JUNTOS POR EL PERÚ,12.208,10.181,1930208,07845838,RAFAEL BERNARDO LÓPEZ ALIAGA CAZORLA,35,RENOVACIÓN POPULAR,11.669,9.731,1845008,PERU,2026-04-25T22:00:05.021713+00:00,18959382,15810616,85200
4179,99.146,4215,74258,2026-04-25T17:00:06.998972+00:00,871,38499,-0.534,JORGE NIETO MONTESINOS,18.656,162930,16002918,ROBERTO HELBERT SANCHEZ PALOMINO,10,JUNTOS POR EL PERÚ,10.066,8.915,87911,07845838,RAFAEL BERNARDO LÓPEZ ALIAGA CAZORLA,35,RENOVACIÓN POPULAR,10.6,9.388,92569,040000,2026-04-25T22:00:06.594558+00:00,986080,873323,-4658
3833,96.234,3983,95020,2026-04-25T17:00:07.622083+00:00,872,46863,17.983,ROBERTO HELBERT SANCHEZ PALOMINO,22.743,152081,16002918,ROBERTO HELBERT SANCHEZ PALOMINO,10,JUNTOS POR EL PERÚ,22.743,18.762,152081,07845838,RAFAEL BERNARDO LÓPEZ ALIAGA CAZORLA,35,RENOVACIÓN POPULAR,4.76,3.927,31829,070000,2026-04-25T22:00:07.190939+00:00,810567,668684,120252
3573,96.803,3691,103527,2026-04-25T17:00:08.381263+00:00,873,40609,4.664,KEIKO SOFIA FUJIMORI HIGUCHI,17.028,104969,16002918,ROBERTO HELBERT SANCHEZ PALOMINO,10,JUNTOS POR EL PERÚ,12.262,9.938,75589,07845838,RAFAEL BERNARDO LÓPEZ ALIAGA CAZORLA,35,RENOVACIÓN POPULAR,7.598,6.158,46839,110000,2026-04-25T22:00:07.936168+00:00,760587,616451,28750
2355,87.319,2697,74471,2026-04-25T17:00:09.097659+00:00,874,22801,3.697,KEIKO SOFIA FUJIMORI HIGUCHI,27.817,83219,16002918,ROBERTO HELBERT SANCHEZ PALOMINO,10,JUNTOS POR EL PERÚ,10.403,7.85,31121,07845838,RAFAEL BERNARDO LÓPEZ ALIAGA CAZORLA,35,RENOVACIÓN POPULAR,6.706,5.061,20062,150000,2026-04-25T22:00:08.664021+00:00,396439,299167,11059
461,90.927,507,16732,2026-04-25T17:00:09.392557+00:00,875,4378,19.847,ROBERTO HELBERT SANCHEZ PALOMINO,23.245,17130,16002918,ROBERTO HELBERT SANCHEZ PALOMINO,10,JUNTOS POR EL PERÚ,23.245,18.069,17130,07845838,RAFAEL BERNARDO LÓPEZ ALIAGA CAZORLA,35,RENOVACIÓN POPULAR,3.398,2.641,2504,160000,2026-04-25T22:00:08.802973+00:00,94803,73693,14626
766,95.511,802,21015,2026-04-25T17:00:09.920807+00:00,876,7534,12.179,ROBERTO HELBERT SANCHEZ PALOMINO,18.668,20747,16002918,ROBERTO HELBERT SANCHEZ PALOMINO,10,JUNTOS POR EL PERÚ,18.668,14.853,20747,07845838,RAFAEL BERNARDO LÓPEZ ALIAGA CAZORLA,35,RENOVACIÓN POPULAR,6.489,5.162,7211,180000,2026-04-25T22:00:09.233158+00:00,139683,111134,13536
4932,93.391,5281,170245,2026-04-25T17:00:10.169123+00:00,877,77524,4.501,KEIKO SOFIA FUJIMORI HIGUCHI,27.897,230320,16002918,ROBERTO HELBERT SANCHEZ PALOMINO,10,JUNTOS POR EL PERÚ,11.271,8.669,93052,07845838,RAFAEL BERNARDO LÓPEZ ALIAGA CAZORLA,35,RENOVACIÓN POPULAR,6.77,5.207,55894,190000,2026-04-25T22:00:09.519587+00:00,1073385,825616,37158
86496,95.869,90223,2196114,2026-04-25T18:00:04.995921+00:00,878,956241,0.549,KEIKO SOFIA FUJIMORI HIGUCHI,17.067,2700314,16002918,ROBERTO HELBERT SANCHEZ PALOMINO,10,JUNTOS POR EL PERÚ,12.214,10.185,1932485,07845838,RAFAEL BERNARDO LÓPEZ ALIAGA CAZORLA,35,RENOVACIÓN POPULAR,11.665,9.727,1845672,PERU,2026-04-25T23:00:04.62989+00:00,18974127,15821772,86813
88726,95.645,92766,2260545,2026-04-25T18:00:05.306008+00:00,879,975225,0.156,KEIKO SOFIA FUJIMORI HIGUCHI,17.063,2745896,16002918,ROBERTO HELBERT SANCHEZ PALOMINO,10,JUNTOS POR EL PERÚ,12.051,10.034,1939443,07845838,RAFAEL BERNARDO LÓPEZ ALIAGA CAZORLA,35,RENOVACIÓN POPULAR,11.895,9.904,1914242,TOTAL,2026-04-25T23:00:04.670496+00:00,19328751,16092981,25201
88799,95.724,92766,2260545,2026-04-25T18:15:03.277799+00:00,880,975225,0.156,KEIKO SOFIA FUJIMORI HIGUCHI,17.063,2745896,16002918,ROBERTO HELBERT SANCHEZ PALOMINO,10,JUNTOS POR EL PERÚ,12.051,10.034,1939443,07845838,RAFAEL BERNARDO LÓPEZ ALIAGA CAZORLA,35,RENOVACIÓN POPULAR,11.895,9.904,1914242,TOTAL,2026-04-25T23:15:02.72406+00:00,19328751,16092981,25201
86569,95.95,90223,2196114,2026-04-25T18:15:03.576199+00:00,881,956241,0.549,KEIKO SOFIA FUJIMORI HIGUCHI,17.067,2700314,16002918,ROBERTO HELBERT SANCHEZ PALOMINO,10,JUNTOS POR EL PERÚ,12.214,10.185,1932485,07845838,RAFAEL BERNARDO LÓPEZ ALIAGA CAZORLA,35,RENOVACIÓN POPULAR,11.665,9.727,1845672,PERU,2026-04-25T23:15:02.764407+00:00,18974127,15821772,86813
3316,95.507,3472,99649,2026-04-25T18:15:04.138657+00:00,882,47413,8.867,KEIKO SOFIA FUJIMORI HIGUCHI,17.997,93560,16002918,ROBERTO HELBERT SANCHEZ PALOMINO,10,JUNTOS POR EL PERÚ,14.906,11.619,77489,07845838,RAFAEL BERNARDO LÓPEZ ALIAGA CAZORLA,35,RENOVACIÓN POPULAR,6.039,4.708,31397,020000,2026-04-25T23:15:03.753636+00:00,666925,519863,46092
3837,96.334,3983,95149,2026-04-25T18:15:05.010185+00:00,883,46916,17.997,ROBERTO HELBERT SANCHEZ PALOMINO,22.754,152300,16002918,ROBERTO HELBERT SANCHEZ PALOMINO,10,JUNTOS POR EL PERÚ,22.754,18.77,152300,07845838,RAFAEL BERNARDO LÓPEZ ALIAGA CAZORLA,35,RENOVACIÓN POPULAR,4.757,3.924,31839,070000,2026-04-25T23:15:04.579805+00:00,811411,669346,120461
3585,97.128,3691,103881,2026-04-25T18:15:05.729222+00:00,884,40697,4.645,KEIKO SOFIA FUJIMORI HIGUCHI,17.012,105273,16002918,ROBERTO HELBERT SANCHEZ PALOMINO,10,JUNTOS POR EL PERÚ,12.251,9.931,75810,07845838,RAFAEL BERNARDO LÓPEZ ALIAGA CAZORLA,35,RENOVACIÓN POPULAR,7.606,6.166,47067,110000,2026-04-25T23:15:05.326024+00:00,763392,618814,28743
474,93.491,507,17205,2026-04-25T18:15:06.596396+00:00,885,4602,19.82,ROBERTO HELBERT SANCHEZ PALOMINO,23.225,17586,16002918,ROBERTO HELBERT SANCHEZ PALOMINO,10,JUNTOS POR EL PERÚ,23.225,18.032,17586,07845838,RAFAEL BERNARDO LÓPEZ ALIAGA CAZORLA,35,RENOVACIÓN POPULAR,3.405,2.643,2578,160000,2026-04-25T23:15:06.18996+00:00,97527,75720,15008
773,96.384,802,21231,2026-04-25T18:15:07.075968+00:00,886,7647,12.088,KEIKO SOFIA FUJIMORI HIGUCHI,18.752,20986,16002918,ROBERTO HELBERT SANCHEZ PALOMINO,10,JUNTOS POR EL PERÚ,18.625,14.805,20844,07845838,RAFAEL BERNARDO LÓPEZ ALIAGA CAZORLA,35,RENOVACIÓN POPULAR,6.537,5.196,7316,180000,2026-04-25T23:15:06.674337+00:00,140790,111912,13528
4965,94.016,5281,171491,2026-04-25T18:15:07.346119+00:00,887,78046,4.591,KEIKO SOFIA FUJIMORI HIGUCHI,27.917,231775,16002918,ROBERTO HELBERT SANCHEZ PALOMINO,10,JUNTOS POR EL PERÚ,11.346,8.724,94199,07845838,RAFAEL BERNARDO LÓPEZ ALIAGA CAZORLA,35,RENOVACIÓN POPULAR,6.755,5.194,56080,190000,2026-04-25T23:15:06.856355+00:00,1079768,830231,38119
86587,95.97,90223,2196550,2026-04-25T19:00:07.415713+00:00,888,956483,0.548,KEIKO SOFIA FUJIMORI HIGUCHI,17.066,2700704,16002918,ROBERTO HELBERT SANCHEZ PALOMINO,10,JUNTOS POR EL PERÚ,12.215,10.185,1932961,07845838,RAFAEL BERNARDO LÓPEZ ALIAGA CAZORLA,35,RENOVACIÓN POPULAR,11.667,9.729,1846334,PERU,2026-04-26T00:00:06.921465+00:00,18977932,15824899,86627
88817,95.743,92766,2260981,2026-04-25T19:00:07.664678+00:00,889,975467,0.155,KEIKO SOFIA FUJIMORI HIGUCHI,17.062,2746286,16002918,ROBERTO HELBERT SANCHEZ PALOMINO,10,JUNTOS POR EL PERÚ,12.052,10.034,1939919,07845838,RAFAEL BERNARDO LÓPEZ ALIAGA CAZORLA,35,RENOVACIÓN POPULAR,11.897,9.905,1914904,TOTAL,2026-04-26T00:00:06.963572+00:00,19332556,16096108,25015
2330,95.375,2443,68104,2026-04-25T19:00:09.578521+00:00,890,27526,-1.68,KEIKO SOFIA FUJIMORI HIGUCHI,20.302,93518,16002918,ROBERTO HELBERT SANCHEZ PALOMINO,10,JUNTOS POR EL PERÚ,7.724,6.396,35579,07845838,RAFAEL BERNARDO LÓPEZ ALIAGA CAZORLA,35,RENOVACIÓN POPULAR,9.404,7.787,43317,100000,2026-04-26T00:00:09.085422+00:00,556263,460633,-7738
3586,97.155,3691,103904,2026-04-25T19:00:09.860227+00:00,891,40706,4.646,KEIKO SOFIA FUJIMORI HIGUCHI,17.012,105295,16002918,ROBERTO HELBERT SANCHEZ PALOMINO,10,JUNTOS POR EL PERÚ,12.251,9.931,75826,07845838,RAFAEL BERNARDO LÓPEZ ALIAGA CAZORLA,35,RENOVACIÓN POPULAR,7.605,6.165,47074,110000,2026-04-26T00:00:09.144202+00:00,763560,618950,28752
483,95.266,507,17494,2026-04-25T19:00:11.003686+00:00,894,4791,19.936,ROBERTO HELBERT SANCHEZ PALOMINO,23.322,17969,16002918,ROBERTO HELBERT SANCHEZ PALOMINO,10,JUNTOS POR EL PERÚ,23.322,18.09,17969,07845838,RAFAEL BERNARDO LÓPEZ ALIAGA CAZORLA,35,RENOVACIÓN POPULAR,3.386,2.627,2609,160000,2026-04-26T00:00:10.430247+00:00,99331,77046,15360
88228,97.789,90223,2244239,2026-05-02T21:45:04.055729+00:00,1499,981837,0.575,KEIKO SOFIA FUJIMORI HIGUCHI,17.135,2759897,16002918,ROBERTO HELBERT SANCHEZ PALOMINO,10,JUNTOS POR EL PERÚ,12.214,10.175,1967189,07845838,RAFAEL BERNARDO LÓPEZ ALIAGA CAZORLA,35,RENOVACIÓN POPULAR,11.639,9.696,1874587,PERU,2026-05-03T02:45:03.215454+00:00,19332623,16106547,92602
90624,97.691,92766,2314457,2026-05-02T21:45:04.385142+00:00,1500,1003505,0.164,KEIKO SOFIA FUJIMORI HIGUCHI,17.131,2809255,16002918,ROBERTO HELBERT SANCHEZ PALOMINO,10,JUNTOS POR EL PERÚ,12.042,10.016,1974762,07845838,RAFAEL BERNARDO LÓPEZ ALIAGA CAZORLA,35,RENOVACIÓN POPULAR,11.878,9.879,1947855,TOTAL,2026-05-03T02:45:03.255809+00:00,19716759,16398797,26907
2396,94.219,2543,70218,2026-05-02T21:45:04.721678+00:00,1501,21668,-22.479,RAFAEL BERNARDO LÓPEZ ALIAGA CAZORLA,25.07,73268,16002918,ROBERTO HELBERT SANCHEZ PALOMINO,10,JUNTOS POR EL PERÚ,2.591,1.971,7573,07845838,RAFAEL BERNARDO LÓPEZ ALIAGA CAZORLA,35,RENOVACIÓN POPULAR,25.07,19.073,73268,EXTRANJERO,2026-05-03T02:45:04.103964+00:00,384136,292250,-65695
2376,97.257,2443,69447,2026-05-02T21:45:06.374052+00:00,1502,28289,-1.663,KEIKO SOFIA FUJIMORI HIGUCHI,20.331,95467,16002918,ROBERTO HELBERT SANCHEZ PALOMINO,10,JUNTOS POR EL PERÚ,7.725,6.394,36272,07845838,RAFAEL BERNARDO LÓPEZ ALIAGA CAZORLA,35,RENOVACIÓN POPULAR,9.388,7.77,44081,100000,2026-05-03T02:45:05.943298+00:00,567299,469563,-7809
2477,97.751,2534,102300,2026-05-02T21:45:08.15771+00:00,1503,37900,17.873,ROBERTO HELBERT SANCHEZ PALOMINO,23.759,90679,16002918,ROBERTO HELBERT SANCHEZ PALOMINO,10,JUNTOS POR EL PERÚ,23.759,17.376,90679,07845838,RAFAEL BERNARDO LÓPEZ ALIAGA CAZORLA,35,RENOVACIÓN POPULAR,5.886,4.305,22464,210000,2026-05-03T02:45:07.707422+00:00,521856,381656,68215
2842,98.068,2898,61269,2026-05-02T21:45:08.825086+00:00,1504,29186,-12.031,KEIKO SOFIA FUJIMORI HIGUCHI,20.661,117333,16002918,ROBERTO HELBERT SANCHEZ PALOMINO,10,JUNTOS POR EL PERÚ,3.006,2.593,17071,07845838,RAFAEL BERNARDO LÓPEZ ALIAGA CAZORLA,35,RENOVACIÓN POPULAR,15.037,12.971,85398,240000,2026-05-03T02:45:08.281235+00:00,658361,567906,-68327
90660,97.73,92766,2315481,2026-05-03T16:30:05.428051+00:00,1531,1003942,0.165,KEIKO SOFIA FUJIMORI HIGUCHI,17.131,2810301,16002918,ROBERTO HELBERT SANCHEZ PALOMINO,10,JUNTOS POR EL PERÚ,12.043,10.016,1975649,07845838,RAFAEL BERNARDO LÓPEZ ALIAGA CAZORLA,35,RENOVACIÓN POPULAR,11.878,9.879,1948472,TOTAL,2026-05-03T21:30:04.557758+00:00,19724064,16404641,27177
88256,97.82,90223,2245010,2026-05-03T16:30:05.784254+00:00,1532,982158,0.577,KEIKO SOFIA FUJIMORI HIGUCHI,17.135,2760774,16002918,ROBERTO HELBERT SANCHEZ PALOMINO,10,JUNTOS POR EL PERÚ,12.215,10.177,1968060,07845838,RAFAEL BERNARDO LÓPEZ ALIAGA CAZORLA,35,RENOVACIÓN POPULAR,11.638,9.696,1875031,PERU,2026-05-03T21:30:04.55922+00:00,19338628,16111460,93029
5255,99.114,5302,157720,2026-05-03T16:30:07.91048+00:00,1533,73213,1.207,KEIKO SOFIA FUJIMORI HIGUCHI,20.264,187749,16002918,ROBERTO HELBERT SANCHEZ PALOMINO,10,JUNTOS POR EL PERÚ,9.403,7.527,87118,07845838,RAFAEL BERNARDO LÓPEZ ALIAGA CAZORLA,35,RENOVACIÓN POPULAR,8.196,6.561,75940,120000,2026-05-03T21:30:07.464356+00:00,1157431,926498,11178
90707,97.78,92766,2316957,2026-05-04T00:30:05.638068+00:00,1558,1004504,0.165,KEIKO SOFIA FUJIMORI HIGUCHI,17.131,2811487,16002918,ROBERTO HELBERT SANCHEZ PALOMINO,10,JUNTOS POR EL PERÚ,12.045,10.017,1976717,07845838,RAFAEL BERNARDO LÓPEZ ALIAGA CAZORLA,35,RENOVACIÓN POPULAR,11.88,9.88,1949701,TOTAL,2026-05-04T05:30:04.855036+00:00,19733231,16411770,27016
88303,97.872,90223,2246486,2026-05-04T00:30:06.035851+00:00,1559,982720,0.577,KEIKO SOFIA FUJIMORI HIGUCHI,17.135,2761960,16002918,ROBERTO HELBERT SANCHEZ PALOMINO,10,JUNTOS POR EL PERÚ,12.217,10.178,1969128,07845838,RAFAEL BERNARDO LÓPEZ ALIAGA CAZORLA,35,RENOVACIÓN POPULAR,11.64,9.698,1876260,PERU,2026-05-04T05:30:04.896928+00:00,19347795,16118589,92868
28499,97.442,29247,541787,2026-05-04T00:30:08.382882+00:00,1560,251393,-16.615,RAFAEL BERNARDO LÓPEZ ALIAGA CAZORLA,19.897,1181474,16002918,ROBERTO HELBERT SANCHEZ PALOMINO,10,JUNTOS POR EL PERÚ,3.282,2.895,194894,07845838,RAFAEL BERNARDO LÓPEZ ALIAGA CAZORLA,35,RENOVACIÓN POPULAR,19.897,17.552,1181474,140000,2026-05-04T05:30:07.831213+00:00,6731154,5937974,-986580
88322,97.893,90223,2246958,2026-05-04T13:00:06.375786+00:00,1583,982862,0.571,KEIKO SOFIA FUJIMORI HIGUCHI,17.136,2762691,16002918,ROBERTO HELBERT SANCHEZ PALOMINO,10,JUNTOS POR EL PERÚ,12.214,10.176,1969261,07845838,RAFAEL BERNARDO LÓPEZ ALIAGA CAZORLA,35,RENOVACIÓN POPULAR,11.643,9.7,1877154,PERU,2026-05-04T18:00:05.392951+00:00,19352284,16122464,92107
90726,97.801,92766,2317429,2026-05-04T13:00:06.770163+00:00,1584,1004646,0.159,KEIKO SOFIA FUJIMORI HIGUCHI,17.131,2812218,16002918,ROBERTO HELBERT SANCHEZ PALOMINO,10,JUNTOS POR EL PERÚ,12.042,10.016,1976850,07845838,RAFAEL BERNARDO LÓPEZ ALIAGA CAZORLA,35,RENOVACIÓN POPULAR,11.883,9.883,1950595,TOTAL,2026-05-04T18:00:05.434404+00:00,19737720,16415645,26255
2850,98.344,2898,61401,2026-05-04T13:00:10.980573+00:00,1585,29234,-12.026,KEIKO SOFIA FUJIMORI HIGUCHI,20.668,117671,16002918,ROBERTO HELBERT SANCHEZ PALOMINO,10,JUNTOS POR EL PERÚ,3.005,2.592,17109,07845838,RAFAEL BERNARDO LÓPEZ ALIAGA CAZORLA,35,RENOVACIÓN POPULAR,15.031,12.967,85581,240000,2026-05-04T18:00:10.503616+00:00,659984,569349,-68472
88332,97.904,90223,2247221,2026-05-04T18:45:03.643617+00:00,1604,983072,0.571,KEIKO SOFIA FUJIMORI HIGUCHI,17.137,2763135,16002918,ROBERTO HELBERT SANCHEZ PALOMINO,10,JUNTOS POR EL PERÚ,12.214,10.175,1969336,07845838,RAFAEL BERNARDO LÓPEZ ALIAGA CAZORLA,35,RENOVACIÓN POPULAR,11.643,9.7,1877371,PERU,2026-05-04T23:45:02.893592+00:00,19354446,16124153,91965
90736,97.812,92766,2317692,2026-05-04T18:45:03.973822+00:00,1605,1004856,0.159,KEIKO SOFIA FUJIMORI HIGUCHI,17.132,2812662,16002918,ROBERTO HELBERT SANCHEZ PALOMINO,10,JUNTOS POR EL PERÚ,12.042,10.015,1976925,07845838,RAFAEL BERNARDO LÓPEZ ALIAGA CAZORLA,35,RENOVACIÓN POPULAR,11.883,9.883,1950812,TOTAL,2026-05-04T23:45:02.935228+00:00,19739882,16417334,26113
1223,96.072,1273,31552,2026-05-04T18:45:05.408209+00:00,1606,11394,41.05,ROBERTO HELBERT SANCHEZ PALOMINO,43.39,72252,16002918,ROBERTO HELBERT SANCHEZ PALOMINO,10,JUNTOS POR EL PERÚ,43.39,34.494,72252,07845838,RAFAEL BERNARDO LÓPEZ ALIAGA CAZORLA,35,RENOVACIÓN POPULAR,2.34,1.86,3896,080000,2026-05-04T23:45:05.074713+00:00,209463,166517,68356
2450,90.842,2697,77175,2026-05-04T18:45:06.738155+00:00,1607,24259,3.477,KEIKO SOFIA FUJIMORI HIGUCHI,27.869,87014,16002918,ROBERTO HELBERT SANCHEZ PALOMINO,10,JUNTOS POR EL PERÚ,10.153,7.663,31700,07845838,RAFAEL BERNARDO LÓPEZ ALIAGA CAZORLA,35,RENOVACIÓN POPULAR,6.676,5.039,20843,150000,2026-05-04T23:45:06.232339+00:00,413657,312223,10857
3546,98.774,3590,99309,2026-04-25T19:00:10.303791+00:00,892,48632,2.171,KEIKO SOFIA FUJIMORI HIGUCHI,26.418,174249,16002918,ROBERTO HELBERT SANCHEZ PALOMINO,10,JUNTOS POR EL PERÚ,10.746,8.777,70877,07845838,RAFAEL BERNARDO LÓPEZ ALIAGA CAZORLA,35,RENOVACIÓN POPULAR,8.575,7.004,56556,130000,2026-04-26T00:00:09.718816+00:00,807523,659582,14321
28029,95.835,29247,531721,2026-04-25T19:00:10.581705+00:00,893,245548,-16.659,RAFAEL BERNARDO LÓPEZ ALIAGA CAZORLA,19.927,1164426,16002918,ROBERTO HELBERT SANCHEZ PALOMINO,10,JUNTOS POR EL PERÚ,3.268,2.885,190989,07845838,RAFAEL BERNARDO LÓPEZ ALIAGA CAZORLA,35,RENOVACIÓN POPULAR,19.927,17.588,1164426,140000,2026-04-26T00:00:09.985393+00:00,6620618,5843349,-973437
88845,95.773,92766,2261730,2026-04-25T20:00:05.004708+00:00,895,976597,0.157,KEIKO SOFIA FUJIMORI HIGUCHI,17.062,2747054,16002918,ROBERTO HELBERT SANCHEZ PALOMINO,10,JUNTOS POR EL PERÚ,12.052,10.034,1940392,07845838,RAFAEL BERNARDO LÓPEZ ALIAGA CAZORLA,35,RENOVACIÓN POPULAR,11.895,9.903,1915216,TOTAL,2026-04-26T01:00:04.498723+00:00,19338844,16100517,25176
86615,96.001,90223,2197299,2026-04-25T20:00:05.469403+00:00,896,957613,0.548,KEIKO SOFIA FUJIMORI HIGUCHI,17.066,2701472,16002918,ROBERTO HELBERT SANCHEZ PALOMINO,10,JUNTOS POR EL PERÚ,12.214,10.184,1933434,07845838,RAFAEL BERNARDO LÓPEZ ALIAGA CAZORLA,35,RENOVACIÓN POPULAR,11.666,9.727,1846646,PERU,2026-04-26T01:00:04.500178+00:00,18984220,15829308,86788
4182,99.217,4215,74338,2026-04-25T20:00:06.41071+00:00,897,38519,-0.52,JORGE NIETO MONTESINOS,18.652,162949,16002918,ROBERTO HELBERT SANCHEZ PALOMINO,10,JUNTOS POR EL PERÚ,10.077,8.924,88035,07845838,RAFAEL BERNARDO LÓPEZ ALIAGA CAZORLA,35,RENOVACIÓN POPULAR,10.597,9.384,92573,040000,2026-04-26T01:00:05.881196+00:00,986469,873612,-4538
5176,97.624,5302,155053,2026-04-25T20:00:08.125159+00:00,898,72088,1.134,KEIKO SOFIA FUJIMORI HIGUCHI,20.218,184490,16002918,ROBERTO HELBERT SANCHEZ PALOMINO,10,JUNTOS POR EL PERÚ,9.386,7.516,85649,07845838,RAFAEL BERNARDO LÓPEZ ALIAGA CAZORLA,35,RENOVACIÓN POPULAR,8.252,6.607,75296,120000,2026-04-26T01:00:07.505123+00:00,1139629,912488,10353
3550,98.886,3590,99333,2026-04-25T20:00:08.478814+00:00,899,49353,2.175,KEIKO SOFIA FUJIMORI HIGUCHI,26.417,174295,16002918,ROBERTO HELBERT SANCHEZ PALOMINO,10,JUNTOS POR EL PERÚ,10.748,8.771,70910,07845838,RAFAEL BERNARDO LÓPEZ ALIAGA CAZORLA,35,RENOVACIÓN POPULAR,8.573,6.996,56564,130000,2026-04-26T01:00:07.664323+00:00,808465,659779,14346
86615,96.001,90223,2197613,2026-04-25T21:00:05.003792+00:00,900,957778,0.548,KEIKO SOFIA FUJIMORI HIGUCHI,17.066,2701857,16002918,ROBERTO HELBERT SANCHEZ PALOMINO,10,JUNTOS POR EL PERÚ,12.214,10.184,1933724,07845838,RAFAEL BERNARDO LÓPEZ ALIAGA CAZORLA,35,RENOVACIÓN POPULAR,11.666,9.727,1846878,PERU,2026-04-26T02:00:04.79021+00:00,18986974,15831583,86846
88845,95.773,92766,2262044,2026-04-25T21:00:05.349269+00:00,901,976762,0.157,KEIKO SOFIA FUJIMORI HIGUCHI,17.062,2747439,16002918,ROBERTO HELBERT SANCHEZ PALOMINO,10,JUNTOS POR EL PERÚ,12.052,10.034,1940682,07845838,RAFAEL BERNARDO LÓPEZ ALIAGA CAZORLA,35,RENOVACIÓN POPULAR,11.895,9.903,1915448,TOTAL,2026-04-26T02:00:04.791598+00:00,19341598,16102792,25234
86627,96.014,90223,2197613,2026-04-25T21:15:03.532822+00:00,902,957778,0.548,KEIKO SOFIA FUJIMORI HIGUCHI,17.066,2701857,16002918,ROBERTO HELBERT SANCHEZ PALOMINO,10,JUNTOS POR EL PERÚ,12.214,10.184,1933724,07845838,RAFAEL BERNARDO LÓPEZ ALIAGA CAZORLA,35,RENOVACIÓN POPULAR,11.666,9.727,1846878,PERU,2026-04-26T02:15:02.663012+00:00,18986974,15831583,86846
88857,95.786,92766,2262044,2026-04-25T21:15:03.755729+00:00,903,976762,0.157,KEIKO SOFIA FUJIMORI HIGUCHI,17.062,2747439,16002918,ROBERTO HELBERT SANCHEZ PALOMINO,10,JUNTOS POR EL PERÚ,12.052,10.034,1940682,07845838,RAFAEL BERNARDO LÓPEZ ALIAGA CAZORLA,35,RENOVACIÓN POPULAR,11.895,9.903,1915448,TOTAL,2026-04-26T02:15:02.703695+00:00,19341598,16102792,25234
1878,98.842,1900,52261,2026-04-25T21:15:04.798651+00:00,904,18688,28.625,ROBERTO HELBERT SANCHEZ PALOMINO,31.351,87998,16002918,ROBERTO HELBERT SANCHEZ PALOMINO,10,JUNTOS POR EL PERÚ,31.351,25.025,87998,07845838,RAFAEL BERNARDO LÓPEZ ALIAGA CAZORLA,35,RENOVACIÓN POPULAR,2.726,2.176,7651,050000,2026-04-26T02:15:04.356009+00:00,351634,280685,80347
5180,97.699,5302,155202,2026-04-25T21:15:05.950577+00:00,905,72150,1.143,KEIKO SOFIA FUJIMORI HIGUCHI,20.215,184621,16002918,ROBERTO HELBERT SANCHEZ PALOMINO,10,JUNTOS POR EL PERÚ,9.391,7.519,85766,07845838,RAFAEL BERNARDO LÓPEZ ALIAGA CAZORLA,35,RENOVACIÓN POPULAR,8.248,6.604,75328,120000,2026-04-26T02:15:05.575806+00:00,1140643,913291,10438
28035,95.856,29247,531827,2026-04-25T21:15:06.397665+00:00,906,245641,-16.658,RAFAEL BERNARDO LÓPEZ ALIAGA CAZORLA,19.927,1164618,16002918,ROBERTO HELBERT SANCHEZ PALOMINO,10,JUNTOS POR EL PERÚ,3.269,2.885,191052,07845838,RAFAEL BERNARDO LÓPEZ ALIAGA CAZORLA,35,RENOVACIÓN POPULAR,19.927,17.587,1164618,140000,2026-04-26T02:15:06.064231+00:00,6621976,5844508,-973566
88891,95.823,92766,2262883,2026-04-25T22:00:05.361695+00:00,907,977138,0.156,KEIKO SOFIA FUJIMORI HIGUCHI,17.062,2748524,16002918,ROBERTO HELBERT SANCHEZ PALOMINO,10,JUNTOS POR EL PERÚ,12.051,10.033,1941354,07845838,RAFAEL BERNARDO LÓPEZ ALIAGA CAZORLA,35,RENOVACIÓN POPULAR,11.895,9.903,1916162,TOTAL,2026-04-26T03:00:04.82645+00:00,19349387,16109366,25192
86660,96.051,90223,2198327,2026-04-25T22:00:05.646335+00:00,908,958143,0.549,KEIKO SOFIA FUJIMORI HIGUCHI,17.066,2702914,16002918,ROBERTO HELBERT SANCHEZ PALOMINO,10,JUNTOS POR EL PERÚ,12.214,10.184,1934381,07845838,RAFAEL BERNARDO LÓPEZ ALIAGA CAZORLA,35,RENOVACIÓN POPULAR,11.665,9.727,1847575,PERU,2026-04-26T03:00:04.868253+00:00,18994518,15838048,86806
2231,87.731,2543,64556,2026-04-25T22:00:05.873266+00:00,909,18995,-22.709,RAFAEL BERNARDO LÓPEZ ALIAGA CAZORLA,25.279,68587,16002918,ROBERTO HELBERT SANCHEZ PALOMINO,10,JUNTOS POR EL PERÚ,2.57,1.965,6973,07845838,RAFAEL BERNARDO LÓPEZ ALIAGA CAZORLA,35,RENOVACIÓN POPULAR,25.279,19.327,68587,EXTRANJERO,2026-04-26T03:00:04.926335+00:00,354869,271318,-61614
3843,96.485,3983,95281,2026-04-25T22:00:07.042221+00:00,910,46971,18.004,ROBERTO HELBERT SANCHEZ PALOMINO,22.758,152593,16002918,ROBERTO HELBERT SANCHEZ PALOMINO,10,JUNTOS POR EL PERÚ,22.758,18.775,152593,07845838,RAFAEL BERNARDO LÓPEZ ALIAGA CAZORLA,35,RENOVACIÓN POPULAR,4.754,3.922,31874,070000,2026-04-26T03:00:06.605793+00:00,812750,670498,120719
2221,94.874,2341,69270,2026-04-25T22:00:07.481653+00:00,911,23415,23.614,ROBERTO HELBERT SANCHEZ PALOMINO,29.549,96385,16002918,ROBERTO HELBERT SANCHEZ PALOMINO,10,JUNTOS POR EL PERÚ,29.549,23.01,96385,07845838,RAFAEL BERNARDO LÓPEZ ALIAGA CAZORLA,35,RENOVACIÓN POPULAR,5.935,4.622,19360,090000,2026-04-26T03:00:06.885486+00:00,418875,326190,77025
28060,95.941,29247,532346,2026-04-25T22:00:08.346237+00:00,912,245933,-16.652,RAFAEL BERNARDO LÓPEZ ALIAGA CAZORLA,19.921,1165274,16002918,ROBERTO HELBERT SANCHEZ PALOMINO,10,JUNTOS POR EL PERÚ,3.269,2.885,191232,07845838,RAFAEL BERNARDO LÓPEZ ALIAGA CAZORLA,35,RENOVACIÓN POPULAR,19.921,17.582,1165274,140000,2026-04-26T03:00:08.012284+00:00,6627787,5849508,-974042
88891,95.823,92766,2263841,2026-04-25T23:15:03.421877+00:00,913,977547,0.152,KEIKO SOFIA FUJIMORI HIGUCHI,17.062,2749221,16002918,ROBERTO HELBERT SANCHEZ PALOMINO,10,JUNTOS POR EL PERÚ,12.049,10.031,1941499,07845838,RAFAEL BERNARDO LÓPEZ ALIAGA CAZORLA,35,RENOVACIÓN POPULAR,11.897,9.904,1916974,TOTAL,2026-04-26T04:15:02.672698+00:00,19354634,16113246,24525
86660,96.051,90223,2198355,2026-04-25T23:15:03.783152+00:00,914,958158,0.549,KEIKO SOFIA FUJIMORI HIGUCHI,17.066,2702926,16002918,ROBERTO HELBERT SANCHEZ PALOMINO,10,JUNTOS POR EL PERÚ,12.214,10.184,1934413,07845838,RAFAEL BERNARDO LÓPEZ ALIAGA CAZORLA,35,RENOVACIÓN POPULAR,11.665,9.727,1847577,PERU,2026-04-26T04:15:02.714354+00:00,18994696,15838183,86836
2260,88.871,2543,65486,2026-04-25T23:15:04.006498+00:00,915,19389,-22.653,RAFAEL BERNARDO LÓPEZ ALIAGA CAZORLA,25.229,69397,16002918,ROBERTO HELBERT SANCHEZ PALOMINO,10,JUNTOS POR EL PERÚ,2.576,1.969,7086,07845838,RAFAEL BERNARDO LÓPEZ ALIAGA CAZORLA,35,RENOVACIÓN POPULAR,25.229,19.28,69397,EXTRANJERO,2026-04-26T04:15:02.77006+00:00,359938,275063,-62311
3844,96.51,3983,95309,2026-04-25T23:15:05.273318+00:00,916,46986,18.005,ROBERTO HELBERT SANCHEZ PALOMINO,22.758,152625,16002918,ROBERTO HELBERT SANCHEZ PALOMINO,10,JUNTOS POR EL PERÚ,22.758,18.775,152625,07845838,RAFAEL BERNARDO LÓPEZ ALIAGA CAZORLA,35,RENOVACIÓN POPULAR,4.753,3.921,31876,070000,2026-04-26T04:15:04.884639+00:00,812928,670633,120749
88921,95.855,92766,2263841,2026-04-25T23:30:04.434887+00:00,917,977547,0.152,KEIKO SOFIA FUJIMORI HIGUCHI,17.062,2749221,16002918,ROBERTO HELBERT SANCHEZ PALOMINO,10,JUNTOS POR EL PERÚ,12.049,10.031,1941499,07845838,RAFAEL BERNARDO LÓPEZ ALIAGA CAZORLA,35,RENOVACIÓN POPULAR,11.897,9.904,1916974,TOTAL,2026-04-26T04:30:03.983318+00:00,19354634,16113246,24525
86661,96.052,90223,2198355,2026-04-25T23:30:04.700679+00:00,918,958158,0.549,KEIKO SOFIA FUJIMORI HIGUCHI,17.066,2702926,16002918,ROBERTO HELBERT SANCHEZ PALOMINO,10,JUNTOS POR EL PERÚ,12.214,10.184,1934413,07845838,RAFAEL BERNARDO LÓPEZ ALIAGA CAZORLA,35,RENOVACIÓN POPULAR,11.665,9.727,1847577,PERU,2026-04-26T04:30:04.02538+00:00,18994696,15838183,86836
88945,95.881,92766,2264795,2026-04-26T00:30:04.173281+00:00,919,977891,0.149,KEIKO SOFIA FUJIMORI HIGUCHI,17.062,2749817,16002918,ROBERTO HELBERT SANCHEZ PALOMINO,10,JUNTOS POR EL PERÚ,12.047,10.029,1941574,07845838,RAFAEL BERNARDO LÓPEZ ALIAGA CAZORLA,35,RENOVACIÓN POPULAR,11.898,9.905,1917559,TOTAL,2026-04-26T05:30:03.738803+00:00,19358883,16116197,24015
2284,89.815,2543,66440,2026-04-26T00:30:04.685864+00:00,920,19733,-22.596,RAFAEL BERNARDO LÓPEZ ALIAGA CAZORLA,25.172,69982,16002918,ROBERTO HELBERT SANCHEZ PALOMINO,10,JUNTOS POR EL PERÚ,2.576,1.966,7161,07845838,RAFAEL BERNARDO LÓPEZ ALIAGA CAZORLA,35,RENOVACIÓN POPULAR,25.172,19.216,69982,EXTRANJERO,2026-04-26T05:30:03.793479+00:00,364187,278014,-62821
86661,96.052,90223,2198367,2026-04-26T12:00:05.135105+00:00,921,958174,0.547,KEIKO SOFIA FUJIMORI HIGUCHI,17.066,2702954,16002918,ROBERTO HELBERT SANCHEZ PALOMINO,10,JUNTOS POR EL PERÚ,12.213,10.184,1934413,07845838,RAFAEL BERNARDO LÓPEZ ALIAGA CAZORLA,35,RENOVACIÓN POPULAR,11.666,9.727,1847655,PERU,2026-04-26T17:00:04.609118+00:00,18994939,15838398,86758
88945,95.881,92766,2264807,2026-04-26T12:00:05.551203+00:00,922,977907,0.148,KEIKO SOFIA FUJIMORI HIGUCHI,17.062,2749845,16002918,ROBERTO HELBERT SANCHEZ PALOMINO,10,JUNTOS POR EL PERÚ,12.047,10.029,1941574,07845838,RAFAEL BERNARDO LÓPEZ ALIAGA CAZORLA,35,RENOVACIÓN POPULAR,11.899,9.906,1917637,TOTAL,2026-04-26T17:00:04.650387+00:00,19359126,16116412,23937
88946,95.882,92766,2264807,2026-04-26T12:15:03.607785+00:00,923,977907,0.148,KEIKO SOFIA FUJIMORI HIGUCHI,17.062,2749845,16002918,ROBERTO HELBERT SANCHEZ PALOMINO,10,JUNTOS POR EL PERÚ,12.047,10.029,1941574,07845838,RAFAEL BERNARDO LÓPEZ ALIAGA CAZORLA,35,RENOVACIÓN POPULAR,11.899,9.906,1917637,TOTAL,2026-04-26T17:15:02.8905+00:00,19359126,16116412,23937
86662,96.053,90223,2198367,2026-04-26T12:15:03.886194+00:00,924,958174,0.547,KEIKO SOFIA FUJIMORI HIGUCHI,17.066,2702954,16002918,ROBERTO HELBERT SANCHEZ PALOMINO,10,JUNTOS POR EL PERÚ,12.213,10.184,1934413,07845838,RAFAEL BERNARDO LÓPEZ ALIAGA CAZORLA,35,RENOVACIÓN POPULAR,11.666,9.727,1847655,PERU,2026-04-26T17:15:02.932194+00:00,18994939,15838398,86758
28061,95.945,29247,532358,2026-04-26T12:15:06.06306+00:00,925,245949,-16.652,RAFAEL BERNARDO LÓPEZ ALIAGA CAZORLA,19.921,1165352,16002918,ROBERTO HELBERT SANCHEZ PALOMINO,10,JUNTOS POR EL PERÚ,3.269,2.885,191232,07845838,RAFAEL BERNARDO LÓPEZ ALIAGA CAZORLA,35,RENOVACIÓN POPULAR,19.921,17.582,1165352,140000,2026-04-26T17:15:05.651148+00:00,6628030,5849723,-974120
86668,96.06,90223,2198535,2026-04-26T15:00:04.983883+00:00,926,958251,0.549,KEIKO SOFIA FUJIMORI HIGUCHI,17.066,2703153,16002918,ROBERTO HELBERT SANCHEZ PALOMINO,10,JUNTOS POR EL PERÚ,12.214,10.184,1934574,07845838,RAFAEL BERNARDO LÓPEZ ALIAGA CAZORLA,35,RENOVACIÓN POPULAR,11.665,9.727,1847714,PERU,2026-04-26T20:00:04.325138+00:00,18996329,15839543,86860
88952,95.889,92766,2264975,2026-04-26T15:00:05.381998+00:00,927,977984,0.149,KEIKO SOFIA FUJIMORI HIGUCHI,17.062,2750044,16002918,ROBERTO HELBERT SANCHEZ PALOMINO,10,JUNTOS POR EL PERÚ,12.047,10.029,1941735,07845838,RAFAEL BERNARDO LÓPEZ ALIAGA CAZORLA,35,RENOVACIÓN POPULAR,11.898,9.905,1917696,TOTAL,2026-04-26T20:00:04.365758+00:00,19360516,16117557,24039
1882,99.053,1900,52339,2026-04-26T15:00:06.425474+00:00,928,18748,28.566,ROBERTO HELBERT SANCHEZ PALOMINO,31.302,88104,16002918,ROBERTO HELBERT SANCHEZ PALOMINO,10,JUNTOS POR EL PERÚ,31.302,24.991,88104,07845838,RAFAEL BERNARDO LÓPEZ ALIAGA CAZORLA,35,RENOVACIÓN POPULAR,2.736,2.184,7701,050000,2026-04-26T20:00:05.822218+00:00,352547,281460,80403
3552,98.942,3590,99423,2026-04-26T15:00:07.790973+00:00,929,49370,2.18,KEIKO SOFIA FUJIMORI HIGUCHI,26.423,174434,16002918,ROBERTO HELBERT SANCHEZ PALOMINO,10,JUNTOS POR EL PERÚ,10.75,8.773,70965,07845838,RAFAEL BERNARDO LÓPEZ ALIAGA CAZORLA,35,RENOVACIÓN POPULAR,8.57,6.993,56573,130000,2026-04-26T20:00:07.321378+00:00,808942,660149,14392
88952,95.889,92766,2265101,2026-04-26T15:45:03.58854+00:00,930,978027,0.149,KEIKO SOFIA FUJIMORI HIGUCHI,17.063,2750167,16002918,ROBERTO HELBERT SANCHEZ PALOMINO,10,JUNTOS POR EL PERÚ,12.047,10.029,1941789,07845838,RAFAEL BERNARDO LÓPEZ ALIAGA CAZORLA,35,RENOVACIÓN POPULAR,11.898,9.905,1917718,TOTAL,2026-04-26T20:45:02.782223+00:00,19361184,16118056,24071
86671,96.063,90223,2198661,2026-04-26T15:45:03.885813+00:00,931,958294,0.549,KEIKO SOFIA FUJIMORI HIGUCHI,17.066,2703276,16002918,ROBERTO HELBERT SANCHEZ PALOMINO,10,JUNTOS POR EL PERÚ,12.214,10.184,1934628,07845838,RAFAEL BERNARDO LÓPEZ ALIAGA CAZORLA,35,RENOVACIÓN POPULAR,11.665,9.726,1847736,PERU,2026-04-26T20:45:02.822675+00:00,18996997,15840042,86892
28061,95.945,29247,532484,2026-04-26T15:45:06.179725+00:00,932,245992,-16.65,RAFAEL BERNARDO LÓPEZ ALIAGA CAZORLA,19.92,1165374,16002918,ROBERTO HELBERT SANCHEZ PALOMINO,10,JUNTOS POR EL PERÚ,3.27,2.886,191286,07845838,RAFAEL BERNARDO LÓPEZ ALIAGA CAZORLA,35,RENOVACIÓN POPULAR,19.92,17.581,1165374,140000,2026-04-26T20:45:05.708715+00:00,6628698,5850222,-974088
88955,95.892,92766,2265101,2026-04-26T16:00:05.293359+00:00,933,978027,0.149,KEIKO SOFIA FUJIMORI HIGUCHI,17.063,2750167,16002918,ROBERTO HELBERT SANCHEZ PALOMINO,10,JUNTOS POR EL PERÚ,12.047,10.029,1941789,07845838,RAFAEL BERNARDO LÓPEZ ALIAGA CAZORLA,35,RENOVACIÓN POPULAR,11.898,9.905,1917718,TOTAL,2026-04-26T21:00:04.703418+00:00,19361184,16118056,24071
28064,95.955,29247,532484,2026-04-26T16:00:07.647881+00:00,934,245992,-16.65,RAFAEL BERNARDO LÓPEZ ALIAGA CAZORLA,19.92,1165374,16002918,ROBERTO HELBERT SANCHEZ PALOMINO,10,JUNTOS POR EL PERÚ,3.27,2.886,191286,07845838,RAFAEL BERNARDO LÓPEZ ALIAGA CAZORLA,35,RENOVACIÓN POPULAR,19.92,17.581,1165374,140000,2026-04-26T21:00:07.22391+00:00,6628698,5850222,-974088
89024,95.966,92766,2267146,2026-04-26T17:00:05.309182+00:00,935,979166,0.148,KEIKO SOFIA FUJIMORI HIGUCHI,17.068,2753274,16002918,ROBERTO HELBERT SANCHEZ PALOMINO,10,JUNTOS POR EL PERÚ,12.044,10.026,1942757,07845838,RAFAEL BERNARDO LÓPEZ ALIAGA CAZORLA,35,RENOVACIÓN POPULAR,11.896,9.903,1918867,TOTAL,2026-04-26T22:00:04.819496+00:00,19377108,16130796,23890
86740,96.14,90223,2200706,2026-04-26T17:00:05.667272+00:00,936,959433,0.547,KEIKO SOFIA FUJIMORI HIGUCHI,17.072,2706383,16002918,ROBERTO HELBERT SANCHEZ PALOMINO,10,JUNTOS POR EL PERÚ,12.21,10.18,1935596,07845838,RAFAEL BERNARDO LÓPEZ ALIAGA CAZORLA,35,RENOVACIÓN POPULAR,11.663,9.724,1848885,PERU,2026-04-26T22:00:04.861144+00:00,19012921,15852782,86711
28133,96.191,29247,534529,2026-04-26T17:00:08.125801+00:00,937,247131,-16.617,RAFAEL BERNARDO LÓPEZ ALIAGA CAZORLA,19.896,1166523,16002918,ROBERTO HELBERT SANCHEZ PALOMINO,10,JUNTOS POR EL PERÚ,3.279,2.893,192254,07845838,RAFAEL BERNARDO LÓPEZ ALIAGA CAZORLA,35,RENOVACIÓN POPULAR,19.896,17.556,1166523,140000,2026-04-26T22:00:07.715063+00:00,6644622,5862962,-974269
86740,96.14,90223,2201350,2026-04-26T18:00:05.108761+00:00,938,959603,0.549,KEIKO SOFIA FUJIMORI HIGUCHI,17.073,2706934,16002918,ROBERTO HELBERT SANCHEZ PALOMINO,10,JUNTOS POR EL PERÚ,12.211,10.181,1935994,07845838,RAFAEL BERNARDO LÓPEZ ALIAGA CAZORLA,35,RENOVACIÓN POPULAR,11.662,9.724,1848999,PERU,2026-04-26T23:00:04.604062+00:00,19015722,15854769,86995
89024,95.966,92766,2267790,2026-04-26T18:00:05.442698+00:00,939,979336,0.15,KEIKO SOFIA FUJIMORI HIGUCHI,17.07,2753825,16002918,ROBERTO HELBERT SANCHEZ PALOMINO,10,JUNTOS POR EL PERÚ,12.045,10.027,1943155,07845838,RAFAEL BERNARDO LÓPEZ ALIAGA CAZORLA,35,RENOVACIÓN POPULAR,11.895,9.902,1918981,TOTAL,2026-04-26T23:00:04.645755+00:00,19379909,16132783,24174
2221,94.874,2341,69747,2026-04-26T18:00:07.185809+00:00,940,23534,23.62,ROBERTO HELBERT SANCHEZ PALOMINO,29.549,96701,16002918,ROBERTO HELBERT SANCHEZ PALOMINO,10,JUNTOS POR EL PERÚ,29.549,22.995,96701,07845838,RAFAEL BERNARDO LÓPEZ ALIAGA CAZORLA,35,RENOVACIÓN POPULAR,5.929,4.614,19402,090000,2026-04-26T23:00:06.81561+00:00,420535,327254,77299
2788,96.204,2898,60026,2026-04-26T18:00:09.755038+00:00,941,28186,-11.975,KEIKO SOFIA FUJIMORI HIGUCHI,20.677,115222,16002918,ROBERTO HELBERT SANCHEZ PALOMINO,10,JUNTOS POR EL PERÚ,3.01,2.598,16772,07845838,RAFAEL BERNARDO LÓPEZ ALIAGA CAZORLA,35,RENOVACIÓN POPULAR,14.985,12.937,83504,240000,2026-04-26T23:00:09.274554+00:00,645450,557238,-66732
89039,95.982,92766,2267790,2026-04-26T18:15:03.127739+00:00,942,979336,0.15,KEIKO SOFIA FUJIMORI HIGUCHI,17.07,2753825,16002918,ROBERTO HELBERT SANCHEZ PALOMINO,10,JUNTOS POR EL PERÚ,12.045,10.027,1943155,07845838,RAFAEL BERNARDO LÓPEZ ALIAGA CAZORLA,35,RENOVACIÓN POPULAR,11.895,9.902,1918981,TOTAL,2026-04-26T23:15:02.729451+00:00,19379909,16132783,24174
86755,96.156,90223,2201350,2026-04-26T18:15:03.393832+00:00,943,959603,0.549,KEIKO SOFIA FUJIMORI HIGUCHI,17.073,2706934,16002918,ROBERTO HELBERT SANCHEZ PALOMINO,10,JUNTOS POR EL PERÚ,12.211,10.181,1935994,07845838,RAFAEL BERNARDO LÓPEZ ALIAGA CAZORLA,35,RENOVACIÓN POPULAR,11.662,9.724,1848999,PERU,2026-04-26T23:15:02.771223+00:00,19015722,15854769,86995
2231,95.301,2341,69747,2026-04-26T18:15:05.015036+00:00,944,23534,23.62,ROBERTO HELBERT SANCHEZ PALOMINO,29.549,96701,16002918,ROBERTO HELBERT SANCHEZ PALOMINO,10,JUNTOS POR EL PERÚ,29.549,22.995,96701,07845838,RAFAEL BERNARDO LÓPEZ ALIAGA CAZORLA,35,RENOVACIÓN POPULAR,5.929,4.614,19402,090000,2026-04-26T23:15:04.659117+00:00,420535,327254,77299
28135,96.198,29247,534615,2026-04-26T18:15:05.843705+00:00,945,247151,-16.616,RAFAEL BERNARDO LÓPEZ ALIAGA CAZORLA,19.896,1166551,16002918,ROBERTO HELBERT SANCHEZ PALOMINO,10,JUNTOS POR EL PERÚ,3.28,2.894,192294,07845838,RAFAEL BERNARDO LÓPEZ ALIAGA CAZORLA,35,RENOVACIÓN POPULAR,19.896,17.555,1166551,140000,2026-04-26T23:15:05.490487+00:00,6645091,5863325,-974257
89039,95.982,92766,2268147,2026-04-26T22:00:05.912538+00:00,946,979582,0.149,KEIKO SOFIA FUJIMORI HIGUCHI,17.07,2754349,16002918,ROBERTO HELBERT SANCHEZ PALOMINO,10,JUNTOS POR EL PERÚ,12.044,10.026,1943337,07845838,RAFAEL BERNARDO LÓPEZ ALIAGA CAZORLA,35,RENOVACIÓN POPULAR,11.895,9.902,1919338,TOTAL,2026-04-27T03:00:05.705041+00:00,19383421,16135692,23999
86755,96.156,90223,2201707,2026-04-26T22:00:06.236074+00:00,947,959849,0.548,KEIKO SOFIA FUJIMORI HIGUCHI,17.073,2707458,16002918,ROBERTO HELBERT SANCHEZ PALOMINO,10,JUNTOS POR EL PERÚ,12.21,10.18,1936176,07845838,RAFAEL BERNARDO LÓPEZ ALIAGA CAZORLA,35,RENOVACIÓN POPULAR,11.662,9.724,1849356,PERU,2026-04-27T03:00:05.747298+00:00,19019234,15857678,86820
28150,96.249,29247,534972,2026-04-26T22:00:08.450854+00:00,948,247397,-16.611,RAFAEL BERNARDO LÓPEZ ALIAGA CAZORLA,19.892,1166908,16002918,ROBERTO HELBERT SANCHEZ PALOMINO,10,JUNTOS POR EL PERÚ,3.281,2.895,192476,07845838,RAFAEL BERNARDO LÓPEZ ALIAGA CAZORLA,35,RENOVACIÓN POPULAR,19.892,17.551,1166908,140000,2026-04-27T03:00:08.125928+00:00,6648603,5866234,-974432
86770,96.173,90223,2201707,2026-04-26T22:15:03.701571+00:00,949,959849,0.548,KEIKO SOFIA FUJIMORI HIGUCHI,17.073,2707458,16002918,ROBERTO HELBERT SANCHEZ PALOMINO,10,JUNTOS POR EL PERÚ,12.21,10.18,1936176,07845838,RAFAEL BERNARDO LÓPEZ ALIAGA CAZORLA,35,RENOVACIÓN POPULAR,11.662,9.724,1849356,PERU,2026-04-27T03:15:03.230638+00:00,19019234,15857678,86820
89054,95.999,92766,2268147,2026-04-26T22:15:03.994163+00:00,950,979582,0.149,KEIKO SOFIA FUJIMORI HIGUCHI,17.07,2754349,16002918,ROBERTO HELBERT SANCHEZ PALOMINO,10,JUNTOS POR EL PERÚ,12.044,10.026,1943337,07845838,RAFAEL BERNARDO LÓPEZ ALIAGA CAZORLA,35,RENOVACIÓN POPULAR,11.895,9.902,1919338,TOTAL,2026-04-27T03:15:03.272426+00:00,19383421,16135692,23999
89054,95.999,92766,2268591,2026-04-26T23:00:05.795992+00:00,951,979984,0.147,KEIKO SOFIA FUJIMORI HIGUCHI,17.07,2754772,16002918,ROBERTO HELBERT SANCHEZ PALOMINO,10,JUNTOS POR EL PERÚ,12.043,10.025,1943470,07845838,RAFAEL BERNARDO LÓPEZ ALIAGA CAZORLA,35,RENOVACIÓN POPULAR,11.896,9.903,1919779,TOTAL,2026-04-27T04:00:05.459164+00:00,19386691,16138116,23691
86770,96.173,90223,2201894,2026-04-26T23:00:06.305034+00:00,952,960036,0.547,KEIKO SOFIA FUJIMORI HIGUCHI,17.074,2707706,16002918,ROBERTO HELBERT SANCHEZ PALOMINO,10,JUNTOS POR EL PERÚ,12.209,10.18,1936264,07845838,RAFAEL BERNARDO LÓPEZ ALIAGA CAZORLA,35,RENOVACIÓN POPULAR,11.662,9.724,1849535,PERU,2026-04-27T04:00:05.500315+00:00,19020919,15858989,86729
28157,96.273,29247,534972,2026-04-26T23:00:08.625277+00:00,953,247397,-16.611,RAFAEL BERNARDO LÓPEZ ALIAGA CAZORLA,19.892,1166908,16002918,ROBERTO HELBERT SANCHEZ PALOMINO,10,JUNTOS POR EL PERÚ,3.281,2.895,192476,07845838,RAFAEL BERNARDO LÓPEZ ALIAGA CAZORLA,35,RENOVACIÓN POPULAR,19.892,17.551,1166908,140000,2026-04-27T04:00:08.215205+00:00,6648603,5866234,-974432
89069,96.015,92766,2268591,2026-04-26T23:15:02.988008+00:00,954,979984,0.147,KEIKO SOFIA FUJIMORI HIGUCHI,17.07,2754772,16002918,ROBERTO HELBERT SANCHEZ PALOMINO,10,JUNTOS POR EL PERÚ,12.043,10.025,1943470,07845838,RAFAEL BERNARDO LÓPEZ ALIAGA CAZORLA,35,RENOVACIÓN POPULAR,11.896,9.903,1919779,TOTAL,2026-04-27T04:15:02.745059+00:00,19386691,16138116,23691
86777,96.181,90223,2201894,2026-04-26T23:15:03.285005+00:00,955,960036,0.547,KEIKO SOFIA FUJIMORI HIGUCHI,17.074,2707706,16002918,ROBERTO HELBERT SANCHEZ PALOMINO,10,JUNTOS POR EL PERÚ,12.209,10.18,1936264,07845838,RAFAEL BERNARDO LÓPEZ ALIAGA CAZORLA,35,RENOVACIÓN POPULAR,11.662,9.724,1849535,PERU,2026-04-27T04:15:02.786235+00:00,19020919,15858989,86729
2292,90.13,2543,66697,2026-04-26T23:15:03.509807+00:00,956,19948,-22.584,RAFAEL BERNARDO LÓPEZ ALIAGA CAZORLA,25.166,70244,16002918,ROBERTO HELBERT SANCHEZ PALOMINO,10,JUNTOS POR EL PERÚ,2.582,1.97,7206,07845838,RAFAEL BERNARDO LÓPEZ ALIAGA CAZORLA,35,RENOVACIÓN POPULAR,25.166,19.204,70244,EXTRANJERO,2026-04-27T04:15:02.8419+00:00,365772,279127,-63038
28157,96.273,29247,535159,2026-04-26T23:15:05.711799+00:00,957,247584,-16.609,RAFAEL BERNARDO LÓPEZ ALIAGA CAZORLA,19.891,1167087,16002918,ROBERTO HELBERT SANCHEZ PALOMINO,10,JUNTOS POR EL PERÚ,3.282,2.896,192564,07845838,RAFAEL BERNARDO LÓPEZ ALIAGA CAZORLA,35,RENOVACIÓN POPULAR,19.891,17.549,1167087,140000,2026-04-27T04:15:05.219822+00:00,6650288,5867545,-974523
89069,96.015,92766,2269697,2026-04-27T00:00:05.110152+00:00,958,980660,0.14,KEIKO SOFIA FUJIMORI HIGUCHI,17.07,2755525,16002918,ROBERTO HELBERT SANCHEZ PALOMINO,10,JUNTOS POR EL PERÚ,12.04,10.022,1943604,07845838,RAFAEL BERNARDO LÓPEZ ALIAGA CAZORLA,35,RENOVACIÓN POPULAR,11.9,9.905,1920902,TOTAL,2026-04-27T05:00:04.751944+00:00,19392980,16142623,22702
89105,96.054,92766,2269697,2026-04-27T00:15:03.191492+00:00,959,980660,0.14,KEIKO SOFIA FUJIMORI HIGUCHI,17.07,2755525,16002918,ROBERTO HELBERT SANCHEZ PALOMINO,10,JUNTOS POR EL PERÚ,12.04,10.022,1943604,07845838,RAFAEL BERNARDO LÓPEZ ALIAGA CAZORLA,35,RENOVACIÓN POPULAR,11.9,9.905,1920902,TOTAL,2026-04-27T05:15:02.804112+00:00,19392980,16142623,22702
2328,91.545,2543,67803,2026-04-27T00:15:03.624256+00:00,960,20624,-22.574,RAFAEL BERNARDO LÓPEZ ALIAGA CAZORLA,25.162,71367,16002918,ROBERTO HELBERT SANCHEZ PALOMINO,10,JUNTOS POR EL PERÚ,2.588,1.973,7340,07845838,RAFAEL BERNARDO LÓPEZ ALIAGA CAZORLA,35,RENOVACIÓN POPULAR,25.162,19.182,71367,EXTRANJERO,2026-04-27T05:15:02.90103+00:00,372061,283634,-64027
89107,96.056,92766,2269758,2026-04-27T10:00:05.887+00:00,961,980679,0.141,KEIKO SOFIA FUJIMORI HIGUCHI,17.07,2755601,16002918,ROBERTO HELBERT SANCHEZ PALOMINO,10,JUNTOS POR EL PERÚ,12.04,10.022,1943617,07845838,RAFAEL BERNARDO LÓPEZ ALIAGA CAZORLA,35,RENOVACIÓN POPULAR,11.899,9.905,1920932,TOTAL,2026-04-27T15:00:05.263755+00:00,19393435,16142998,22685
86779,96.183,90223,2201955,2026-04-27T10:00:14.534961+00:00,962,960055,0.547,KEIKO SOFIA FUJIMORI HIGUCHI,17.074,2707782,16002918,ROBERTO HELBERT SANCHEZ PALOMINO,10,JUNTOS POR EL PERÚ,12.209,10.179,1936277,07845838,RAFAEL BERNARDO LÓPEZ ALIAGA CAZORLA,35,RENOVACIÓN POPULAR,11.662,9.724,1849565,PERU,2026-04-27T15:00:05.265355+00:00,19021374,15859364,86712
5181,97.718,5302,155228,2026-04-27T10:00:18.982101+00:00,963,72161,1.142,KEIKO SOFIA FUJIMORI HIGUCHI,20.215,184663,16002918,ROBERTO HELBERT SANCHEZ PALOMINO,10,JUNTOS POR EL PERÚ,9.39,7.518,85772,07845838,RAFAEL BERNARDO LÓPEZ ALIAGA CAZORLA,35,RENOVACIÓN POPULAR,8.248,6.604,75340,120000,2026-04-27T15:00:18.340004+00:00,1140862,913473,10432
28158,96.277,29247,535194,2026-04-27T10:00:19.546068+00:00,964,247592,-16.608,RAFAEL BERNARDO LÓPEZ ALIAGA CAZORLA,19.89,1167105,16002918,ROBERTO HELBERT SANCHEZ PALOMINO,10,JUNTOS POR EL PERÚ,3.282,2.896,192571,07845838,RAFAEL BERNARDO LÓPEZ ALIAGA CAZORLA,35,RENOVACIÓN POPULAR,19.89,17.549,1167105,140000,2026-04-27T15:00:18.714794+00:00,6650524,5867738,-974534
89149,96.101,92766,2270869,2026-04-27T11:00:05.424836+00:00,965,981280,0.139,KEIKO SOFIA FUJIMORI HIGUCHI,17.072,2757311,16002918,ROBERTO HELBERT SANCHEZ PALOMINO,10,JUNTOS POR EL PERÚ,12.038,10.02,1944172,07845838,RAFAEL BERNARDO LÓPEZ ALIAGA CAZORLA,35,RENOVACIÓN POPULAR,11.899,9.904,1921750,TOTAL,2026-04-27T16:00:04.934483+00:00,19403012,16150863,22422
86821,96.229,90223,2203066,2026-04-27T11:00:05.89861+00:00,966,960656,0.544,KEIKO SOFIA FUJIMORI HIGUCHI,17.076,2709492,16002918,ROBERTO HELBERT SANCHEZ PALOMINO,10,JUNTOS POR EL PERÚ,12.206,10.177,1936832,07845838,RAFAEL BERNARDO LÓPEZ ALIAGA CAZORLA,35,RENOVACIÓN POPULAR,11.662,9.723,1850383,PERU,2026-04-27T16:00:04.974957+00:00,19030951,15867229,86449
5191,97.906,5302,155569,2026-04-27T11:00:08.441765+00:00,967,72343,1.162,KEIKO SOFIA FUJIMORI HIGUCHI,20.219,185043,16002918,ROBERTO HELBERT SANCHEZ PALOMINO,10,JUNTOS POR EL PERÚ,9.399,7.525,86023,07845838,RAFAEL BERNARDO LÓPEZ ALIAGA CAZORLA,35,RENOVACIÓN POPULAR,8.237,6.595,75383,120000,2026-04-27T16:00:07.771983+00:00,1143113,915201,10640
28184,96.365,29247,535749,2026-04-27T11:00:08.982776+00:00,968,247904,-16.601,RAFAEL BERNARDO LÓPEZ ALIAGA CAZORLA,19.883,1167762,16002918,ROBERTO HELBERT SANCHEZ PALOMINO,10,JUNTOS POR EL PERÚ,3.282,2.896,192782,07845838,RAFAEL BERNARDO LÓPEZ ALIAGA CAZORLA,35,RENOVACIÓN POPULAR,19.883,17.543,1167762,140000,2026-04-27T16:00:08.181237+00:00,6656701,5873048,-974980
779,97.132,802,21446,2026-04-27T11:00:09.868744+00:00,969,7754,11.977,KEIKO SOFIA FUJIMORI HIGUCHI,18.818,21215,16002918,ROBERTO HELBERT SANCHEZ PALOMINO,10,JUNTOS POR EL PERÚ,18.571,14.751,20937,07845838,RAFAEL BERNARDO LÓPEZ ALIAGA CAZORLA,35,RENOVACIÓN POPULAR,6.594,5.237,7434,180000,2026-04-27T16:00:09.41156+00:00,141939,112739,13503
89149,96.101,92766,2271937,2026-04-27T12:00:05.510575+00:00,970,981764,0.141,KEIKO SOFIA FUJIMORI HIGUCHI,17.074,2758541,16002918,ROBERTO HELBERT SANCHEZ PALOMINO,10,JUNTOS POR EL PERÚ,12.038,10.02,1944903,07845838,RAFAEL BERNARDO LÓPEZ ALIAGA CAZORLA,35,RENOVACIÓN POPULAR,11.897,9.903,1922194,TOTAL,2026-04-27T17:00:04.974012+00:00,19410378,16156677,22709
86821,96.229,90223,2204134,2026-04-27T12:00:05.866168+00:00,971,961140,0.547,KEIKO SOFIA FUJIMORI HIGUCHI,17.078,2710722,16002918,ROBERTO HELBERT SANCHEZ PALOMINO,10,JUNTOS POR EL PERÚ,12.207,10.177,1937563,07845838,RAFAEL BERNARDO LÓPEZ ALIAGA CAZORLA,35,RENOVACIÓN POPULAR,11.66,9.722,1850827,PERU,2026-04-27T17:00:05.015969+00:00,19038317,15873043,86736
3552,98.942,3590,99560,2026-04-27T12:00:08.244432+00:00,972,49441,2.186,KEIKO SOFIA FUJIMORI HIGUCHI,26.429,174739,16002918,ROBERTO HELBERT SANCHEZ PALOMINO,10,JUNTOS POR EL PERÚ,10.753,8.775,71095,07845838,RAFAEL BERNARDO LÓPEZ ALIAGA CAZORLA,35,RENOVACIÓN POPULAR,8.567,6.991,56642,130000,2026-04-27T17:00:07.845694+00:00,810167,661166,14453
28191,96.389,29247,535749,2026-04-27T12:00:08.619197+00:00,973,247904,-16.601,RAFAEL BERNARDO LÓPEZ ALIAGA CAZORLA,19.883,1167762,16002918,ROBERTO HELBERT SANCHEZ PALOMINO,10,JUNTOS POR EL PERÚ,3.282,2.896,192782,07845838,RAFAEL BERNARDO LÓPEZ ALIAGA CAZORLA,35,RENOVACIÓN POPULAR,19.883,17.543,1167762,140000,2026-04-27T17:00:07.994042+00:00,6656701,5873048,-974980
779,97.132,802,21707,2026-04-27T12:00:09.344178+00:00,974,7816,12.075,KEIKO SOFIA FUJIMORI HIGUCHI,18.839,21361,16002918,ROBERTO HELBERT SANCHEZ PALOMINO,10,JUNTOS POR EL PERÚ,18.674,14.816,21174,07845838,RAFAEL BERNARDO LÓPEZ ALIAGA CAZORLA,35,RENOVACIÓN POPULAR,6.599,5.236,7483,180000,2026-04-27T17:00:08.959676+00:00,142912,113389,13691
86856,96.268,90223,2204134,2026-04-27T12:15:03.470385+00:00,975,961140,0.547,KEIKO SOFIA FUJIMORI HIGUCHI,17.078,2710722,16002918,ROBERTO HELBERT SANCHEZ PALOMINO,10,JUNTOS POR EL PERÚ,12.207,10.177,1937563,07845838,RAFAEL BERNARDO LÓPEZ ALIAGA CAZORLA,35,RENOVACIÓN POPULAR,11.66,9.722,1850827,PERU,2026-04-27T17:15:03.086615+00:00,19038317,15873043,86736
89184,96.139,92766,2271937,2026-04-27T12:15:03.87542+00:00,976,981764,0.141,KEIKO SOFIA FUJIMORI HIGUCHI,17.074,2758541,16002918,ROBERTO HELBERT SANCHEZ PALOMINO,10,JUNTOS POR EL PERÚ,12.038,10.02,1944903,07845838,RAFAEL BERNARDO LÓPEZ ALIAGA CAZORLA,35,RENOVACIÓN POPULAR,11.897,9.903,1922194,TOTAL,2026-04-27T17:15:03.128225+00:00,19410378,16156677,22709
3318,95.565,3472,99705,2026-04-27T12:15:04.564936+00:00,977,47447,8.862,KEIKO SOFIA FUJIMORI HIGUCHI,17.993,93606,16002918,ROBERTO HELBERT SANCHEZ PALOMINO,10,JUNTOS POR EL PERÚ,14.9,11.615,77514,07845838,RAFAEL BERNARDO LÓPEZ ALIAGA CAZORLA,35,RENOVACIÓN POPULAR,6.038,4.707,31414,020000,2026-04-27T17:15:04.109479+00:00,667384,520232,46100
4183,99.241,4215,74364,2026-04-27T12:15:05.087843+00:00,978,38524,-0.516,JORGE NIETO MONTESINOS,18.652,162976,16002918,ROBERTO HELBERT SANCHEZ PALOMINO,10,JUNTOS POR EL PERÚ,10.079,8.926,88069,07845838,RAFAEL BERNARDO LÓPEZ ALIAGA CAZORLA,35,RENOVACIÓN POPULAR,10.595,9.383,92574,040000,2026-04-27T17:15:04.659868+00:00,986664,873776,-4505
3592,97.318,3691,104077,2026-04-27T12:15:06.278272+00:00,979,40821,4.647,KEIKO SOFIA FUJIMORI HIGUCHI,17.014,105444,16002918,ROBERTO HELBERT SANCHEZ PALOMINO,10,JUNTOS POR EL PERÚ,12.251,9.93,75928,07845838,RAFAEL BERNARDO LÓPEZ ALIAGA CAZORLA,35,RENOVACIÓN POPULAR,7.604,6.163,47126,110000,2026-04-27T17:15:05.807009+00:00,764659,619761,28802
5199,98.057,5302,155836,2026-04-27T12:15:06.600884+00:00,980,72422,1.166,KEIKO SOFIA FUJIMORI HIGUCHI,20.219,185331,16002918,ROBERTO HELBERT SANCHEZ PALOMINO,10,JUNTOS POR EL PERÚ,9.398,7.524,86146,07845838,RAFAEL BERNARDO LÓPEZ ALIAGA CAZORLA,35,RENOVACIÓN POPULAR,8.232,6.591,75453,120000,2026-04-27T17:15:05.955824+00:00,1144874,916616,10693
3557,99.081,3590,99560,2026-04-27T12:15:06.893871+00:00,981,49441,2.186,KEIKO SOFIA FUJIMORI HIGUCHI,26.429,174739,16002918,ROBERTO HELBERT SANCHEZ PALOMINO,10,JUNTOS POR EL PERÚ,10.753,8.775,71095,07845838,RAFAEL BERNARDO LÓPEZ ALIAGA CAZORLA,35,RENOVACIÓN POPULAR,8.567,6.991,56642,130000,2026-04-27T17:15:06.112077+00:00,810167,661166,14453
28191,96.389,29247,535897,2026-04-27T12:15:07.157282+00:00,982,248022,-16.599,RAFAEL BERNARDO LÓPEZ ALIAGA CAZORLA,19.882,1167948,16002918,ROBERTO HELBERT SANCHEZ PALOMINO,10,JUNTOS POR EL PERÚ,3.283,2.897,192862,07845838,RAFAEL BERNARDO LÓPEZ ALIAGA CAZORLA,35,RENOVACIÓN POPULAR,19.882,17.541,1167948,140000,2026-04-27T17:15:06.419286+00:00,6658355,5874436,-975086
785,97.88,802,21707,2026-04-27T12:15:07.89621+00:00,983,7816,12.075,KEIKO SOFIA FUJIMORI HIGUCHI,18.839,21361,16002918,ROBERTO HELBERT SANCHEZ PALOMINO,10,JUNTOS POR EL PERÚ,18.674,14.816,21174,07845838,RAFAEL BERNARDO LÓPEZ ALIAGA CAZORLA,35,RENOVACIÓN POPULAR,6.599,5.236,7483,180000,2026-04-27T17:15:07.540509+00:00,142912,113389,13691
89195,96.151,92766,2272269,2026-04-27T13:00:05.367568+00:00,984,982051,0.144,KEIKO SOFIA FUJIMORI HIGUCHI,17.074,2758872,16002918,ROBERTO HELBERT SANCHEZ PALOMINO,10,JUNTOS POR EL PERÚ,12.04,10.021,1945394,07845838,RAFAEL BERNARDO LÓPEZ ALIAGA CAZORLA,35,RENOVACIÓN POPULAR,11.896,9.902,1922213,TOTAL,2026-04-27T18:00:04.941343+00:00,19412602,16158282,23181
86867,96.28,90223,2204466,2026-04-27T13:00:05.694462+00:00,985,961427,0.549,KEIKO SOFIA FUJIMORI HIGUCHI,17.078,2711053,16002918,ROBERTO HELBERT SANCHEZ PALOMINO,10,JUNTOS POR EL PERÚ,12.208,10.179,1938054,07845838,RAFAEL BERNARDO LÓPEZ ALIAGA CAZORLA,35,RENOVACIÓN POPULAR,11.659,9.721,1850846,PERU,2026-04-27T18:00:04.942829+00:00,19040541,15874648,87208
4127,97.335,4240,121397,2026-04-27T13:00:07.149582+00:00,986,52406,38.37,ROBERTO HELBERT SANCHEZ PALOMINO,41.616,261699,16002918,ROBERTO HELBERT SANCHEZ PALOMINO,10,JUNTOS POR EL PERÚ,41.616,32.605,261699,07845838,RAFAEL BERNARDO LÓPEZ ALIAGA CAZORLA,35,RENOVACIÓN POPULAR,3.246,2.543,20415,060000,2026-04-27T18:00:06.586227+00:00,802645,628842,241284
3846,96.56,3983,95344,2026-04-27T13:00:07.591173+00:00,987,47034,18.014,ROBERTO HELBERT SANCHEZ PALOMINO,22.765,152745,16002918,ROBERTO HELBERT SANCHEZ PALOMINO,10,JUNTOS POR EL PERÚ,22.765,18.78,152745,07845838,RAFAEL BERNARDO LÓPEZ ALIAGA CAZORLA,35,RENOVACIÓN POPULAR,4.751,3.92,31879,070000,2026-04-27T18:00:06.799554+00:00,813337,670959,120866
5201,98.095,5302,155902,2026-04-27T13:00:08.627884+00:00,988,72456,1.166,KEIKO SOFIA FUJIMORI HIGUCHI,20.222,185427,16002918,ROBERTO HELBERT SANCHEZ PALOMINO,10,JUNTOS POR EL PERÚ,9.396,7.523,86162,07845838,RAFAEL BERNARDO LÓPEZ ALIAGA CAZORLA,35,RENOVACIÓN POPULAR,8.23,6.589,75463,120000,2026-04-27T18:00:08.148131+00:00,1145332,916974,10699
3556,99.053,3590,99528,2026-04-27T13:00:09.03449+00:00,989,49430,2.187,KEIKO SOFIA FUJIMORI HIGUCHI,26.428,174675,16002918,ROBERTO HELBERT SANCHEZ PALOMINO,10,JUNTOS POR EL PERÚ,10.754,8.776,71078,07845838,RAFAEL BERNARDO LÓPEZ ALIAGA CAZORLA,35,RENOVACIÓN POPULAR,8.567,6.991,56622,130000,2026-04-27T18:00:08.407576+00:00,809917,660959,14456
86867,96.28,90223,2204509,2026-04-27T13:30:04.764051+00:00,990,961446,0.549,KEIKO SOFIA FUJIMORI HIGUCHI,17.078,2711104,16002918,ROBERTO HELBERT SANCHEZ PALOMINO,10,JUNTOS POR EL PERÚ,12.208,10.179,1938079,07845838,RAFAEL BERNARDO LÓPEZ ALIAGA CAZORLA,35,RENOVACIÓN POPULAR,11.659,9.72,1850852,PERU,2026-04-27T18:30:04.174227+00:00,19040813,15874858,87227
89195,96.151,92766,2272312,2026-04-27T13:30:05.096567+00:00,991,982070,0.144,KEIKO SOFIA FUJIMORI HIGUCHI,17.074,2758923,16002918,ROBERTO HELBERT SANCHEZ PALOMINO,10,JUNTOS POR EL PERÚ,12.04,10.021,1945419,07845838,RAFAEL BERNARDO LÓPEZ ALIAGA CAZORLA,35,RENOVACIÓN POPULAR,11.896,9.902,1922219,TOTAL,2026-04-27T18:30:04.216337+00:00,19412874,16158492,23200
4127,97.335,4240,121405,2026-04-27T13:30:06.366311+00:00,992,52412,38.369,ROBERTO HELBERT SANCHEZ PALOMINO,41.615,261710,16002918,ROBERTO HELBERT SANCHEZ PALOMINO,10,JUNTOS POR EL PERÚ,41.615,32.604,261710,07845838,RAFAEL BERNARDO LÓPEZ ALIAGA CAZORLA,35,RENOVACIÓN POPULAR,3.246,2.543,20415,060000,2026-04-27T18:30:05.826452+00:00,802700,628883,241295
86869,96.283,90223,2204509,2026-04-27T13:45:03.865152+00:00,993,961446,0.549,KEIKO SOFIA FUJIMORI HIGUCHI,17.078,2711104,16002918,ROBERTO HELBERT SANCHEZ PALOMINO,10,JUNTOS POR EL PERÚ,12.208,10.179,1938079,07845838,RAFAEL BERNARDO LÓPEZ ALIAGA CAZORLA,35,RENOVACIÓN POPULAR,11.659,9.72,1850852,PERU,2026-04-27T18:45:03.106806+00:00,19040813,15874858,87227
89197,96.153,92766,2272312,2026-04-27T13:45:04.174107+00:00,994,982070,0.144,KEIKO SOFIA FUJIMORI HIGUCHI,17.074,2758923,16002918,ROBERTO HELBERT SANCHEZ PALOMINO,10,JUNTOS POR EL PERÚ,12.04,10.021,1945419,07845838,RAFAEL BERNARDO LÓPEZ ALIAGA CAZORLA,35,RENOVACIÓN POPULAR,11.896,9.902,1922219,TOTAL,2026-04-27T18:45:03.146905+00:00,19412874,16158492,23200
4128,97.358,4240,121405,2026-04-27T13:45:05.508044+00:00,995,52412,38.369,ROBERTO HELBERT SANCHEZ PALOMINO,41.615,261710,16002918,ROBERTO HELBERT SANCHEZ PALOMINO,10,JUNTOS POR EL PERÚ,41.615,32.604,261710,07845838,RAFAEL BERNARDO LÓPEZ ALIAGA CAZORLA,35,RENOVACIÓN POPULAR,3.246,2.543,20415,060000,2026-04-27T18:45:04.957595+00:00,802700,628883,241295
3593,97.345,3691,104112,2026-04-27T13:45:06.364748+00:00,996,40834,4.647,KEIKO SOFIA FUJIMORI HIGUCHI,17.016,105487,16002918,ROBERTO HELBERT SANCHEZ PALOMINO,10,JUNTOS POR EL PERÚ,12.25,9.929,75942,07845838,RAFAEL BERNARDO LÓPEZ ALIAGA CAZORLA,35,RENOVACIÓN POPULAR,7.603,6.162,47132,110000,2026-04-27T18:45:05.891997+00:00,764876,619930,28810
89197,96.153,92766,2272406,2026-04-27T14:00:06.310442+00:00,997,982128,0.143,KEIKO SOFIA FUJIMORI HIGUCHI,17.075,2759124,16002918,ROBERTO HELBERT SANCHEZ PALOMINO,10,JUNTOS POR EL PERÚ,12.039,10.021,1945447,07845838,RAFAEL BERNARDO LÓPEZ ALIAGA CAZORLA,35,RENOVACIÓN POPULAR,11.896,9.902,1922306,TOTAL,2026-04-27T19:00:05.459142+00:00,19413832,16159298,23141
86869,96.283,90223,2204603,2026-04-27T14:00:06.985258+00:00,998,961504,0.549,KEIKO SOFIA FUJIMORI HIGUCHI,17.078,2711305,16002918,ROBERTO HELBERT SANCHEZ PALOMINO,10,JUNTOS POR EL PERÚ,12.208,10.178,1938107,07845838,RAFAEL BERNARDO LÓPEZ ALIAGA CAZORLA,35,RENOVACIÓN POPULAR,11.659,9.72,1850939,PERU,2026-04-27T19:00:05.460578+00:00,19041771,15875664,87168
5203,98.133,5302,155953,2026-04-27T14:00:11.619799+00:00,999,72503,1.166,KEIKO SOFIA FUJIMORI HIGUCHI,20.226,185547,16002918,ROBERTO HELBERT SANCHEZ PALOMINO,10,JUNTOS POR EL PERÚ,9.394,7.521,86180,07845838,RAFAEL BERNARDO LÓPEZ ALIAGA CAZORLA,35,RENOVACIÓN POPULAR,8.228,6.588,75481,120000,2026-04-27T19:00:10.328039+00:00,1145816,917360,10699
28191,96.389,29247,535940,2026-04-27T14:00:12.440557+00:00,1000,248033,-16.599,RAFAEL BERNARDO LÓPEZ ALIAGA CAZORLA,19.882,1168017,16002918,ROBERTO HELBERT SANCHEZ PALOMINO,10,JUNTOS POR EL PERÚ,3.283,2.896,192872,07845838,RAFAEL BERNARDO LÓPEZ ALIAGA CAZORLA,35,RENOVACIÓN POPULAR,19.882,17.541,1168017,140000,2026-04-27T19:00:10.990069+00:00,6658829,5874856,-975145
89201,96.157,92766,2272406,2026-04-27T14:15:04.893381+00:00,1001,982128,0.143,KEIKO SOFIA FUJIMORI HIGUCHI,17.075,2759124,16002918,ROBERTO HELBERT SANCHEZ PALOMINO,10,JUNTOS POR EL PERÚ,12.039,10.021,1945447,07845838,RAFAEL BERNARDO LÓPEZ ALIAGA CAZORLA,35,RENOVACIÓN POPULAR,11.896,9.902,1922306,TOTAL,2026-04-27T19:15:04.162884+00:00,19413832,16159298,23141
86873,96.287,90223,2204603,2026-04-27T14:15:05.24972+00:00,1002,961504,0.549,KEIKO SOFIA FUJIMORI HIGUCHI,17.078,2711305,16002918,ROBERTO HELBERT SANCHEZ PALOMINO,10,JUNTOS POR EL PERÚ,12.208,10.178,1938107,07845838,RAFAEL BERNARDO LÓPEZ ALIAGA CAZORLA,35,RENOVACIÓN POPULAR,11.659,9.72,1850939,PERU,2026-04-27T19:15:04.164295+00:00,19041771,15875664,87168
28193,96.396,29247,535940,2026-04-27T14:15:07.824045+00:00,1003,248033,-16.599,RAFAEL BERNARDO LÓPEZ ALIAGA CAZORLA,19.882,1168017,16002918,ROBERTO HELBERT SANCHEZ PALOMINO,10,JUNTOS POR EL PERÚ,3.283,2.896,192872,07845838,RAFAEL BERNARDO LÓPEZ ALIAGA CAZORLA,35,RENOVACIÓN POPULAR,19.882,17.541,1168017,140000,2026-04-27T19:15:07.39364+00:00,6658829,5874856,-975145
89203,96.159,92766,2272466,2026-04-27T14:45:03.698412+00:00,1004,982154,0.144,KEIKO SOFIA FUJIMORI HIGUCHI,17.074,2759186,16002918,ROBERTO HELBERT SANCHEZ PALOMINO,10,JUNTOS POR EL PERÚ,12.04,10.021,1945550,07845838,RAFAEL BERNARDO LÓPEZ ALIAGA CAZORLA,35,RENOVACIÓN POPULAR,11.896,9.902,1922384,TOTAL,2026-04-27T19:45:02.861961+00:00,19414339,16159719,23166
86873,96.287,90223,2204663,2026-04-27T14:45:04.065546+00:00,1005,961530,0.549,KEIKO SOFIA FUJIMORI HIGUCHI,17.078,2711367,16002918,ROBERTO HELBERT SANCHEZ PALOMINO,10,JUNTOS POR EL PERÚ,12.208,10.178,1938210,07845838,RAFAEL BERNARDO LÓPEZ ALIAGA CAZORLA,35,RENOVACIÓN POPULAR,11.659,9.721,1851017,PERU,2026-04-27T19:45:02.9025+00:00,19042278,15876085,87193
1883,99.105,1900,52386,2026-04-27T14:45:05.025473+00:00,1006,18770,28.584,ROBERTO HELBERT SANCHEZ PALOMINO,31.32,88205,16002918,ROBERTO HELBERT SANCHEZ PALOMINO,10,JUNTOS POR EL PERÚ,31.32,25.003,88205,07845838,RAFAEL BERNARDO LÓPEZ ALIAGA CAZORLA,35,RENOVACIÓN POPULAR,2.736,2.184,7706,050000,2026-04-27T19:45:04.586004+00:00,352777,281621,80499
28194,96.4,29247,535953,2026-04-27T14:45:06.810197+00:00,1007,248037,-16.599,RAFAEL BERNARDO LÓPEZ ALIAGA CAZORLA,19.882,1168090,16002918,ROBERTO HELBERT SANCHEZ PALOMINO,10,JUNTOS POR EL PERÚ,3.283,2.896,192874,07845838,RAFAEL BERNARDO LÓPEZ ALIAGA CAZORLA,35,RENOVACIÓN POPULAR,19.882,17.541,1168090,140000,2026-04-27T19:45:06.278751+00:00,6659106,5875116,-975216
86875,96.289,90223,2204663,2026-04-27T15:00:05.470092+00:00,1008,961530,0.549,KEIKO SOFIA FUJIMORI HIGUCHI,17.078,2711367,16002918,ROBERTO HELBERT SANCHEZ PALOMINO,10,JUNTOS POR EL PERÚ,12.208,10.178,1938210,07845838,RAFAEL BERNARDO LÓPEZ ALIAGA CAZORLA,35,RENOVACIÓN POPULAR,11.659,9.721,1851017,PERU,2026-04-27T20:00:04.852926+00:00,19042278,15876085,87193
89206,96.162,92766,2272558,2026-04-27T15:30:04.958715+00:00,1009,982175,0.144,KEIKO SOFIA FUJIMORI HIGUCHI,17.074,2759240,16002918,ROBERTO HELBERT SANCHEZ PALOMINO,10,JUNTOS POR EL PERÚ,12.04,10.021,1945623,07845838,RAFAEL BERNARDO LÓPEZ ALIAGA CAZORLA,35,RENOVACIÓN POPULAR,11.896,9.902,1922459,TOTAL,2026-04-27T20:30:04.173376+00:00,19414957,16160224,23164
86878,96.293,90223,2204755,2026-04-27T15:30:05.292197+00:00,1010,961551,0.549,KEIKO SOFIA FUJIMORI HIGUCHI,17.078,2711421,16002918,ROBERTO HELBERT SANCHEZ PALOMINO,10,JUNTOS POR EL PERÚ,12.208,10.179,1938283,07845838,RAFAEL BERNARDO LÓPEZ ALIAGA CAZORLA,35,RENOVACIÓN POPULAR,11.659,9.721,1851092,PERU,2026-04-27T20:30:04.215358+00:00,19042896,15876590,87191
1885,99.211,1900,52467,2026-04-27T15:30:06.400756+00:00,1011,18783,28.577,ROBERTO HELBERT SANCHEZ PALOMINO,31.312,88274,16002918,ROBERTO HELBERT SANCHEZ PALOMINO,10,JUNTOS POR EL PERÚ,31.312,24.995,88274,07845838,RAFAEL BERNARDO LÓPEZ ALIAGA CAZORLA,35,RENOVACIÓN POPULAR,2.735,2.183,7711,050000,2026-04-27T20:30:05.854048+00:00,353169,281919,80563
28195,96.403,29247,535964,2026-04-27T15:30:08.067438+00:00,1012,248045,-16.599,RAFAEL BERNARDO LÓPEZ ALIAGA CAZORLA,19.882,1168160,16002918,ROBERTO HELBERT SANCHEZ PALOMINO,10,JUNTOS POR EL PERÚ,3.283,2.896,192878,07845838,RAFAEL BERNARDO LÓPEZ ALIAGA CAZORLA,35,RENOVACIÓN POPULAR,19.882,17.542,1168160,140000,2026-04-27T20:30:07.570693+00:00,6659332,5875323,-975282
89206,96.162,92766,2272618,2026-04-27T16:00:05.47651+00:00,1013,982197,0.142,KEIKO SOFIA FUJIMORI HIGUCHI,17.074,2759298,16002918,ROBERTO HELBERT SANCHEZ PALOMINO,10,JUNTOS POR EL PERÚ,12.039,10.021,1945658,07845838,RAFAEL BERNARDO LÓPEZ ALIAGA CAZORLA,35,RENOVACIÓN POPULAR,11.897,9.902,1922574,TOTAL,2026-04-27T21:00:04.938898+00:00,19415626,16160811,23084
86878,96.293,90223,2204815,2026-04-27T16:00:05.781469+00:00,1014,961573,0.548,KEIKO SOFIA FUJIMORI HIGUCHI,17.078,2711479,16002918,ROBERTO HELBERT SANCHEZ PALOMINO,10,JUNTOS POR EL PERÚ,12.208,10.178,1938318,07845838,RAFAEL BERNARDO LÓPEZ ALIAGA CAZORLA,35,RENOVACIÓN POPULAR,11.66,9.721,1851207,PERU,2026-04-27T21:00:04.940378+00:00,19043565,15877177,87111
86881,96.296,90223,2204815,2026-04-27T16:15:03.348561+00:00,1015,961573,0.548,KEIKO SOFIA FUJIMORI HIGUCHI,17.078,2711479,16002918,ROBERTO HELBERT SANCHEZ PALOMINO,10,JUNTOS POR EL PERÚ,12.208,10.178,1938318,07845838,RAFAEL BERNARDO LÓPEZ ALIAGA CAZORLA,35,RENOVACIÓN POPULAR,11.66,9.721,1851207,PERU,2026-04-27T21:15:02.745988+00:00,19043565,15877177,87111
89209,96.166,92766,2272618,2026-04-27T16:15:03.611579+00:00,1016,982197,0.142,KEIKO SOFIA FUJIMORI HIGUCHI,17.074,2759298,16002918,ROBERTO HELBERT SANCHEZ PALOMINO,10,JUNTOS POR EL PERÚ,12.039,10.021,1945658,07845838,RAFAEL BERNARDO LÓPEZ ALIAGA CAZORLA,35,RENOVACIÓN POPULAR,11.897,9.902,1922574,TOTAL,2026-04-27T21:15:02.747448+00:00,19415626,16160811,23084
28196,96.406,29247,535975,2026-04-27T16:15:06.17837+00:00,1017,248051,-16.6,RAFAEL BERNARDO LÓPEZ ALIAGA CAZORLA,19.883,1168245,16002918,ROBERTO HELBERT SANCHEZ PALOMINO,10,JUNTOS POR EL PERÚ,3.283,2.896,192880,07845838,RAFAEL BERNARDO LÓPEZ ALIAGA CAZORLA,35,RENOVACIÓN POPULAR,19.883,17.542,1168245,140000,2026-04-27T21:15:05.526208+00:00,6659563,5875537,-975365
558,96.54,578,11557,2026-04-27T16:15:06.796019+00:00,1018,5026,7.092,ROBERTO HELBERT SANCHEZ PALOMINO,12.882,14193,16002918,ROBERTO HELBERT SANCHEZ PALOMINO,10,JUNTOS POR EL PERÚ,12.882,11.196,14193,07845838,RAFAEL BERNARDO LÓPEZ ALIAGA CAZORLA,35,RENOVACIÓN POPULAR,5.79,5.032,6379,170000,2026-04-27T21:15:05.983789+00:00,126763,110180,7814
86894,96.31,90223,2205044,2026-04-27T16:45:03.590001+00:00,1019,961709,0.546,KEIKO SOFIA FUJIMORI HIGUCHI,17.077,2711747,16002918,ROBERTO HELBERT SANCHEZ PALOMINO,10,JUNTOS POR EL PERÚ,12.207,10.177,1938464,07845838,RAFAEL BERNARDO LÓPEZ ALIAGA CAZORLA,35,RENOVACIÓN POPULAR,11.661,9.722,1851706,PERU,2026-04-27T21:45:02.743543+00:00,19046587,15879834,86758
89209,96.166,92766,2272847,2026-04-27T16:45:03.983768+00:00,1020,982333,0.14,KEIKO SOFIA FUJIMORI HIGUCHI,17.073,2759566,16002918,ROBERTO HELBERT SANCHEZ PALOMINO,10,JUNTOS POR EL PERÚ,12.038,10.02,1945804,07845838,RAFAEL BERNARDO LÓPEZ ALIAGA CAZORLA,35,RENOVACIÓN POPULAR,11.898,9.903,1923073,TOTAL,2026-04-27T21:45:02.785287+00:00,19418648,16163468,22731
28201,96.424,29247,536024,2026-04-27T16:45:06.322047+00:00,1021,248074,-16.604,RAFAEL BERNARDO LÓPEZ ALIAGA CAZORLA,19.886,1168619,16002918,ROBERTO HELBERT SANCHEZ PALOMINO,10,JUNTOS POR EL PERÚ,3.282,2.896,192891,07845838,RAFAEL BERNARDO LÓPEZ ALIAGA CAZORLA,35,RENOVACIÓN POPULAR,19.886,17.545,1168619,140000,2026-04-27T21:45:05.876001+00:00,6660709,5876611,-975728
566,97.924,578,11737,2026-04-27T16:45:07.04578+00:00,1022,5139,7.001,ROBERTO HELBERT SANCHEZ PALOMINO,12.82,14328,16002918,ROBERTO HELBERT SANCHEZ PALOMINO,10,JUNTOS POR EL PERÚ,12.82,11.138,14328,07845838,RAFAEL BERNARDO LÓPEZ ALIAGA CAZORLA,35,RENOVACIÓN POPULAR,5.819,5.056,6504,170000,2026-04-27T21:45:06.502994+00:00,128639,111763,7824
89222,96.18,92766,2272847,2026-04-27T17:00:06.500691+00:00,1023,982333,0.14,KEIKO SOFIA FUJIMORI HIGUCHI,17.073,2759566,16002918,ROBERTO HELBERT SANCHEZ PALOMINO,10,JUNTOS POR EL PERÚ,12.038,10.02,1945804,07845838,RAFAEL BERNARDO LÓPEZ ALIAGA CAZORLA,35,RENOVACIÓN POPULAR,11.898,9.903,1923073,TOTAL,2026-04-27T22:00:05.305795+00:00,19418648,16163468,22731
86902,96.319,90223,2205227,2026-04-27T17:30:04.567023+00:00,1024,961813,0.546,KEIKO SOFIA FUJIMORI HIGUCHI,17.076,2711978,16002918,ROBERTO HELBERT SANCHEZ PALOMINO,10,JUNTOS POR EL PERÚ,12.207,10.177,1938590,07845838,RAFAEL BERNARDO LÓPEZ ALIAGA CAZORLA,35,RENOVACIÓN POPULAR,11.661,9.722,1851862,PERU,2026-04-27T22:30:04.121276+00:00,19048476,15881436,86728
89230,96.188,92766,2273030,2026-04-27T17:30:04.903765+00:00,1025,982437,0.141,KEIKO SOFIA FUJIMORI HIGUCHI,17.073,2759797,16002918,ROBERTO HELBERT SANCHEZ PALOMINO,10,JUNTOS POR EL PERÚ,12.038,10.02,1945930,07845838,RAFAEL BERNARDO LÓPEZ ALIAGA CAZORLA,35,RENOVACIÓN POPULAR,11.897,9.903,1923229,TOTAL,2026-04-27T22:30:04.162894+00:00,19420537,16165070,22701
3560,99.164,3590,99608,2026-04-27T17:30:07.269826+00:00,1026,49489,2.173,KEIKO SOFIA FUJIMORI HIGUCHI,26.42,174833,16002918,ROBERTO HELBERT SANCHEZ PALOMINO,10,JUNTOS POR EL PERÚ,10.747,8.771,71118,07845838,RAFAEL BERNARDO LÓPEZ ALIAGA CAZORLA,35,RENOVACIÓN POPULAR,8.574,6.997,56737,130000,2026-04-27T22:30:06.753988+00:00,810854,661757,14381
570,98.616,578,11840,2026-04-27T17:30:08.051925+00:00,1027,5184,6.991,ROBERTO HELBERT SANCHEZ PALOMINO,12.805,14414,16002918,ROBERTO HELBERT SANCHEZ PALOMINO,10,JUNTOS POR EL PERÚ,12.805,11.123,14414,07845838,RAFAEL BERNARDO LÓPEZ ALIAGA CAZORLA,35,RENOVACIÓN POPULAR,5.814,5.051,6545,170000,2026-04-27T22:30:07.680328+00:00,129591,112567,7869
89230,96.188,92766,2273104,2026-04-27T18:00:06.084593+00:00,1028,982466,0.141,KEIKO SOFIA FUJIMORI HIGUCHI,17.072,2759819,16002918,ROBERTO HELBERT SANCHEZ PALOMINO,10,JUNTOS POR EL PERÚ,12.038,10.02,1946081,07845838,RAFAEL BERNARDO LÓPEZ ALIAGA CAZORLA,35,RENOVACIÓN POPULAR,11.897,9.903,1923245,TOTAL,2026-04-27T23:00:05.453206+00:00,19421118,16165548,22836
86906,96.324,90223,2205301,2026-04-27T18:00:06.427415+00:00,1029,961842,0.547,KEIKO SOFIA FUJIMORI HIGUCHI,17.076,2712000,16002918,ROBERTO HELBERT SANCHEZ PALOMINO,10,JUNTOS POR EL PERÚ,12.207,10.178,1938741,07845838,RAFAEL BERNARDO LÓPEZ ALIAGA CAZORLA,35,RENOVACIÓN POPULAR,11.66,9.722,1851878,PERU,2026-04-27T23:00:05.49452+00:00,19049057,15881914,86863
3320,95.622,3472,99747,2026-04-27T18:00:07.188804+00:00,1030,47457,8.865,KEIKO SOFIA FUJIMORI HIGUCHI,17.99,93621,16002918,ROBERTO HELBERT SANCHEZ PALOMINO,10,JUNTOS POR EL PERÚ,14.904,11.618,77562,07845838,RAFAEL BERNARDO LÓPEZ ALIAGA CAZORLA,35,RENOVACIÓN POPULAR,6.039,4.707,31426,020000,2026-04-27T23:00:06.745137+00:00,667609,520405,46136
571,98.789,578,11855,2026-04-27T18:00:09.850173+00:00,1031,5196,7.037,ROBERTO HELBERT SANCHEZ PALOMINO,12.845,14478,16002918,ROBERTO HELBERT SANCHEZ PALOMINO,10,JUNTOS POR EL PERÚ,12.845,11.157,14478,07845838,RAFAEL BERNARDO LÓPEZ ALIAGA CAZORLA,35,RENOVACIÓN POPULAR,5.808,5.044,6546,170000,2026-04-27T23:00:09.386695+00:00,129767,112716,7932
1026,98.559,1041,18630,2026-04-27T18:00:10.875069+00:00,1032,9064,5.645,RICARDO PABLO BELMONT CASSINELLI,14.627,31839,16002918,ROBERTO HELBERT SANCHEZ PALOMINO,10,JUNTOS POR EL PERÚ,11.867,10.527,25830,07845838,RAFAEL BERNARDO LÓPEZ ALIAGA CAZORLA,35,RENOVACIÓN POPULAR,6.222,5.52,13544,220000,2026-04-27T23:00:10.465141+00:00,245362,217668,12286
89234,96.193,92766,2273104,2026-04-27T18:15:03.437848+00:00,1033,982466,0.141,KEIKO SOFIA FUJIMORI HIGUCHI,17.072,2759819,16002918,ROBERTO HELBERT SANCHEZ PALOMINO,10,JUNTOS POR EL PERÚ,12.038,10.02,1946081,07845838,RAFAEL BERNARDO LÓPEZ ALIAGA CAZORLA,35,RENOVACIÓN POPULAR,11.897,9.903,1923245,TOTAL,2026-04-27T23:15:03.105839+00:00,19421118,16165548,22836
86926,96.346,90223,2205881,2026-04-27T18:30:04.702053+00:00,1034,962092,0.548,KEIKO SOFIA FUJIMORI HIGUCHI,17.076,2712506,16002918,ROBERTO HELBERT SANCHEZ PALOMINO,10,JUNTOS POR EL PERÚ,12.208,10.178,1939306,07845838,RAFAEL BERNARDO LÓPEZ ALIAGA CAZORLA,35,RENOVACIÓN POPULAR,11.66,9.721,1852206,PERU,2026-04-27T23:30:04.365182+00:00,19053084,15885111,87100
89234,96.193,92766,2273684,2026-04-27T18:30:04.990708+00:00,1035,982716,0.143,KEIKO SOFIA FUJIMORI HIGUCHI,17.072,2760325,16002918,ROBERTO HELBERT SANCHEZ PALOMINO,10,JUNTOS POR EL PERÚ,12.04,10.021,1946646,07845838,RAFAEL BERNARDO LÓPEZ ALIAGA CAZORLA,35,RENOVACIÓN POPULAR,11.897,9.902,1923573,TOTAL,2026-04-27T23:30:04.406766+00:00,19425145,16168745,23073
3331,95.939,3472,99747,2026-04-27T18:30:05.574527+00:00,1036,47457,8.865,KEIKO SOFIA FUJIMORI HIGUCHI,17.99,93621,16002918,ROBERTO HELBERT SANCHEZ PALOMINO,10,JUNTOS POR EL PERÚ,14.904,11.618,77562,07845838,RAFAEL BERNARDO LÓPEZ ALIAGA CAZORLA,35,RENOVACIÓN POPULAR,6.039,4.707,31426,020000,2026-04-27T23:30:05.072318+00:00,667609,520405,46136
1886,99.263,1900,52467,2026-04-27T18:30:06.121509+00:00,1037,18783,28.577,ROBERTO HELBERT SANCHEZ PALOMINO,31.312,88274,16002918,ROBERTO HELBERT SANCHEZ PALOMINO,10,JUNTOS POR EL PERÚ,31.312,24.995,88274,07845838,RAFAEL BERNARDO LÓPEZ ALIAGA CAZORLA,35,RENOVACIÓN POPULAR,2.735,2.183,7711,050000,2026-04-27T23:30:05.654824+00:00,353169,281919,80563
28203,96.43,29247,536024,2026-04-27T18:30:07.587313+00:00,1038,248074,-16.604,RAFAEL BERNARDO LÓPEZ ALIAGA CAZORLA,19.886,1168619,16002918,ROBERTO HELBERT SANCHEZ PALOMINO,10,JUNTOS POR EL PERÚ,3.282,2.896,192891,07845838,RAFAEL BERNARDO LÓPEZ ALIAGA CAZORLA,35,RENOVACIÓN POPULAR,19.886,17.545,1168619,140000,2026-04-27T23:30:07.218953+00:00,6660709,5876611,-975728
2793,96.377,2898,60026,2026-04-27T18:30:09.149372+00:00,1039,28186,-11.975,KEIKO SOFIA FUJIMORI HIGUCHI,20.677,115222,16002918,ROBERTO HELBERT SANCHEZ PALOMINO,10,JUNTOS POR EL PERÚ,3.01,2.598,16772,07845838,RAFAEL BERNARDO LÓPEZ ALIAGA CAZORLA,35,RENOVACIÓN POPULAR,14.985,12.937,83504,240000,2026-04-27T23:30:08.700187+00:00,645450,557238,-66732
89254,96.214,92766,2273684,2026-04-27T18:45:03.829107+00:00,1040,982716,0.143,KEIKO SOFIA FUJIMORI HIGUCHI,17.072,2760325,16002918,ROBERTO HELBERT SANCHEZ PALOMINO,10,JUNTOS POR EL PERÚ,12.04,10.021,1946646,07845838,RAFAEL BERNARDO LÓPEZ ALIAGA CAZORLA,35,RENOVACIÓN POPULAR,11.897,9.902,1923573,TOTAL,2026-04-27T23:45:02.964834+00:00,19425145,16168745,23073
3331,95.939,3472,100124,2026-04-27T18:45:04.642751+00:00,1041,47644,8.918,KEIKO SOFIA FUJIMORI HIGUCHI,17.974,93775,16002918,ROBERTO HELBERT SANCHEZ PALOMINO,10,JUNTOS POR EL PERÚ,14.952,11.652,78009,07845838,RAFAEL BERNARDO LÓPEZ ALIAGA CAZORLA,35,RENOVACIÓN POPULAR,6.034,4.702,31480,020000,2026-04-27T23:45:04.115898+00:00,669508,521740,46529
1886,99.263,1900,52484,2026-04-27T18:45:05.615427+00:00,1042,18796,28.565,ROBERTO HELBERT SANCHEZ PALOMINO,31.301,88308,16002918,ROBERTO HELBERT SANCHEZ PALOMINO,10,JUNTOS POR EL PERÚ,31.301,24.988,88308,07845838,RAFAEL BERNARDO LÓPEZ ALIAGA CAZORLA,35,RENOVACIÓN POPULAR,2.736,2.184,7720,050000,2026-04-27T23:45:04.904066+00:00,353408,282128,80588
28203,96.43,29247,536052,2026-04-27T18:45:07.309572+00:00,1043,248087,-16.605,RAFAEL BERNARDO LÓPEZ ALIAGA CAZORLA,19.887,1168759,16002918,ROBERTO HELBERT SANCHEZ PALOMINO,10,JUNTOS POR EL PERÚ,3.282,2.896,192902,07845838,RAFAEL BERNARDO LÓPEZ ALIAGA CAZORLA,35,RENOVACIÓN POPULAR,19.887,17.546,1168759,140000,2026-04-27T23:45:06.816636+00:00,6661172,5877033,-975857
1027,98.655,1041,18653,2026-04-27T18:45:08.783941+00:00,1044,9069,5.639,RICARDO PABLO BELMONT CASSINELLI,14.626,31867,16002918,ROBERTO HELBERT SANCHEZ PALOMINO,10,JUNTOS POR EL PERÚ,11.862,10.523,25845,07845838,RAFAEL BERNARDO LÓPEZ ALIAGA CAZORLA,35,RENOVACIÓN POPULAR,6.223,5.521,13560,220000,2026-04-27T23:45:08.280529+00:00,245607,217885,12285
2793,96.377,2898,60161,2026-04-27T18:45:09.273554+00:00,1045,28218,-11.963,KEIKO SOFIA FUJIMORI HIGUCHI,20.686,115479,16002918,ROBERTO HELBERT SANCHEZ PALOMINO,10,JUNTOS POR EL PERÚ,3.015,2.603,16830,07845838,RAFAEL BERNARDO LÓPEZ ALIAGA CAZORLA,35,RENOVACIÓN POPULAR,14.978,12.931,83613,240000,2026-04-27T23:45:08.593952+00:00,646631,558252,-66783
89254,96.214,92766,2274215,2026-04-27T20:15:03.156363+00:00,1046,983008,0.143,KEIKO SOFIA FUJIMORI HIGUCHI,17.072,2760869,16002918,ROBERTO HELBERT SANCHEZ PALOMINO,10,JUNTOS POR EL PERÚ,12.039,10.021,1947035,07845838,RAFAEL BERNARDO LÓPEZ ALIAGA CAZORLA,35,RENOVACIÓN POPULAR,11.896,9.902,1923827,TOTAL,2026-04-28T01:15:02.726113+00:00,19429425,16172202,23208
86945,96.367,90223,2206412,2026-04-27T20:15:03.598276+00:00,1047,962384,0.549,KEIKO SOFIA FUJIMORI HIGUCHI,17.075,2713050,16002918,ROBERTO HELBERT SANCHEZ PALOMINO,10,JUNTOS POR EL PERÚ,12.208,10.178,1939695,07845838,RAFAEL BERNARDO LÓPEZ ALIAGA CAZORLA,35,RENOVACIÓN POPULAR,11.659,9.72,1852460,PERU,2026-04-28T01:15:02.767113+00:00,19057364,15888568,87235
3346,96.371,3472,100579,2026-04-27T20:15:04.225252+00:00,1048,47869,8.881,KEIKO SOFIA FUJIMORI HIGUCHI,17.972,94241,16002918,ROBERTO HELBERT SANCHEZ PALOMINO,10,JUNTOS POR EL PERÚ,14.923,11.63,78252,07845838,RAFAEL BERNARDO LÓPEZ ALIAGA CAZORLA,35,RENOVACIÓN POPULAR,6.042,4.709,31683,020000,2026-04-28T01:15:03.734078+00:00,672835,524387,46569
3361,98.94,3397,77090,2026-04-27T20:15:07.0492+00:00,1049,40197,22.984,ROBERTO HELBERT SANCHEZ PALOMINO,24.901,160435,16002918,ROBERTO HELBERT SANCHEZ PALOMINO,10,JUNTOS POR EL PERÚ,24.901,21.066,160435,07845838,RAFAEL BERNARDO LÓPEZ ALIAGA CAZORLA,35,RENOVACIÓN POPULAR,1.917,1.622,12354,200000,2026-04-28T01:15:06.65804+00:00,761591,644304,148081
1029,98.847,1041,18691,2026-04-27T20:15:07.543372+00:00,1050,9077,5.66,RICARDO PABLO BELMONT CASSINELLI,14.628,31937,16002918,ROBERTO HELBERT SANCHEZ PALOMINO,10,JUNTOS POR EL PERÚ,11.874,10.534,25924,07845838,RAFAEL BERNARDO LÓPEZ ALIAGA CAZORLA,35,RENOVACIÓN POPULAR,6.214,5.513,13567,220000,2026-04-28T01:15:07.16248+00:00,246096,218328,12357
2794,96.411,2898,60176,2026-04-27T20:15:07.929195+00:00,1051,28266,-11.966,KEIKO SOFIA FUJIMORI HIGUCHI,20.687,115526,16002918,ROBERTO HELBERT SANCHEZ PALOMINO,10,JUNTOS POR EL PERÚ,3.014,2.602,16832,07845838,RAFAEL BERNARDO LÓPEZ ALIAGA CAZORLA,35,RENOVACIÓN POPULAR,14.98,12.932,83657,240000,2026-04-28T01:15:07.368397+00:00,646898,558456,-66825
89273,96.235,92766,2274215,2026-04-27T20:30:04.541572+00:00,1052,983008,0.143,KEIKO SOFIA FUJIMORI HIGUCHI,17.072,2760869,16002918,ROBERTO HELBERT SANCHEZ PALOMINO,10,JUNTOS POR EL PERÚ,12.039,10.021,1947035,07845838,RAFAEL BERNARDO LÓPEZ ALIAGA CAZORLA,35,RENOVACIÓN POPULAR,11.896,9.902,1923827,TOTAL,2026-04-28T01:30:03.954172+00:00,19429425,16172202,23208
89273,96.235,92766,2275411,2026-04-27T21:00:05.026866+00:00,1053,983712,0.149,KEIKO SOFIA FUJIMORI HIGUCHI,17.071,2761878,16002918,ROBERTO HELBERT SANCHEZ PALOMINO,10,JUNTOS POR EL PERÚ,12.042,10.023,1948241,07845838,RAFAEL BERNARDO LÓPEZ ALIAGA CAZORLA,35,RENOVACIÓN POPULAR,11.893,9.899,1924198,TOTAL,2026-04-28T02:00:04.768906+00:00,19438312,16179189,24043
86986,96.412,90223,2207608,2026-04-27T21:00:05.299298+00:00,1054,963088,0.554,KEIKO SOFIA FUJIMORI HIGUCHI,17.074,2714059,16002918,ROBERTO HELBERT SANCHEZ PALOMINO,10,JUNTOS POR EL PERÚ,12.21,10.18,1940901,07845838,RAFAEL BERNARDO LÓPEZ ALIAGA CAZORLA,35,RENOVACIÓN POPULAR,11.656,9.718,1852831,PERU,2026-04-28T02:00:04.770316+00:00,19066251,15895555,88070
28204,96.434,29247,536052,2026-04-27T21:00:07.764284+00:00,1055,248087,-16.605,RAFAEL BERNARDO LÓPEZ ALIAGA CAZORLA,19.887,1168759,16002918,ROBERTO HELBERT SANCHEZ PALOMINO,10,JUNTOS POR EL PERÚ,3.282,2.896,192902,07845838,RAFAEL BERNARDO LÓPEZ ALIAGA CAZORLA,35,RENOVACIÓN POPULAR,19.887,17.546,1168759,140000,2026-04-28T02:00:07.278595+00:00,6661172,5877033,-975857
89314,96.279,92766,2275411,2026-04-27T21:15:03.03094+00:00,1056,983712,0.149,KEIKO SOFIA FUJIMORI HIGUCHI,17.071,2761878,16002918,ROBERTO HELBERT SANCHEZ PALOMINO,10,JUNTOS POR EL PERÚ,12.042,10.023,1948241,07845838,RAFAEL BERNARDO LÓPEZ ALIAGA CAZORLA,35,RENOVACIÓN POPULAR,11.893,9.899,1924198,TOTAL,2026-04-28T02:15:02.653909+00:00,19438312,16179189,24043
3374,97.177,3472,101375,2026-04-27T21:15:03.935217+00:00,1057,48441,8.822,KEIKO SOFIA FUJIMORI HIGUCHI,17.982,95136,16002918,ROBERTO HELBERT SANCHEZ PALOMINO,10,JUNTOS POR EL PERÚ,14.867,11.586,78656,07845838,RAFAEL BERNARDO LÓPEZ ALIAGA CAZORLA,35,RENOVACIÓN POPULAR,6.045,4.711,31981,020000,2026-04-28T02:15:03.503252+00:00,678877,529061,46675
3858,96.862,3983,95710,2026-04-27T21:15:04.91812+00:00,1058,47154,18.068,ROBERTO HELBERT SANCHEZ PALOMINO,22.812,153535,16002918,ROBERTO HELBERT SANCHEZ PALOMINO,10,JUNTOS POR EL PERÚ,22.812,18.817,153535,07845838,RAFAEL BERNARDO LÓPEZ ALIAGA CAZORLA,35,RENOVACIÓN POPULAR,4.744,3.913,31928,070000,2026-04-28T02:15:04.531937+00:00,815922,673058,121607
28204,96.434,29247,536086,2026-04-27T21:15:06.185069+00:00,1059,248099,-16.605,RAFAEL BERNARDO LÓPEZ ALIAGA CAZORLA,19.887,1168783,16002918,ROBERTO HELBERT SANCHEZ PALOMINO,10,JUNTOS POR EL PERÚ,3.282,2.896,192914,07845838,RAFAEL BERNARDO LÓPEZ ALIAGA CAZORLA,35,RENOVACIÓN POPULAR,19.887,17.546,1168783,140000,2026-04-28T02:15:05.86438+00:00,6661432,5877247,-975869
89314,96.279,92766,2275651,2026-04-27T21:45:03.015483+00:00,1060,983859,0.148,KEIKO SOFIA FUJIMORI HIGUCHI,17.071,2762297,16002918,ROBERTO HELBERT SANCHEZ PALOMINO,10,JUNTOS POR EL PERÚ,12.041,10.022,1948363,07845838,RAFAEL BERNARDO LÓPEZ ALIAGA CAZORLA,35,RENOVACIÓN POPULAR,11.893,9.899,1924448,TOTAL,2026-04-28T02:45:02.704413+00:00,19440765,16181255,23915
86996,96.423,90223,2207848,2026-04-27T21:45:03.319539+00:00,1061,963235,0.554,KEIKO SOFIA FUJIMORI HIGUCHI,17.075,2714478,16002918,ROBERTO HELBERT SANCHEZ PALOMINO,10,JUNTOS POR EL PERÚ,12.21,10.179,1941023,07845838,RAFAEL BERNARDO LÓPEZ ALIAGA CAZORLA,35,RENOVACIÓN POPULAR,11.656,9.718,1853081,PERU,2026-04-28T02:45:02.70506+00:00,19068704,15897621,87942
28214,96.468,29247,536326,2026-04-27T21:45:05.721536+00:00,1062,248246,-16.601,RAFAEL BERNARDO LÓPEZ ALIAGA CAZORLA,19.884,1169033,16002918,ROBERTO HELBERT SANCHEZ PALOMINO,10,JUNTOS POR EL PERÚ,3.283,2.897,193036,07845838,RAFAEL BERNARDO LÓPEZ ALIAGA CAZORLA,35,RENOVACIÓN POPULAR,19.884,17.543,1169033,140000,2026-04-28T02:45:05.380485+00:00,6663885,5879313,-975997
89324,96.29,92766,2275651,2026-04-27T22:00:05.445252+00:00,1063,983859,0.148,KEIKO SOFIA FUJIMORI HIGUCHI,17.071,2762297,16002918,ROBERTO HELBERT SANCHEZ PALOMINO,10,JUNTOS POR EL PERÚ,12.041,10.022,1948363,07845838,RAFAEL BERNARDO LÓPEZ ALIAGA CAZORLA,35,RENOVACIÓN POPULAR,11.893,9.899,1924448,TOTAL,2026-04-28T03:00:04.969612+00:00,19440765,16181255,23915
89324,96.29,92766,2276106,2026-04-27T22:30:04.651841+00:00,1064,984050,0.151,KEIKO SOFIA FUJIMORI HIGUCHI,17.071,2762799,16002918,ROBERTO HELBERT SANCHEZ PALOMINO,10,JUNTOS POR EL PERÚ,12.043,10.023,1949004,07845838,RAFAEL BERNARDO LÓPEZ ALIAGA CAZORLA,35,RENOVACIÓN POPULAR,11.892,9.898,1924691,TOTAL,2026-04-28T03:30:03.910944+00:00,19444487,16184331,24313
87012,96.441,90223,2208303,2026-04-27T22:30:05.036222+00:00,1065,963426,0.555,KEIKO SOFIA FUJIMORI HIGUCHI,17.075,2714980,16002918,ROBERTO HELBERT SANCHEZ PALOMINO,10,JUNTOS POR EL PERÚ,12.211,10.18,1941664,07845838,RAFAEL BERNARDO LÓPEZ ALIAGA CAZORLA,35,RENOVACIÓN POPULAR,11.656,9.717,1853324,PERU,2026-04-28T03:30:03.953161+00:00,19072426,15900697,88340
3858,96.862,3983,95834,2026-04-27T22:30:06.322746+00:00,1066,47207,18.118,ROBERTO HELBERT SANCHEZ PALOMINO,22.856,154052,16002918,ROBERTO HELBERT SANCHEZ PALOMINO,10,JUNTOS POR EL PERÚ,22.856,18.855,154052,07845838,RAFAEL BERNARDO LÓPEZ ALIAGA CAZORLA,35,RENOVACIÓN POPULAR,4.738,3.909,31935,070000,2026-04-28T03:30:05.969356+00:00,817046,674005,122117
89340,96.307,92766,2276106,2026-04-27T22:45:03.816539+00:00,1067,984050,0.151,KEIKO SOFIA FUJIMORI HIGUCHI,17.071,2762799,16002918,ROBERTO HELBERT SANCHEZ PALOMINO,10,JUNTOS POR EL PERÚ,12.043,10.023,1949004,07845838,RAFAEL BERNARDO LÓPEZ ALIAGA CAZORLA,35,RENOVACIÓN POPULAR,11.892,9.898,1924691,TOTAL,2026-04-28T03:45:02.978374+00:00,19444487,16184331,24313
3863,96.987,3983,95834,2026-04-27T22:45:05.107331+00:00,1068,47207,18.118,ROBERTO HELBERT SANCHEZ PALOMINO,22.856,154052,16002918,ROBERTO HELBERT SANCHEZ PALOMINO,10,JUNTOS POR EL PERÚ,22.856,18.855,154052,07845838,RAFAEL BERNARDO LÓPEZ ALIAGA CAZORLA,35,RENOVACIÓN POPULAR,4.738,3.909,31935,070000,2026-04-28T03:45:04.72813+00:00,817046,674005,122117
3561,99.192,3590,99640,2026-04-27T22:45:06.065222+00:00,1069,49500,2.172,KEIKO SOFIA FUJIMORI HIGUCHI,26.421,174897,16002918,ROBERTO HELBERT SANCHEZ PALOMINO,10,JUNTOS POR EL PERÚ,10.746,8.77,71135,07845838,RAFAEL BERNARDO LÓPEZ ALIAGA CAZORLA,35,RENOVACIÓN POPULAR,8.574,6.997,56757,130000,2026-04-28T03:45:05.742254+00:00,811104,661964,14378
28224,96.502,29247,536625,2026-04-27T22:45:06.296734+00:00,1070,248373,-16.597,RAFAEL BERNARDO LÓPEZ ALIAGA CAZORLA,19.881,1169249,16002918,ROBERTO HELBERT SANCHEZ PALOMINO,10,JUNTOS POR EL PERÚ,3.284,2.897,193143,07845838,RAFAEL BERNARDO LÓPEZ ALIAGA CAZORLA,35,RENOVACIÓN POPULAR,19.881,17.54,1169249,140000,2026-04-28T03:45:05.794815+00:00,6666233,5881235,-976106
89340,96.307,92766,2276521,2026-04-27T23:15:02.851843+00:00,1071,984280,0.151,KEIKO SOFIA FUJIMORI HIGUCHI,17.072,2763449,16002918,ROBERTO HELBERT SANCHEZ PALOMINO,10,JUNTOS POR EL PERÚ,12.042,10.023,1949161,07845838,RAFAEL BERNARDO LÓPEZ ALIAGA CAZORLA,35,RENOVACIÓN POPULAR,11.891,9.898,1924840,TOTAL,2026-04-28T04:15:02.496598+00:00,19447527,16186726,24321
87025,96.455,90223,2208718,2026-04-27T23:15:03.140623+00:00,1072,963656,0.555,KEIKO SOFIA FUJIMORI HIGUCHI,17.076,2715630,16002918,ROBERTO HELBERT SANCHEZ PALOMINO,10,JUNTOS POR EL PERÚ,12.21,10.18,1941821,07845838,RAFAEL BERNARDO LÓPEZ ALIAGA CAZORLA,35,RENOVACIÓN POPULAR,11.655,9.717,1853473,PERU,2026-04-28T04:15:02.537287+00:00,19075466,15903092,88348
28227,96.512,29247,536625,2026-04-27T23:15:05.366573+00:00,1073,248373,-16.597,RAFAEL BERNARDO LÓPEZ ALIAGA CAZORLA,19.881,1169249,16002918,ROBERTO HELBERT SANCHEZ PALOMINO,10,JUNTOS POR EL PERÚ,3.284,2.897,193143,07845838,RAFAEL BERNARDO LÓPEZ ALIAGA CAZORLA,35,RENOVACIÓN POPULAR,19.881,17.54,1169249,140000,2026-04-28T04:15:04.933571+00:00,6666233,5881235,-976106
89353,96.321,92766,2276521,2026-04-27T23:30:04.594191+00:00,1074,984280,0.151,KEIKO SOFIA FUJIMORI HIGUCHI,17.072,2763449,16002918,ROBERTO HELBERT SANCHEZ PALOMINO,10,JUNTOS POR EL PERÚ,12.042,10.023,1949161,07845838,RAFAEL BERNARDO LÓPEZ ALIAGA CAZORLA,35,RENOVACIÓN POPULAR,11.891,9.898,1924840,TOTAL,2026-04-28T04:30:03.99429+00:00,19447527,16186726,24321
28227,96.512,29247,536697,2026-04-27T23:30:07.015934+00:00,1075,248423,-16.595,RAFAEL BERNARDO LÓPEZ ALIAGA CAZORLA,19.879,1169286,16002918,ROBERTO HELBERT SANCHEZ PALOMINO,10,JUNTOS POR EL PERÚ,3.284,2.898,193188,07845838,RAFAEL BERNARDO LÓPEZ ALIAGA CAZORLA,35,RENOVACIÓN POPULAR,19.879,17.538,1169286,140000,2026-04-28T04:30:06.557315+00:00,6666996,5881876,-976098
583,92.247,632,19837,2026-04-27T23:30:08.434477+00:00,1076,8439,0.938,KEIKO SOFIA FUJIMORI HIGUCHI,33.876,34687,16002918,ROBERTO HELBERT SANCHEZ PALOMINO,10,JUNTOS POR EL PERÚ,6.864,5.378,7028,07845838,RAFAEL BERNARDO LÓPEZ ALIAGA CAZORLA,35,RENOVACIÓN POPULAR,5.926,4.644,6068,230000,2026-04-28T04:30:08.001645+00:00,130670,102394,960
89353,96.321,92766,2276588,2026-04-28T00:15:03.424717+00:00,1077,984309,0.151,KEIKO SOFIA FUJIMORI HIGUCHI,17.073,2763665,16002918,ROBERTO HELBERT SANCHEZ PALOMINO,10,JUNTOS POR EL PERÚ,12.042,10.023,1949180,07845838,RAFAEL BERNARDO LÓPEZ ALIAGA CAZORLA,35,RENOVACIÓN POPULAR,11.891,9.897,1924857,TOTAL,2026-04-28T05:15:02.487443+00:00,19448031,16187134,24323
87027,96.458,90223,2208785,2026-04-28T00:15:03.873913+00:00,1078,963685,0.555,KEIKO SOFIA FUJIMORI HIGUCHI,17.077,2715846,16002918,ROBERTO HELBERT SANCHEZ PALOMINO,10,JUNTOS POR EL PERÚ,12.21,10.18,1941840,07845838,RAFAEL BERNARDO LÓPEZ ALIAGA CAZORLA,35,RENOVACIÓN POPULAR,11.655,9.716,1853490,PERU,2026-04-28T05:15:02.527932+00:00,19075970,15903500,88350
585,92.563,632,19904,2026-04-28T00:15:07.32858+00:00,1079,8468,0.936,KEIKO SOFIA FUJIMORI HIGUCHI,33.952,34903,16002918,ROBERTO HELBERT SANCHEZ PALOMINO,10,JUNTOS POR EL PERÚ,6.855,5.372,7047,07845838,RAFAEL BERNARDO LÓPEZ ALIAGA CAZORLA,35,RENOVACIÓN POPULAR,5.919,4.639,6085,230000,2026-04-28T05:15:07.027694+00:00,131174,102802,962
89355,96.323,92766,2276588,2026-04-28T00:30:04.690513+00:00,1080,984309,0.151,KEIKO SOFIA FUJIMORI HIGUCHI,17.073,2763665,16002918,ROBERTO HELBERT SANCHEZ PALOMINO,10,JUNTOS POR EL PERÚ,12.042,10.023,1949180,07845838,RAFAEL BERNARDO LÓPEZ ALIAGA CAZORLA,35,RENOVACIÓN POPULAR,11.891,9.897,1924857,TOTAL,2026-04-28T05:30:04.038593+00:00,19448031,16187134,24323
87027,96.458,90223,2209015,2026-04-28T09:00:05.245083+00:00,1081,963774,0.556,KEIKO SOFIA FUJIMORI HIGUCHI,17.078,2716282,16002918,ROBERTO HELBERT SANCHEZ PALOMINO,10,JUNTOS POR EL PERÚ,12.21,10.179,1941964,07845838,RAFAEL BERNARDO LÓPEZ ALIAGA CAZORLA,35,RENOVACIÓN POPULAR,11.654,9.716,1853631,PERU,2026-04-28T14:00:04.772329+00:00,19078090,15905301,88333
87036,96.468,90223,2209015,2026-04-28T09:15:03.721513+00:00,1082,963774,0.556,KEIKO SOFIA FUJIMORI HIGUCHI,17.078,2716282,16002918,ROBERTO HELBERT SANCHEZ PALOMINO,10,JUNTOS POR EL PERÚ,12.21,10.179,1941964,07845838,RAFAEL BERNARDO LÓPEZ ALIAGA CAZORLA,35,RENOVACIÓN POPULAR,11.654,9.716,1853631,PERU,2026-04-28T14:15:02.815813+00:00,19078090,15905301,88333
89355,96.323,92766,2276818,2026-04-28T09:15:04.111196+00:00,1083,984398,0.15,KEIKO SOFIA FUJIMORI HIGUCHI,17.074,2764101,16002918,ROBERTO HELBERT SANCHEZ PALOMINO,10,JUNTOS POR EL PERÚ,12.041,10.022,1949304,07845838,RAFAEL BERNARDO LÓPEZ ALIAGA CAZORLA,35,RENOVACIÓN POPULAR,11.891,9.897,1924998,TOTAL,2026-04-28T14:15:02.856619+00:00,19450151,16188935,24306
28236,96.543,29247,536927,2026-04-28T09:15:06.661565+00:00,1084,248512,-16.59,RAFAEL BERNARDO LÓPEZ ALIAGA CAZORLA,19.876,1169427,16002918,ROBERTO HELBERT SANCHEZ PALOMINO,10,JUNTOS POR EL PERÚ,3.286,2.899,193312,07845838,RAFAEL BERNARDO LÓPEZ ALIAGA CAZORLA,35,RENOVACIÓN POPULAR,19.876,17.535,1169427,140000,2026-04-28T14:15:06.196143+00:00,6669116,5883677,-976115
89364,96.333,92766,2276818,2026-04-28T09:30:05.025459+00:00,1085,984398,0.15,KEIKO SOFIA FUJIMORI HIGUCHI,17.074,2764101,16002918,ROBERTO HELBERT SANCHEZ PALOMINO,10,JUNTOS POR EL PERÚ,12.041,10.022,1949304,07845838,RAFAEL BERNARDO LÓPEZ ALIAGA CAZORLA,35,RENOVACIÓN POPULAR,11.891,9.897,1924998,TOTAL,2026-04-28T14:30:04.29337+00:00,19450151,16188935,24306
87046,96.479,90223,2209371,2026-04-28T10:00:05.514867+00:00,1086,963887,0.555,KEIKO SOFIA FUJIMORI HIGUCHI,17.079,2716782,16002918,ROBERTO HELBERT SANCHEZ PALOMINO,10,JUNTOS POR EL PERÚ,12.209,10.178,1942117,07845838,RAFAEL BERNARDO LÓPEZ ALIAGA CAZORLA,35,RENOVACIÓN POPULAR,11.654,9.716,1853777,PERU,2026-04-28T15:00:04.777415+00:00,19080584,15907326,88340
89374,96.343,92766,2277174,2026-04-28T10:00:05.945778+00:00,1087,984511,0.15,KEIKO SOFIA FUJIMORI HIGUCHI,17.075,2764601,16002918,ROBERTO HELBERT SANCHEZ PALOMINO,10,JUNTOS POR EL PERÚ,12.04,10.022,1949457,07845838,RAFAEL BERNARDO LÓPEZ ALIAGA CAZORLA,35,RENOVACIÓN POPULAR,11.89,9.897,1925144,TOTAL,2026-04-28T15:00:04.819474+00:00,19452645,16190960,24313
28246,96.577,29247,537283,2026-04-28T10:00:08.991553+00:00,1088,248625,-16.584,RAFAEL BERNARDO LÓPEZ ALIAGA CAZORLA,19.871,1169573,16002918,ROBERTO HELBERT SANCHEZ PALOMINO,10,JUNTOS POR EL PERÚ,3.287,2.9,193465,07845838,RAFAEL BERNARDO LÓPEZ ALIAGA CAZORLA,35,RENOVACIÓN POPULAR,19.871,17.531,1169573,140000,2026-04-28T15:00:08.28126+00:00,6671610,5885702,-976108
87046,96.479,90223,2209689,2026-04-28T10:30:04.640435+00:00,1089,964081,0.556,KEIKO SOFIA FUJIMORI HIGUCHI,17.079,2717069,16002918,ROBERTO HELBERT SANCHEZ PALOMINO,10,JUNTOS POR EL PERÚ,12.209,10.179,1942367,07845838,RAFAEL BERNARDO LÓPEZ ALIAGA CAZORLA,35,RENOVACIÓN POPULAR,11.653,9.715,1853935,PERU,2026-04-28T15:30:03.934367+00:00,19082739,15908969,88432
89374,96.343,92766,2277492,2026-04-28T10:30:04.886113+00:00,1090,984705,0.151,KEIKO SOFIA FUJIMORI HIGUCHI,17.075,2764888,16002918,ROBERTO HELBERT SANCHEZ PALOMINO,10,JUNTOS POR EL PERÚ,12.041,10.022,1949707,07845838,RAFAEL BERNARDO LÓPEZ ALIAGA CAZORLA,35,RENOVACIÓN POPULAR,11.89,9.896,1925302,TOTAL,2026-04-28T15:30:03.976335+00:00,19454800,16192603,24405
28246,96.577,29247,537388,2026-04-28T10:30:07.331112+00:00,1091,248693,-16.584,RAFAEL BERNARDO LÓPEZ ALIAGA CAZORLA,19.871,1169687,16002918,ROBERTO HELBERT SANCHEZ PALOMINO,10,JUNTOS POR EL PERÚ,3.287,2.9,193497,07845838,RAFAEL BERNARDO LÓPEZ ALIAGA CAZORLA,35,RENOVACIÓN POPULAR,19.871,17.53,1169687,140000,2026-04-28T15:30:06.830382+00:00,6672567,5886486,-976190
89384,96.354,92766,2277492,2026-04-28T10:45:03.024919+00:00,1092,984705,0.151,KEIKO SOFIA FUJIMORI HIGUCHI,17.075,2764888,16002918,ROBERTO HELBERT SANCHEZ PALOMINO,10,JUNTOS POR EL PERÚ,12.041,10.022,1949707,07845838,RAFAEL BERNARDO LÓPEZ ALIAGA CAZORLA,35,RENOVACIÓN POPULAR,11.89,9.896,1925302,TOTAL,2026-04-28T15:45:02.68953+00:00,19454800,16192603,24405
87056,96.49,90223,2209689,2026-04-28T10:45:03.452928+00:00,1093,964081,0.556,KEIKO SOFIA FUJIMORI HIGUCHI,17.079,2717069,16002918,ROBERTO HELBERT SANCHEZ PALOMINO,10,JUNTOS POR EL PERÚ,12.209,10.179,1942367,07845838,RAFAEL BERNARDO LÓPEZ ALIAGA CAZORLA,35,RENOVACIÓN POPULAR,11.653,9.715,1853935,PERU,2026-04-28T15:45:02.690942+00:00,19082739,15908969,88432
1295,98.33,1317,39148,2026-04-28T10:45:04.222433+00:00,1094,14317,37.818,ROBERTO HELBERT SANCHEZ PALOMINO,40.976,81091,16002918,ROBERTO HELBERT SANCHEZ PALOMINO,10,JUNTOS POR EL PERÚ,40.976,32.26,81091,07845838,RAFAEL BERNARDO LÓPEZ ALIAGA CAZORLA,35,RENOVACIÓN POPULAR,3.158,2.486,6250,030000,2026-04-28T15:45:03.822338+00:00,251364,197899,74841
28250,96.591,29247,537388,2026-04-28T10:45:06.193527+00:00,1095,248693,-16.584,RAFAEL BERNARDO LÓPEZ ALIAGA CAZORLA,19.871,1169687,16002918,ROBERTO HELBERT SANCHEZ PALOMINO,10,JUNTOS POR EL PERÚ,3.287,2.9,193497,07845838,RAFAEL BERNARDO LÓPEZ ALIAGA CAZORLA,35,RENOVACIÓN POPULAR,19.871,17.53,1169687,140000,2026-04-28T15:45:05.801341+00:00,6672567,5886486,-976190
89385,96.355,92766,2277539,2026-04-28T11:30:04.30072+00:00,1096,984726,0.151,KEIKO SOFIA FUJIMORI HIGUCHI,17.075,2764912,16002918,ROBERTO HELBERT SANCHEZ PALOMINO,10,JUNTOS POR EL PERÚ,12.041,10.022,1949735,07845838,RAFAEL BERNARDO LÓPEZ ALIAGA CAZORLA,35,RENOVACIÓN POPULAR,11.89,9.896,1925314,TOTAL,2026-04-28T16:30:03.755225+00:00,19455037,16192772,24421
87057,96.491,90223,2209736,2026-04-28T11:30:04.713014+00:00,1097,964102,0.556,KEIKO SOFIA FUJIMORI HIGUCHI,17.079,2717093,16002918,ROBERTO HELBERT SANCHEZ PALOMINO,10,JUNTOS POR EL PERÚ,12.209,10.179,1942395,07845838,RAFAEL BERNARDO LÓPEZ ALIAGA CAZORLA,35,RENOVACIÓN POPULAR,11.653,9.715,1853947,PERU,2026-04-28T16:30:03.79691+00:00,19082976,15909138,88448
484,95.464,507,17541,2026-04-28T11:30:07.506151+00:00,1098,4812,19.914,ROBERTO HELBERT SANCHEZ PALOMINO,23.308,17997,16002918,ROBERTO HELBERT SANCHEZ PALOMINO,10,JUNTOS POR EL PERÚ,23.308,18.075,17997,07845838,RAFAEL BERNARDO LÓPEZ ALIAGA CAZORLA,35,RENOVACIÓN POPULAR,3.394,2.632,2621,160000,2026-04-28T16:30:06.81115+00:00,99568,77215,15376
87058,96.492,90223,2209760,2026-04-28T12:15:03.590164+00:00,1099,964123,0.556,KEIKO SOFIA FUJIMORI HIGUCHI,17.079,2717132,16002918,ROBERTO HELBERT SANCHEZ PALOMINO,10,JUNTOS POR EL PERÚ,12.209,10.179,1942398,07845838,RAFAEL BERNARDO LÓPEZ ALIAGA CAZORLA,35,RENOVACIÓN POPULAR,11.653,9.715,1853956,PERU,2026-04-28T17:15:02.945399+00:00,19083210,15909327,88442
89385,96.355,92766,2277563,2026-04-28T12:15:14.379545+00:00,1100,984747,0.151,KEIKO SOFIA FUJIMORI HIGUCHI,17.075,2764951,16002918,ROBERTO HELBERT SANCHEZ PALOMINO,10,JUNTOS POR EL PERÚ,12.041,10.022,1949738,07845838,RAFAEL BERNARDO LÓPEZ ALIAGA CAZORLA,35,RENOVACIÓN POPULAR,11.89,9.896,1925323,TOTAL,2026-04-28T17:15:02.946819+00:00,19455271,16192961,24415
5204,98.152,5302,155977,2026-04-28T12:15:16.588863+00:00,1101,72524,1.166,KEIKO SOFIA FUJIMORI HIGUCHI,20.226,185586,16002918,ROBERTO HELBERT SANCHEZ PALOMINO,10,JUNTOS POR EL PERÚ,9.393,7.52,86183,07845838,RAFAEL BERNARDO LÓPEZ ALIAGA CAZORLA,35,RENOVACIÓN POPULAR,8.227,6.587,75490,120000,2026-04-28T17:15:16.175758+00:00,1146050,917549,10693
89386,96.356,92766,2277563,2026-04-28T12:30:05.047203+00:00,1102,984747,0.151,KEIKO SOFIA FUJIMORI HIGUCHI,17.075,2764951,16002918,ROBERTO HELBERT SANCHEZ PALOMINO,10,JUNTOS POR EL PERÚ,12.041,10.022,1949738,07845838,RAFAEL BERNARDO LÓPEZ ALIAGA CAZORLA,35,RENOVACIÓN POPULAR,11.89,9.896,1925323,TOTAL,2026-04-28T17:30:03.951416+00:00,19455271,16192961,24415
87059,96.493,90223,2209789,2026-04-28T13:45:03.338367+00:00,1103,964153,0.556,KEIKO SOFIA FUJIMORI HIGUCHI,17.079,2717159,16002918,ROBERTO HELBERT SANCHEZ PALOMINO,10,JUNTOS POR EL PERÚ,12.209,10.179,1942412,07845838,RAFAEL BERNARDO LÓPEZ ALIAGA CAZORLA,35,RENOVACIÓN POPULAR,11.653,9.715,1853969,PERU,2026-04-28T18:45:02.677536+00:00,19083464,15909522,88443
89386,96.356,92766,2277592,2026-04-28T13:45:03.764299+00:00,1104,984777,0.151,KEIKO SOFIA FUJIMORI HIGUCHI,17.075,2764978,16002918,ROBERTO HELBERT SANCHEZ PALOMINO,10,JUNTOS POR EL PERÚ,12.041,10.022,1949752,07845838,RAFAEL BERNARDO LÓPEZ ALIAGA CAZORLA,35,RENOVACIÓN POPULAR,11.89,9.896,1925336,TOTAL,2026-04-28T18:45:02.718277+00:00,19455525,16193156,24416
3594,97.372,3691,104141,2026-04-28T13:45:06.177568+00:00,1105,40864,4.646,KEIKO SOFIA FUJIMORI HIGUCHI,17.015,105514,16002918,ROBERTO HELBERT SANCHEZ PALOMINO,10,JUNTOS POR EL PERÚ,12.248,9.927,75956,07845838,RAFAEL BERNARDO LÓPEZ ALIAGA CAZORLA,35,RENOVACIÓN POPULAR,7.602,6.162,47145,110000,2026-04-28T18:45:05.602685+00:00,765130,620125,28811
89387,96.358,92766,2277592,2026-04-28T14:00:05.424861+00:00,1106,984777,0.151,KEIKO SOFIA FUJIMORI HIGUCHI,17.075,2764978,16002918,ROBERTO HELBERT SANCHEZ PALOMINO,10,JUNTOS POR EL PERÚ,12.041,10.022,1949752,07845838,RAFAEL BERNARDO LÓPEZ ALIAGA CAZORLA,35,RENOVACIÓN POPULAR,11.89,9.896,1925336,TOTAL,2026-04-28T19:00:04.633047+00:00,19455525,16193156,24416
89387,96.358,92766,2278142,2026-04-28T16:00:05.64736+00:00,1107,985067,0.15,KEIKO SOFIA FUJIMORI HIGUCHI,17.074,2765560,16002918,ROBERTO HELBERT SANCHEZ PALOMINO,10,JUNTOS POR EL PERÚ,12.039,10.021,1950039,07845838,RAFAEL BERNARDO LÓPEZ ALIAGA CAZORLA,35,RENOVACIÓN POPULAR,11.889,9.895,1925677,TOTAL,2026-04-28T21:00:04.920017+00:00,19460247,16197038,24362
87059,96.493,90223,2210202,2026-04-28T16:00:06.161506+00:00,1108,964430,0.556,KEIKO SOFIA FUJIMORI HIGUCHI,17.078,2717677,16002918,ROBERTO HELBERT SANCHEZ PALOMINO,10,JUNTOS POR EL PERÚ,12.208,10.178,1942681,07845838,RAFAEL BERNARDO LÓPEZ ALIAGA CAZORLA,35,RENOVACIÓN POPULAR,11.652,9.714,1854264,PERU,2026-04-28T21:00:04.921432+00:00,19087755,15913123,88417
2328,91.545,2543,67940,2026-04-28T16:00:06.410936+00:00,1109,20637,-22.561,RAFAEL BERNARDO LÓPEZ ALIAGA CAZORLA,25.153,71413,16002918,ROBERTO HELBERT SANCHEZ PALOMINO,10,JUNTOS POR EL PERÚ,2.592,1.975,7358,07845838,RAFAEL BERNARDO LÓPEZ ALIAGA CAZORLA,35,RENOVACIÓN POPULAR,25.153,19.172,71413,EXTRANJERO,2026-04-28T21:00:05.791001+00:00,372492,283915,-64055
89408,96.38,92766,2278142,2026-04-28T16:15:03.531871+00:00,1110,985067,0.15,KEIKO SOFIA FUJIMORI HIGUCHI,17.074,2765560,16002918,ROBERTO HELBERT SANCHEZ PALOMINO,10,JUNTOS POR EL PERÚ,12.039,10.021,1950039,07845838,RAFAEL BERNARDO LÓPEZ ALIAGA CAZORLA,35,RENOVACIÓN POPULAR,11.889,9.895,1925677,TOTAL,2026-04-28T21:15:02.721124+00:00,19460247,16197038,24362
87078,96.514,90223,2210202,2026-04-28T16:15:03.791366+00:00,1111,964430,0.556,KEIKO SOFIA FUJIMORI HIGUCHI,17.078,2717677,16002918,ROBERTO HELBERT SANCHEZ PALOMINO,10,JUNTOS POR EL PERÚ,12.208,10.178,1942681,07845838,RAFAEL BERNARDO LÓPEZ ALIAGA CAZORLA,35,RENOVACIÓN POPULAR,11.652,9.714,1854264,PERU,2026-04-28T21:15:02.762493+00:00,19087755,15913123,88417
2330,91.624,2543,67940,2026-04-28T16:15:04.115669+00:00,1112,20637,-22.561,RAFAEL BERNARDO LÓPEZ ALIAGA CAZORLA,25.153,71413,16002918,ROBERTO HELBERT SANCHEZ PALOMINO,10,JUNTOS POR EL PERÚ,2.592,1.975,7358,07845838,RAFAEL BERNARDO LÓPEZ ALIAGA CAZORLA,35,RENOVACIÓN POPULAR,25.153,19.172,71413,EXTRANJERO,2026-04-28T21:15:02.818481+00:00,372492,283915,-64055
3613,97.887,3691,104554,2026-04-28T16:15:05.79962+00:00,1113,41141,4.615,KEIKO SOFIA FUJIMORI HIGUCHI,17.0,106032,16002918,ROBERTO HELBERT SANCHEZ PALOMINO,10,JUNTOS POR EL PERÚ,12.221,9.907,76225,07845838,RAFAEL BERNARDO LÓPEZ ALIAGA CAZORLA,35,RENOVACIÓN POPULAR,7.606,6.166,47440,110000,2026-04-28T21:15:05.395864+00:00,769421,623726,28785
87095,96.533,90223,2210610,2026-04-28T17:00:05.23283+00:00,1114,964627,0.553,KEIKO SOFIA FUJIMORI HIGUCHI,17.078,2718190,16002918,ROBERTO HELBERT SANCHEZ PALOMINO,10,JUNTOS POR EL PERÚ,12.207,10.177,1942889,07845838,RAFAEL BERNARDO LÓPEZ ALIAGA CAZORLA,35,RENOVACIÓN POPULAR,11.654,9.715,1854834,PERU,2026-04-28T22:00:04.787033+00:00,19091527,15916290,88055
89429,96.403,92766,2278704,2026-04-28T17:00:05.60053+00:00,1115,985320,0.147,KEIKO SOFIA FUJIMORI HIGUCHI,17.074,2766154,16002918,ROBERTO HELBERT SANCHEZ PALOMINO,10,JUNTOS POR EL PERÚ,12.038,10.019,1950256,07845838,RAFAEL BERNARDO LÓPEZ ALIAGA CAZORLA,35,RENOVACIÓN POPULAR,11.891,9.897,1926360,TOTAL,2026-04-28T22:00:04.82882+00:00,19464692,16200668,23896
2334,91.781,2543,68094,2026-04-28T17:00:05.865278+00:00,1116,20693,-22.561,RAFAEL BERNARDO LÓPEZ ALIAGA CAZORLA,25.152,71526,16002918,ROBERTO HELBERT SANCHEZ PALOMINO,10,JUNTOS POR EL PERÚ,2.591,1.974,7367,07845838,RAFAEL BERNARDO LÓPEZ ALIAGA CAZORLA,35,RENOVACIÓN POPULAR,25.152,19.167,71526,EXTRANJERO,2026-04-28T22:00:04.886418+00:00,373165,284378,-64159
3375,97.206,3472,101435,2026-04-28T17:00:06.375244+00:00,1117,48465,8.828,KEIKO SOFIA FUJIMORI HIGUCHI,17.982,95156,16002918,ROBERTO HELBERT SANCHEZ PALOMINO,10,JUNTOS POR EL PERÚ,14.872,11.589,78696,07845838,RAFAEL BERNARDO LÓPEZ ALIAGA CAZORLA,35,RENOVACIÓN POPULAR,6.044,4.71,31981,020000,2026-04-28T22:00:05.98643+00:00,679060,529160,46715
3621,98.103,3691,104756,2026-04-28T17:00:07.909623+00:00,1118,41218,4.611,KEIKO SOFIA FUJIMORI HIGUCHI,16.994,106235,16002918,ROBERTO HELBERT SANCHEZ PALOMINO,10,JUNTOS POR EL PERÚ,12.217,9.904,76375,07845838,RAFAEL BERNARDO LÓPEZ ALIAGA CAZORLA,35,RENOVACIÓN POPULAR,7.606,6.166,47547,110000,2026-04-28T22:00:07.430812+00:00,771118,625144,28828
28258,96.618,29247,537534,2026-04-28T17:00:08.48447+00:00,1119,248789,-16.586,RAFAEL BERNARDO LÓPEZ ALIAGA CAZORLA,19.873,1170150,16002918,ROBERTO HELBERT SANCHEZ PALOMINO,10,JUNTOS POR EL PERÚ,3.287,2.899,193515,07845838,RAFAEL BERNARDO LÓPEZ ALIAGA CAZORLA,35,RENOVACIÓN POPULAR,19.873,17.532,1170150,140000,2026-04-28T22:00:08.054746+00:00,6674459,5888136,-976635
89461,96.437,92766,2279681,2026-04-28T18:00:05.436704+00:00,1120,985869,0.152,KEIKO SOFIA FUJIMORI HIGUCHI,17.074,2766867,16002918,ROBERTO HELBERT SANCHEZ PALOMINO,10,JUNTOS POR EL PERÚ,12.041,10.022,1951392,07845838,RAFAEL BERNARDO LÓPEZ ALIAGA CAZORLA,35,RENOVACIÓN POPULAR,11.889,9.895,1926685,TOTAL,2026-04-28T23:00:04.965987+00:00,19471138,16205588,24707
87095,96.533,90223,2211587,2026-04-28T18:00:05.862344+00:00,1121,965176,0.558,KEIKO SOFIA FUJIMORI HIGUCHI,17.077,2718903,16002918,ROBERTO HELBERT SANCHEZ PALOMINO,10,JUNTOS POR EL PERÚ,12.21,10.179,1944025,07845838,RAFAEL BERNARDO LÓPEZ ALIAGA CAZORLA,35,RENOVACIÓN POPULAR,11.652,9.714,1855159,PERU,2026-04-28T23:00:04.967373+00:00,19097973,15921210,88866
1238,96.87,1278,35277,2026-04-28T18:00:06.254283+00:00,1122,14757,32.65,ROBERTO HELBERT SANCHEZ PALOMINO,36.34,57999,16002918,ROBERTO HELBERT SANCHEZ PALOMINO,10,JUNTOS POR EL PERÚ,36.34,27.667,57999,07845838,RAFAEL BERNARDO LÓPEZ ALIAGA CAZORLA,35,RENOVACIÓN POPULAR,3.69,2.81,5890,010000,2026-04-28T23:00:05.56506+00:00,209633,159599,52109
3375,97.206,3472,101808,2026-04-28T18:00:06.528688+00:00,1123,48606,8.899,KEIKO SOFIA FUJIMORI HIGUCHI,17.967,95266,16002918,ROBERTO HELBERT SANCHEZ PALOMINO,10,JUNTOS POR EL PERÚ,14.935,11.635,79190,07845838,RAFAEL BERNARDO LÓPEZ ALIAGA CAZORLA,35,RENOVACIÓN POPULAR,6.036,4.702,32007,020000,2026-04-28T23:00:05.934953+00:00,680642,530228,47183
4183,99.241,4215,74409,2026-04-28T18:00:06.983488+00:00,1124,38589,-0.524,JORGE NIETO MONTESINOS,18.654,163160,16002918,ROBERTO HELBERT SANCHEZ PALOMINO,10,JUNTOS POR EL PERÚ,10.073,8.921,88107,07845838,RAFAEL BERNARDO LÓPEZ ALIAGA CAZORLA,35,RENOVACIÓN POPULAR,10.597,9.385,92691,040000,2026-04-28T23:00:06.648247+00:00,987656,874658,-4584
5204,98.152,5302,156119,2026-04-28T18:00:08.424835+00:00,1125,72606,1.169,KEIKO SOFIA FUJIMORI HIGUCHI,20.225,185759,16002918,ROBERTO HELBERT SANCHEZ PALOMINO,10,JUNTOS POR EL PERÚ,9.394,7.521,86280,07845838,RAFAEL BERNARDO LÓPEZ ALIAGA CAZORLA,35,RENOVACIÓN POPULAR,8.225,6.585,75538,120000,2026-04-28T23:00:07.93427+00:00,1147168,918443,10742
87127,96.569,90223,2211587,2026-04-28T18:15:03.914496+00:00,1126,965176,0.558,KEIKO SOFIA FUJIMORI HIGUCHI,17.077,2718903,16002918,ROBERTO HELBERT SANCHEZ PALOMINO,10,JUNTOS POR EL PERÚ,12.21,10.179,1944025,07845838,RAFAEL BERNARDO LÓPEZ ALIAGA CAZORLA,35,RENOVACIÓN POPULAR,11.652,9.714,1855159,PERU,2026-04-28T23:15:02.855604+00:00,19097973,15921210,88866
1247,97.574,1278,35277,2026-04-28T18:15:04.41948+00:00,1127,14757,32.65,ROBERTO HELBERT SANCHEZ PALOMINO,36.34,57999,16002918,ROBERTO HELBERT SANCHEZ PALOMINO,10,JUNTOS POR EL PERÚ,36.34,27.667,57999,07845838,RAFAEL BERNARDO LÓPEZ ALIAGA CAZORLA,35,RENOVACIÓN POPULAR,3.69,2.81,5890,010000,2026-04-28T23:15:03.697718+00:00,209633,159599,52109
3385,97.494,3472,101808,2026-04-28T18:15:04.633269+00:00,1128,48606,8.899,KEIKO SOFIA FUJIMORI HIGUCHI,17.967,95266,16002918,ROBERTO HELBERT SANCHEZ PALOMINO,10,JUNTOS POR EL PERÚ,14.935,11.635,79190,07845838,RAFAEL BERNARDO LÓPEZ ALIAGA CAZORLA,35,RENOVACIÓN POPULAR,6.036,4.702,32007,020000,2026-04-28T23:15:04.029998+00:00,680642,530228,47183
4187,99.336,4215,74409,2026-04-28T18:15:05.119272+00:00,1129,38589,-0.524,JORGE NIETO MONTESINOS,18.654,163160,16002918,ROBERTO HELBERT SANCHEZ PALOMINO,10,JUNTOS POR EL PERÚ,10.073,8.921,88107,07845838,RAFAEL BERNARDO LÓPEZ ALIAGA CAZORLA,35,RENOVACIÓN POPULAR,10.597,9.385,92691,040000,2026-04-28T23:15:04.725437+00:00,987656,874658,-4584
5209,98.246,5302,156119,2026-04-28T18:15:06.521462+00:00,1130,72606,1.169,KEIKO SOFIA FUJIMORI HIGUCHI,20.225,185759,16002918,ROBERTO HELBERT SANCHEZ PALOMINO,10,JUNTOS POR EL PERÚ,9.394,7.521,86280,07845838,RAFAEL BERNARDO LÓPEZ ALIAGA CAZORLA,35,RENOVACIÓN POPULAR,8.225,6.585,75538,120000,2026-04-28T23:15:06.012619+00:00,1147168,918443,10742
28262,96.632,29247,537647,2026-04-28T18:15:06.936826+00:00,1131,248883,-16.584,RAFAEL BERNARDO LÓPEZ ALIAGA CAZORLA,19.872,1170220,16002918,ROBERTO HELBERT SANCHEZ PALOMINO,10,JUNTOS POR EL PERÚ,3.288,2.901,193640,07845838,RAFAEL BERNARDO LÓPEZ ALIAGA CAZORLA,35,RENOVACIÓN POPULAR,19.872,17.53,1170220,140000,2026-04-28T23:15:06.327116+00:00,6675371,5888841,-976580
89517,96.498,92766,2280984,2026-04-28T19:00:05.888795+00:00,1132,986590,0.152,KEIKO SOFIA FUJIMORI HIGUCHI,17.075,2768906,16002918,ROBERTO HELBERT SANCHEZ PALOMINO,10,JUNTOS POR EL PERÚ,12.04,10.021,1952353,07845838,RAFAEL BERNARDO LÓPEZ ALIAGA CAZORLA,35,RENOVACIÓN POPULAR,11.888,9.895,1927779,TOTAL,2026-04-29T00:00:05.07649+00:00,19483339,16215765,24574
87183,96.631,90223,2212890,2026-04-28T19:00:06.235847+00:00,1133,965897,0.557,KEIKO SOFIA FUJIMORI HIGUCHI,17.079,2720942,16002918,ROBERTO HELBERT SANCHEZ PALOMINO,10,JUNTOS POR EL PERÚ,12.209,10.178,1944986,07845838,RAFAEL BERNARDO LÓPEZ ALIAGA CAZORLA,35,RENOVACIÓN POPULAR,11.652,9.713,1856253,PERU,2026-04-29T00:00:05.118102+00:00,19110174,15931387,88733
1255,98.2,1278,35486,2026-04-28T19:00:06.650838+00:00,1134,14895,32.575,ROBERTO HELBERT SANCHEZ PALOMINO,36.272,58213,16002918,ROBERTO HELBERT SANCHEZ PALOMINO,10,JUNTOS POR EL PERÚ,36.272,27.606,58213,07845838,RAFAEL BERNARDO LÓPEZ ALIAGA CAZORLA,35,RENOVACIÓN POPULAR,3.697,2.814,5933,010000,2026-04-29T00:00:06.047094+00:00,210871,160490,52280
1220,95.837,1273,31445,2026-04-28T19:00:07.881477+00:00,1135,11346,40.99,ROBERTO HELBERT SANCHEZ PALOMINO,43.333,71971,16002918,ROBERTO HELBERT SANCHEZ PALOMINO,10,JUNTOS POR EL PERÚ,43.333,34.456,71971,07845838,RAFAEL BERNARDO LÓPEZ ALIAGA CAZORLA,35,RENOVACIÓN POPULAR,2.343,1.863,3892,080000,2026-04-29T00:00:07.444135+00:00,208881,166090,68079
3623,98.158,3691,104805,2026-04-28T19:00:08.545952+00:00,1136,41249,4.609,KEIKO SOFIA FUJIMORI HIGUCHI,16.993,106300,16002918,ROBERTO HELBERT SANCHEZ PALOMINO,10,JUNTOS POR EL PERÚ,12.216,9.904,76420,07845838,RAFAEL BERNARDO LÓPEZ ALIAGA CAZORLA,35,RENOVACIÓN POPULAR,7.607,6.167,47583,110000,2026-04-29T00:00:08.061137+00:00,771607,625553,28837
28290,96.728,29247,538260,2026-04-28T19:00:09.214799+00:00,1137,249213,-16.578,RAFAEL BERNARDO LÓPEZ ALIAGA CAZORLA,19.866,1171034,16002918,ROBERTO HELBERT SANCHEZ PALOMINO,10,JUNTOS POR EL PERÚ,3.288,2.9,193801,07845838,RAFAEL BERNARDO LÓPEZ ALIAGA CAZORLA,35,RENOVACIÓN POPULAR,19.866,17.525,1171034,140000,2026-04-29T00:00:08.818164+00:00,6682232,5894759,-977233
4973,94.168,5281,171726,2026-04-28T19:00:10.207119+00:00,1138,78138,4.587,KEIKO SOFIA FUJIMORI HIGUCHI,27.907,232094,16002918,ROBERTO HELBERT SANCHEZ PALOMINO,10,JUNTOS POR EL PERÚ,11.346,8.724,94357,07845838,RAFAEL BERNARDO LÓPEZ ALIAGA CAZORLA,35,RENOVACIÓN POPULAR,6.759,5.198,56213,190000,2026-04-29T00:00:09.685645+00:00,1081519,831655,38144
2797,96.515,2898,60242,2026-04-28T19:00:11.074437+00:00,1139,28323,-11.957,KEIKO SOFIA FUJIMORI HIGUCHI,20.692,115683,16002918,ROBERTO HELBERT SANCHEZ PALOMINO,10,JUNTOS POR EL PERÚ,3.017,2.605,16869,07845838,RAFAEL BERNARDO LÓPEZ ALIAGA CAZORLA,35,RENOVACIÓN POPULAR,14.974,12.926,83713,240000,2026-04-29T00:00:10.494673+00:00,647637,559072,-66844
87183,96.631,90223,2214119,2026-04-28T19:30:04.620102+00:00,1140,966556,0.558,KEIKO SOFIA FUJIMORI HIGUCHI,17.082,2722585,16002918,ROBERTO HELBERT SANCHEZ PALOMINO,10,JUNTOS POR EL PERÚ,12.208,10.177,1945695,07845838,RAFAEL BERNARDO LÓPEZ ALIAGA CAZORLA,35,RENOVACIÓN POPULAR,11.65,9.712,1856783,PERU,2026-04-29T00:30:04.207448+00:00,19118723,15938048,88912
89555,96.539,92766,2282213,2026-04-28T19:45:03.70892+00:00,1141,987249,0.152,KEIKO SOFIA FUJIMORI HIGUCHI,17.079,2770549,16002918,ROBERTO HELBERT SANCHEZ PALOMINO,10,JUNTOS POR EL PERÚ,12.039,10.02,1953062,07845838,RAFAEL BERNARDO LÓPEZ ALIAGA CAZORLA,35,RENOVACIÓN POPULAR,11.887,9.893,1928309,TOTAL,2026-04-29T00:45:02.752927+00:00,19491888,16222426,24753
87221,96.673,90223,2214119,2026-04-28T19:45:04.111584+00:00,1142,966556,0.558,KEIKO SOFIA FUJIMORI HIGUCHI,17.082,2722585,16002918,ROBERTO HELBERT SANCHEZ PALOMINO,10,JUNTOS POR EL PERÚ,12.208,10.177,1945695,07845838,RAFAEL BERNARDO LÓPEZ ALIAGA CAZORLA,35,RENOVACIÓN POPULAR,11.65,9.712,1856783,PERU,2026-04-29T00:45:02.794707+00:00,19118723,15938048,88912
1225,96.229,1273,31594,2026-04-28T19:45:05.63476+00:00,1143,11398,41.02,ROBERTO HELBERT SANCHEZ PALOMINO,43.361,72292,16002918,ROBERTO HELBERT SANCHEZ PALOMINO,10,JUNTOS POR EL PERÚ,43.361,34.472,72292,07845838,RAFAEL BERNARDO LÓPEZ ALIAGA CAZORLA,35,RENOVACIÓN POPULAR,2.341,1.861,3903,080000,2026-04-29T00:45:05.256217+00:00,209713,166721,68389
2332,95.456,2443,68148,2026-04-28T19:45:06.079385+00:00,1144,27550,-1.677,KEIKO SOFIA FUJIMORI HIGUCHI,20.301,93591,16002918,ROBERTO HELBERT SANCHEZ PALOMINO,10,JUNTOS POR EL PERÚ,7.727,6.398,35621,07845838,RAFAEL BERNARDO LÓPEZ ALIAGA CAZORLA,35,RENOVACIÓN POPULAR,9.404,7.787,43354,100000,2026-04-29T00:45:05.47799+00:00,556718,461020,-7733
28298,96.755,29247,538432,2026-04-28T19:45:06.88222+00:00,1145,249285,-16.576,RAFAEL BERNARDO LÓPEZ ALIAGA CAZORLA,19.864,1171242,16002918,ROBERTO HELBERT SANCHEZ PALOMINO,10,JUNTOS POR EL PERÚ,3.288,2.9,193860,07845838,RAFAEL BERNARDO LÓPEZ ALIAGA CAZORLA,35,RENOVACIÓN POPULAR,19.864,17.523,1171242,140000,2026-04-29T00:45:06.538337+00:00,6684116,5896399,-977382
4996,94.603,5281,172590,2026-04-28T19:45:07.894954+00:00,1146,78649,4.566,KEIKO SOFIA FUJIMORI HIGUCHI,27.914,233262,16002918,ROBERTO HELBERT SANCHEZ PALOMINO,10,JUNTOS POR EL PERÚ,11.326,8.708,94644,07845838,RAFAEL BERNARDO LÓPEZ ALIAGA CAZORLA,35,RENOVACIÓN POPULAR,6.76,5.197,56487,190000,2026-04-29T00:45:07.492302+00:00,1086897,835658,38157
87265,96.721,90223,2215528,2026-04-28T20:45:03.729507+00:00,1147,967229,0.56,KEIKO SOFIA FUJIMORI HIGUCHI,17.086,2724587,16002918,ROBERTO HELBERT SANCHEZ PALOMINO,10,JUNTOS POR EL PERÚ,12.207,10.176,1946456,07845838,RAFAEL BERNARDO LÓPEZ ALIAGA CAZORLA,35,RENOVACIÓN POPULAR,11.647,9.709,1857248,PERU,2026-04-29T01:45:02.809749+00:00,19128715,15945958,89208
89599,96.586,92766,2283622,2026-04-28T20:45:04.102346+00:00,1148,987922,0.154,KEIKO SOFIA FUJIMORI HIGUCHI,17.083,2772551,16002918,ROBERTO HELBERT SANCHEZ PALOMINO,10,JUNTOS POR EL PERÚ,12.038,10.019,1953823,07845838,RAFAEL BERNARDO LÓPEZ ALIAGA CAZORLA,35,RENOVACIÓN POPULAR,11.884,9.89,1928774,TOTAL,2026-04-29T01:45:02.851163+00:00,19501880,16230336,25049
2340,95.784,2443,68335,2026-04-28T20:45:05.963008+00:00,1149,27632,-1.685,KEIKO SOFIA FUJIMORI HIGUCHI,20.292,93864,16002918,ROBERTO HELBERT SANCHEZ PALOMINO,10,JUNTOS POR EL PERÚ,7.727,6.399,35742,07845838,RAFAEL BERNARDO LÓPEZ ALIAGA CAZORLA,35,RENOVACIÓN POPULAR,9.412,7.795,43537,100000,2026-04-29T01:45:05.594133+00:00,558530,462563,-7795
5216,98.378,5302,156370,2026-04-28T20:45:06.476759+00:00,1150,72699,1.179,KEIKO SOFIA FUJIMORI HIGUCHI,20.229,186056,16002918,ROBERTO HELBERT SANCHEZ PALOMINO,10,JUNTOS POR EL PERÚ,9.396,7.523,86423,07845838,RAFAEL BERNARDO LÓPEZ ALIAGA CAZORLA,35,RENOVACIÓN POPULAR,8.217,6.578,75576,120000,2026-04-29T01:45:05.810201+00:00,1148835,919766,10847
28301,96.765,29247,538502,2026-04-28T20:45:06.885507+00:00,1151,249318,-16.574,RAFAEL BERNARDO LÓPEZ ALIAGA CAZORLA,19.862,1171283,16002918,ROBERTO HELBERT SANCHEZ PALOMINO,10,JUNTOS POR EL PERÚ,3.288,2.901,193907,07845838,RAFAEL BERNARDO LÓPEZ ALIAGA CAZORLA,35,RENOVACIÓN POPULAR,19.862,17.521,1171283,140000,2026-04-29T01:45:06.264181+00:00,6684891,5897071,-977376
5021,95.077,5281,173476,2026-04-28T20:45:07.821118+00:00,1152,79102,4.57,KEIKO SOFIA FUJIMORI HIGUCHI,27.926,234519,16002918,ROBERTO HELBERT SANCHEZ PALOMINO,10,JUNTOS POR EL PERÚ,11.32,8.703,95067,07845838,RAFAEL BERNARDO LÓPEZ ALIAGA CAZORLA,35,RENOVACIÓN POPULAR,6.75,5.189,56682,190000,2026-04-29T01:45:07.465521+00:00,1092371,839793,38385
3362,98.97,3397,77105,2026-04-28T20:45:08.087297+00:00,1153,40209,22.978,ROBERTO HELBERT SANCHEZ PALOMINO,24.896,160462,16002918,ROBERTO HELBERT SANCHEZ PALOMINO,10,JUNTOS POR EL PERÚ,24.896,21.062,160462,07845838,RAFAEL BERNARDO LÓPEZ ALIAGA CAZORLA,35,RENOVACIÓN POPULAR,1.918,1.623,12362,200000,2026-04-29T01:45:07.611191+00:00,761855,644541,148100
87265,96.721,90223,2217720,2026-04-28T21:30:04.478501+00:00,1154,968717,0.563,KEIKO SOFIA FUJIMORI HIGUCHI,17.095,2727750,16002918,ROBERTO HELBERT SANCHEZ PALOMINO,10,JUNTOS POR EL PERÚ,12.206,10.174,1947669,07845838,RAFAEL BERNARDO LÓPEZ ALIAGA CAZORLA,35,RENOVACIÓN POPULAR,11.643,9.705,1857917,PERU,2026-04-29T02:30:04.027839+00:00,19143138,15956701,89752
89667,96.659,92766,2285814,2026-04-28T21:30:04.813385+00:00,1155,989410,0.158,KEIKO SOFIA FUJIMORI HIGUCHI,17.091,2775714,16002918,ROBERTO HELBERT SANCHEZ PALOMINO,10,JUNTOS POR EL PERÚ,12.038,10.017,1955036,07845838,RAFAEL BERNARDO LÓPEZ ALIAGA CAZORLA,35,RENOVACIÓN POPULAR,11.88,9.886,1929443,TOTAL,2026-04-29T02:30:04.029307+00:00,19516303,16241079,25593
87333,96.797,90223,2217720,2026-04-28T21:45:04.25381+00:00,1156,968717,0.563,KEIKO SOFIA FUJIMORI HIGUCHI,17.095,2727750,16002918,ROBERTO HELBERT SANCHEZ PALOMINO,10,JUNTOS POR EL PERÚ,12.206,10.174,1947669,07845838,RAFAEL BERNARDO LÓPEZ ALIAGA CAZORLA,35,RENOVACIÓN POPULAR,11.643,9.705,1857917,PERU,2026-04-29T02:45:03.150874+00:00,19143138,15956701,89752
3386,97.523,3472,101831,2026-04-28T21:45:05.111233+00:00,1157,48611,8.899,KEIKO SOFIA FUJIMORI HIGUCHI,17.973,95327,16002918,ROBERTO HELBERT SANCHEZ PALOMINO,10,JUNTOS POR EL PERÚ,14.935,11.635,79216,07845838,RAFAEL BERNARDO LÓPEZ ALIAGA CAZORLA,35,RENOVACIÓN POPULAR,6.036,4.702,32012,020000,2026-04-29T02:45:04.409931+00:00,680830,530388,47204
28304,96.776,29247,538532,2026-04-28T21:45:08.32426+00:00,1158,249361,-16.574,RAFAEL BERNARDO LÓPEZ ALIAGA CAZORLA,19.862,1171409,16002918,ROBERTO HELBERT SANCHEZ PALOMINO,10,JUNTOS POR EL PERÚ,3.288,2.901,193920,07845838,RAFAEL BERNARDO LÓPEZ ALIAGA CAZORLA,35,RENOVACIÓN POPULAR,19.862,17.521,1171409,140000,2026-04-29T02:45:07.614097+00:00,6685639,5897746,-977489
2357,87.393,2697,74486,2026-04-28T21:45:08.697299+00:00,1159,23101,3.702,KEIKO SOFIA FUJIMORI HIGUCHI,27.816,83228,16002918,ROBERTO HELBERT SANCHEZ PALOMINO,10,JUNTOS POR EL PERÚ,10.407,7.847,31138,07845838,RAFAEL BERNARDO LÓPEZ ALIAGA CAZORLA,35,RENOVACIÓN POPULAR,6.705,5.056,20062,150000,2026-04-29T02:45:07.850359+00:00,396795,299208,11076
573,99.135,578,11892,2026-04-28T21:45:09.279709+00:00,1160,5209,7.058,ROBERTO HELBERT SANCHEZ PALOMINO,12.861,14551,16002918,ROBERTO HELBERT SANCHEZ PALOMINO,10,JUNTOS POR EL PERÚ,12.861,11.173,14551,07845838,RAFAEL BERNARDO LÓPEZ ALIAGA CAZORLA,35,RENOVACIÓN POPULAR,5.803,5.041,6565,170000,2026-04-29T02:45:08.500227+00:00,130239,113138,7986
5065,95.91,5281,175035,2026-04-28T21:45:09.730128+00:00,1161,79945,4.585,KEIKO SOFIA FUJIMORI HIGUCHI,27.956,236702,16002918,ROBERTO HELBERT SANCHEZ PALOMINO,10,JUNTOS POR EL PERÚ,11.324,8.703,95875,07845838,RAFAEL BERNARDO LÓPEZ ALIAGA CAZORLA,35,RENOVACIÓN POPULAR,6.739,5.179,57056,190000,2026-04-29T02:45:09.122361+00:00,1101668,846688,38819
1424,91.049,1564,53485,2026-04-28T21:45:10.81901+00:00,1162,15660,7.072,KEIKO SOFIA FUJIMORI HIGUCHI,29.591,61180,16002918,ROBERTO HELBERT SANCHEZ PALOMINO,10,JUNTOS POR EL PERÚ,12.762,9.564,26386,07845838,RAFAEL BERNARDO LÓPEZ ALIAGA CAZORLA,35,RENOVACIÓN POPULAR,5.69,4.264,11763,250000,2026-04-29T02:45:10.437738+00:00,275894,206749,14623
87369,96.837,90223,2218652,2026-04-28T22:15:03.708913+00:00,1163,969178,0.562,KEIKO SOFIA FUJIMORI HIGUCHI,17.096,2729043,16002918,ROBERTO HELBERT SANCHEZ PALOMINO,10,JUNTOS POR EL PERÚ,12.206,10.174,1948479,07845838,RAFAEL BERNARDO LÓPEZ ALIAGA CAZORLA,35,RENOVACIÓN POPULAR,11.644,9.705,1858670,PERU,2026-04-29T03:15:02.949576+00:00,19150821,15962991,89809
4140,97.642,4240,121405,2026-04-28T22:15:04.821795+00:00,1164,52412,38.369,ROBERTO HELBERT SANCHEZ PALOMINO,41.615,261710,16002918,ROBERTO HELBERT SANCHEZ PALOMINO,10,JUNTOS POR EL PERÚ,41.615,32.604,261710,07845838,RAFAEL BERNARDO LÓPEZ ALIAGA CAZORLA,35,RENOVACIÓN POPULAR,3.246,2.543,20415,060000,2026-04-29T03:15:04.390059+00:00,802700,628883,241295
5218,98.416,5302,156370,2026-04-28T22:15:05.786347+00:00,1165,72699,1.179,KEIKO SOFIA FUJIMORI HIGUCHI,20.229,186056,16002918,ROBERTO HELBERT SANCHEZ PALOMINO,10,JUNTOS POR EL PERÚ,9.396,7.523,86423,07845838,RAFAEL BERNARDO LÓPEZ ALIAGA CAZORLA,35,RENOVACIÓN POPULAR,8.217,6.578,75576,120000,2026-04-29T03:15:05.389611+00:00,1148835,919766,10847
1434,91.688,1564,53485,2026-04-28T22:15:07.631955+00:00,1166,15660,7.072,KEIKO SOFIA FUJIMORI HIGUCHI,29.591,61180,16002918,ROBERTO HELBERT SANCHEZ PALOMINO,10,JUNTOS POR EL PERÚ,12.762,9.564,26386,07845838,RAFAEL BERNARDO LÓPEZ ALIAGA CAZORLA,35,RENOVACIÓN POPULAR,5.69,4.264,11763,250000,2026-04-29T03:15:07.363094+00:00,275894,206749,14623
89703,96.698,92766,2286746,2026-04-28T22:30:04.698549+00:00,1167,989871,0.158,KEIKO SOFIA FUJIMORI HIGUCHI,17.092,2777007,16002918,ROBERTO HELBERT SANCHEZ PALOMINO,10,JUNTOS POR EL PERÚ,12.038,10.018,1955846,07845838,RAFAEL BERNARDO LÓPEZ ALIAGA CAZORLA,35,RENOVACIÓN POPULAR,11.88,9.886,1930196,TOTAL,2026-04-29T03:30:04.079596+00:00,19523986,16247369,25650
4140,97.642,4240,121770,2026-04-28T22:30:06.029102+00:00,1168,52583,38.336,ROBERTO HELBERT SANCHEZ PALOMINO,41.584,262315,16002918,ROBERTO HELBERT SANCHEZ PALOMINO,10,JUNTOS POR EL PERÚ,41.584,32.579,262315,07845838,RAFAEL BERNARDO LÓPEZ ALIAGA CAZORLA,35,RENOVACIÓN POPULAR,3.248,2.545,20488,060000,2026-04-29T03:30:05.579002+00:00,805158,630805,241827
5218,98.416,5302,156420,2026-04-28T22:30:07.356738+00:00,1169,72716,1.18,KEIKO SOFIA FUJIMORI HIGUCHI,20.23,186128,16002918,ROBERTO HELBERT SANCHEZ PALOMINO,10,JUNTOS POR EL PERÚ,9.396,7.523,86450,07845838,RAFAEL BERNARDO LÓPEZ ALIAGA CAZORLA,35,RENOVACIÓN POPULAR,8.216,6.578,75590,120000,2026-04-29T03:30:07.013539+00:00,1149208,920072,10860
28316,96.817,29247,538710,2026-04-28T22:30:07.775427+00:00,1170,249540,-16.576,RAFAEL BERNARDO LÓPEZ ALIAGA CAZORLA,19.863,1171984,16002918,ROBERTO HELBERT SANCHEZ PALOMINO,10,JUNTOS POR EL PERÚ,3.287,2.9,193966,07845838,RAFAEL BERNARDO LÓPEZ ALIAGA CAZORLA,35,RENOVACIÓN POPULAR,19.863,17.522,1171984,140000,2026-04-29T03:30:07.220024+00:00,6688604,5900354,-978018
1434,91.688,1564,53824,2026-04-28T22:30:09.396723+00:00,1171,15754,7.044,KEIKO SOFIA FUJIMORI HIGUCHI,29.599,61625,16002918,ROBERTO HELBERT SANCHEZ PALOMINO,10,JUNTOS POR EL PERÚ,12.737,9.546,26518,07845838,RAFAEL BERNARDO LÓPEZ ALIAGA CAZORLA,35,RENOVACIÓN POPULAR,5.693,4.267,11854,250000,2026-04-29T03:30:09.101348+00:00,277781,208203,14664
89731,96.728,92766,2287700,2026-04-29T01:00:05.508104+00:00,1172,990229,0.162,KEIKO SOFIA FUJIMORI HIGUCHI,17.094,2778052,16002918,ROBERTO HELBERT SANCHEZ PALOMINO,10,JUNTOS POR EL PERÚ,12.04,10.019,1956751,07845838,RAFAEL BERNARDO LÓPEZ ALIAGA CAZORLA,35,RENOVACIÓN POPULAR,11.878,9.885,1930413,TOTAL,2026-04-29T06:00:04.721109+00:00,19529460,16251531,26338
87397,96.868,90223,2219606,2026-04-29T01:00:05.898959+00:00,1173,969536,0.567,KEIKO SOFIA FUJIMORI HIGUCHI,17.098,2730088,16002918,ROBERTO HELBERT SANCHEZ PALOMINO,10,JUNTOS POR EL PERÚ,12.209,10.176,1949384,07845838,RAFAEL BERNARDO LÓPEZ ALIAGA CAZORLA,35,RENOVACIÓN POPULAR,11.642,9.704,1858887,PERU,2026-04-29T06:00:04.722515+00:00,19156295,15967153,90497
4147,97.807,4240,121951,2026-04-29T01:00:07.016382+00:00,1174,52649,38.329,ROBERTO HELBERT SANCHEZ PALOMINO,41.58,262730,16002918,ROBERTO HELBERT SANCHEZ PALOMINO,10,JUNTOS POR EL PERÚ,41.58,32.578,262730,07845838,RAFAEL BERNARDO LÓPEZ ALIAGA CAZORLA,35,RENOVACIÓN POPULAR,3.251,2.547,20542,060000,2026-04-29T06:00:06.559354+00:00,806462,631862,242188
1455,93.031,1564,54597,2026-04-29T01:00:09.919627+00:00,1175,16046,7.094,KEIKO SOFIA FUJIMORI HIGUCHI,29.593,62532,16002918,ROBERTO HELBERT SANCHEZ PALOMINO,10,JUNTOS POR EL PERÚ,12.781,9.579,27008,07845838,RAFAEL BERNARDO LÓPEZ ALIAGA CAZORLA,35,RENOVACIÓN POPULAR,5.687,4.262,12017,250000,2026-04-29T06:00:09.602832+00:00,281951,211308,14991
89733,96.73,92766,2287737,2026-04-29T09:30:05.967337+00:00,1176,990238,0.162,KEIKO SOFIA FUJIMORI HIGUCHI,17.094,2778126,16002918,ROBERTO HELBERT SANCHEZ PALOMINO,10,JUNTOS POR EL PERÚ,12.04,10.019,1956765,07845838,RAFAEL BERNARDO LÓPEZ ALIAGA CAZORLA,35,RENOVACIÓN POPULAR,11.878,9.885,1930458,TOTAL,2026-04-29T14:30:05.07008+00:00,19529770,16251795,26307
87399,96.87,90223,2219643,2026-04-29T09:30:06.660589+00:00,1177,969545,0.567,KEIKO SOFIA FUJIMORI HIGUCHI,17.098,2730162,16002918,ROBERTO HELBERT SANCHEZ PALOMINO,10,JUNTOS POR EL PERÚ,12.209,10.176,1949398,07845838,RAFAEL BERNARDO LÓPEZ ALIAGA CAZORLA,35,RENOVACIÓN POPULAR,11.642,9.704,1858932,PERU,2026-04-29T14:30:06.12325+00:00,19156605,15967417,90466
28317,96.82,29247,538720,2026-04-29T09:45:08.764265+00:00,1178,249545,-16.576,RAFAEL BERNARDO LÓPEZ ALIAGA CAZORLA,19.863,1172028,16002918,ROBERTO HELBERT SANCHEZ PALOMINO,10,JUNTOS POR EL PERÚ,3.287,2.9,193973,07845838,RAFAEL BERNARDO LÓPEZ ALIAGA CAZORLA,35,RENOVACIÓN POPULAR,19.863,17.522,1172028,140000,2026-04-29T14:45:07.96214+00:00,6688831,5900566,-978055
1456,93.095,1564,54624,2026-04-29T09:45:10.621013+00:00,1179,16050,7.096,KEIKO SOFIA FUJIMORI HIGUCHI,29.601,62564,16002918,ROBERTO HELBERT SANCHEZ PALOMINO,10,JUNTOS POR EL PERÚ,12.782,9.579,27015,07845838,RAFAEL BERNARDO LÓPEZ ALIAGA CAZORLA,35,RENOVACIÓN POPULAR,5.686,4.261,12018,250000,2026-04-29T14:45:10.245057+00:00,282034,211360,14997
89737,96.735,92766,2287807,2026-04-29T10:15:04.155048+00:00,1180,990261,0.162,KEIKO SOFIA FUJIMORI HIGUCHI,17.094,2778193,16002918,ROBERTO HELBERT SANCHEZ PALOMINO,10,JUNTOS POR EL PERÚ,12.04,10.019,1956830,07845838,RAFAEL BERNARDO LÓPEZ ALIAGA CAZORLA,35,RENOVACIÓN POPULAR,11.878,9.885,1930499,TOTAL,2026-04-29T15:15:03.40458+00:00,19530567,16252499,26331
87402,96.873,90223,2219702,2026-04-29T10:15:04.493393+00:00,1181,969568,0.567,KEIKO SOFIA FUJIMORI HIGUCHI,17.098,2730206,16002918,ROBERTO HELBERT SANCHEZ PALOMINO,10,JUNTOS POR EL PERÚ,12.209,10.176,1949461,07845838,RAFAEL BERNARDO LÓPEZ ALIAGA CAZORLA,35,RENOVACIÓN POPULAR,11.642,9.704,1858947,PERU,2026-04-29T15:15:03.406034+00:00,19157329,15968059,90514
2335,91.821,2543,68094,2026-04-29T10:15:04.765431+00:00,1182,20693,-22.561,RAFAEL BERNARDO LÓPEZ ALIAGA CAZORLA,25.152,71526,16002918,ROBERTO HELBERT SANCHEZ PALOMINO,10,JUNTOS POR EL PERÚ,2.591,1.974,7367,07845838,RAFAEL BERNARDO LÓPEZ ALIAGA CAZORLA,35,RENOVACIÓN POPULAR,25.152,19.167,71526,EXTRANJERO,2026-04-29T15:15:03.500369+00:00,373165,284378,-64159
5218,98.416,5302,156461,2026-04-29T10:15:06.763348+00:00,1183,72733,1.181,KEIKO SOFIA FUJIMORI HIGUCHI,20.229,186163,16002918,ROBERTO HELBERT SANCHEZ PALOMINO,10,JUNTOS POR EL PERÚ,9.396,7.522,86467,07845838,RAFAEL BERNARDO LÓPEZ ALIAGA CAZORLA,35,RENOVACIÓN POPULAR,8.215,6.577,75599,120000,2026-04-29T15:15:06.355484+00:00,1149466,920272,10868
2335,91.821,2543,68105,2026-04-29T10:30:06.600451+00:00,1184,20693,-22.564,RAFAEL BERNARDO LÓPEZ ALIAGA CAZORLA,25.155,71552,16002918,ROBERTO HELBERT SANCHEZ PALOMINO,10,JUNTOS POR EL PERÚ,2.591,1.974,7369,07845838,RAFAEL BERNARDO LÓPEZ ALIAGA CAZORLA,35,RENOVACIÓN POPULAR,25.155,19.171,71552,EXTRANJERO,2026-04-29T15:30:05.179237+00:00,373238,284440,-64183
5219,98.435,5302,156461,2026-04-29T10:30:09.277687+00:00,1185,72733,1.181,KEIKO SOFIA FUJIMORI HIGUCHI,20.229,186163,16002918,ROBERTO HELBERT SANCHEZ PALOMINO,10,JUNTOS POR EL PERÚ,9.396,7.522,86467,07845838,RAFAEL BERNARDO LÓPEZ ALIAGA CAZORLA,35,RENOVACIÓN POPULAR,8.215,6.577,75599,120000,2026-04-29T15:30:08.631233+00:00,1149466,920272,10868
1031,99.039,1041,18709,2026-04-29T10:30:11.034674+00:00,1186,9083,5.667,RICARDO PABLO BELMONT CASSINELLI,14.627,32000,16002918,ROBERTO HELBERT SANCHEZ PALOMINO,10,JUNTOS POR EL PERÚ,11.871,10.533,25970,07845838,RAFAEL BERNARDO LÓPEZ ALIAGA CAZORLA,35,RENOVACIÓN POPULAR,6.204,5.505,13573,220000,2026-04-29T15:30:10.565+00:00,246562,218770,12397
89751,96.75,92766,2288217,2026-04-29T12:30:05.644566+00:00,1187,990362,0.159,KEIKO SOFIA FUJIMORI HIGUCHI,17.094,2778499,16002918,ROBERTO HELBERT SANCHEZ PALOMINO,10,JUNTOS POR EL PERÚ,12.039,10.019,1956916,07845838,RAFAEL BERNARDO LÓPEZ ALIAGA CAZORLA,35,RENOVACIÓN POPULAR,11.88,9.886,1930979,TOTAL,2026-04-29T17:30:05.148257+00:00,19532938,16254359,25937
87403,96.874,90223,2219738,2026-04-29T12:30:06.055116+00:00,1188,969586,0.567,KEIKO SOFIA FUJIMORI HIGUCHI,17.098,2730246,16002918,ROBERTO HELBERT SANCHEZ PALOMINO,10,JUNTOS POR EL PERÚ,12.209,10.176,1949501,07845838,RAFAEL BERNARDO LÓPEZ ALIAGA CAZORLA,35,RENOVACIÓN POPULAR,11.642,9.704,1858959,PERU,2026-04-29T17:30:05.190239+00:00,19157557,15968233,90542
2348,92.332,2543,68479,2026-04-29T12:30:06.33146+00:00,1189,20776,-22.579,RAFAEL BERNARDO LÓPEZ ALIAGA CAZORLA,25.171,72020,16002918,ROBERTO HELBERT SANCHEZ PALOMINO,10,JUNTOS POR EL PERÚ,2.592,1.975,7415,07845838,RAFAEL BERNARDO LÓPEZ ALIAGA CAZORLA,35,RENOVACIÓN POPULAR,25.171,19.186,72020,EXTRANJERO,2026-04-29T17:30:05.767147+00:00,375381,286126,-64605
3624,98.185,3691,104841,2026-04-29T12:30:08.279953+00:00,1190,41267,4.613,KEIKO SOFIA FUJIMORI HIGUCHI,16.995,106340,16002918,ROBERTO HELBERT SANCHEZ PALOMINO,10,JUNTOS POR EL PERÚ,12.219,9.906,76460,07845838,RAFAEL BERNARDO LÓPEZ ALIAGA CAZORLA,35,RENOVACIÓN POPULAR,7.606,6.166,47595,110000,2026-04-29T17:30:07.795566+00:00,771835,625727,28865
87410,96.882,90223,2219963,2026-04-29T13:15:04.591573+00:00,1191,969649,0.568,KEIKO SOFIA FUJIMORI HIGUCHI,17.098,2730457,16002918,ROBERTO HELBERT SANCHEZ PALOMINO,10,JUNTOS POR EL PERÚ,12.209,10.177,1949754,07845838,RAFAEL BERNARDO LÓPEZ ALIAGA CAZORLA,35,RENOVACIÓN POPULAR,11.641,9.703,1859027,PERU,2026-04-29T18:15:03.695058+00:00,19159109,15969497,90727
89758,96.757,92766,2288442,2026-04-29T13:15:04.882364+00:00,1192,990425,0.161,KEIKO SOFIA FUJIMORI HIGUCHI,17.094,2778710,16002918,ROBERTO HELBERT SANCHEZ PALOMINO,10,JUNTOS POR EL PERÚ,12.04,10.019,1957169,07845838,RAFAEL BERNARDO LÓPEZ ALIAGA CAZORLA,35,RENOVACIÓN POPULAR,11.879,9.885,1931047,TOTAL,2026-04-29T18:15:03.737237+00:00,19534490,16255623,26122
3628,98.293,3691,104841,2026-04-29T13:15:06.914013+00:00,1193,41267,4.613,KEIKO SOFIA FUJIMORI HIGUCHI,16.995,106340,16002918,ROBERTO HELBERT SANCHEZ PALOMINO,10,JUNTOS POR EL PERÚ,12.219,9.906,76460,07845838,RAFAEL BERNARDO LÓPEZ ALIAGA CAZORLA,35,RENOVACIÓN POPULAR,7.606,6.166,47595,110000,2026-04-29T18:15:06.478875+00:00,771835,625727,28865
5220,98.453,5302,156461,2026-04-29T13:15:07.145029+00:00,1194,72733,1.181,KEIKO SOFIA FUJIMORI HIGUCHI,20.229,186163,16002918,ROBERTO HELBERT SANCHEZ PALOMINO,10,JUNTOS POR EL PERÚ,9.396,7.522,86467,07845838,RAFAEL BERNARDO LÓPEZ ALIAGA CAZORLA,35,RENOVACIÓN POPULAR,8.215,6.577,75599,120000,2026-04-29T18:15:06.618116+00:00,1149466,920272,10868
3865,97.037,3983,95899,2026-04-29T13:30:07.888603+00:00,1195,47219,18.122,ROBERTO HELBERT SANCHEZ PALOMINO,22.859,154156,16002918,ROBERTO HELBERT SANCHEZ PALOMINO,10,JUNTOS POR EL PERÚ,22.859,18.857,154156,07845838,RAFAEL BERNARDO LÓPEZ ALIAGA CAZORLA,35,RENOVACIÓN POPULAR,4.737,3.908,31947,070000,2026-04-29T18:30:07.247457+00:00,817494,674376,122209
3628,98.293,3691,104969,2026-04-29T13:30:08.983335+00:00,1196,41312,4.622,KEIKO SOFIA FUJIMORI HIGUCHI,17.0,106490,16002918,ROBERTO HELBERT SANCHEZ PALOMINO,10,JUNTOS POR EL PERÚ,12.227,9.912,76590,07845838,RAFAEL BERNARDO LÓPEZ ALIAGA CAZORLA,35,RENOVACIÓN POPULAR,7.605,6.165,47639,110000,2026-04-29T18:30:08.367818+00:00,772702,626421,28951
5220,98.453,5302,156493,2026-04-29T13:30:09.364313+00:00,1197,72739,1.182,KEIKO SOFIA FUJIMORI HIGUCHI,20.23,186208,16002918,ROBERTO HELBERT SANCHEZ PALOMINO,10,JUNTOS POR EL PERÚ,9.396,7.522,86486,07845838,RAFAEL BERNARDO LÓPEZ ALIAGA CAZORLA,35,RENOVACIÓN POPULAR,8.214,6.577,75611,120000,2026-04-29T18:30:08.428399+00:00,1149703,920471,10875
89770,96.77,92766,2288817,2026-04-29T14:00:11.763997+00:00,1198,990622,0.161,KEIKO SOFIA FUJIMORI HIGUCHI,17.095,2779276,16002918,ROBERTO HELBERT SANCHEZ PALOMINO,10,JUNTOS POR EL PERÚ,12.039,10.018,1957348,07845838,RAFAEL BERNARDO LÓPEZ ALIAGA CAZORLA,35,RENOVACIÓN POPULAR,11.878,9.885,1931183,TOTAL,2026-04-29T19:00:06.297012+00:00,19537353,16257914,26165
87422,96.895,90223,2220338,2026-04-29T14:00:15.105936+00:00,1199,969846,0.569,KEIKO SOFIA FUJIMORI HIGUCHI,17.099,2731023,16002918,ROBERTO HELBERT SANCHEZ PALOMINO,10,JUNTOS POR EL PERÚ,12.209,10.176,1949933,07845838,RAFAEL BERNARDO LÓPEZ ALIAGA CAZORLA,35,RENOVACIÓN POPULAR,11.64,9.702,1859163,PERU,2026-04-29T19:00:06.338032+00:00,19161972,15971788,90770
1034,99.328,1041,18762,2026-04-29T14:00:22.925809+00:00,1200,9105,5.663,RICARDO PABLO BELMONT CASSINELLI,14.626,32090,16002918,ROBERTO HELBERT SANCHEZ PALOMINO,10,JUNTOS POR EL PERÚ,11.87,10.532,26043,07845838,RAFAEL BERNARDO LÓPEZ ALIAGA CAZORLA,35,RENOVACIÓN POPULAR,6.207,5.507,13618,220000,2026-04-29T19:00:22.360996+00:00,247278,219411,12425
3629,98.32,3691,104992,2026-04-29T14:15:06.692072+00:00,1201,41323,4.622,KEIKO SOFIA FUJIMORI HIGUCHI,16.997,106510,16002918,ROBERTO HELBERT SANCHEZ PALOMINO,10,JUNTOS POR EL PERÚ,12.226,9.912,76612,07845838,RAFAEL BERNARDO LÓPEZ ALIAGA CAZORLA,35,RENOVACIÓN POPULAR,7.604,6.165,47649,110000,2026-04-29T19:15:06.2372+00:00,772948,626633,28963
5223,98.51,5302,156616,2026-04-29T14:15:07.059599+00:00,1202,72765,1.181,KEIKO SOFIA FUJIMORI HIGUCHI,20.233,186354,16002918,ROBERTO HELBERT SANCHEZ PALOMINO,10,JUNTOS POR EL PERÚ,9.395,7.521,86526,07845838,RAFAEL BERNARDO LÓPEZ ALIAGA CAZORLA,35,RENOVACIÓN POPULAR,8.214,6.576,75650,120000,2026-04-29T19:15:06.332316+00:00,1150401,921020,10876
5070,96.005,5281,175211,2026-04-29T14:15:08.339114+00:00,1203,80083,4.58,KEIKO SOFIA FUJIMORI HIGUCHI,27.968,237054,16002918,ROBERTO HELBERT SANCHEZ PALOMINO,10,JUNTOS POR EL PERÚ,11.317,8.697,95919,07845838,RAFAEL BERNARDO LÓPEZ ALIAGA CAZORLA,35,RENOVACIÓN POPULAR,6.737,5.177,57098,190000,2026-04-29T19:15:07.841615+00:00,1102871,847577,38821
89781,96.782,92766,2289082,2026-04-29T14:45:03.825265+00:00,1204,990840,0.159,KEIKO SOFIA FUJIMORI HIGUCHI,17.095,2779696,16002918,ROBERTO HELBERT SANCHEZ PALOMINO,10,JUNTOS POR EL PERÚ,12.038,10.018,1957428,07845838,RAFAEL BERNARDO LÓPEZ ALIAGA CAZORLA,35,RENOVACIÓN POPULAR,11.879,9.885,1931472,TOTAL,2026-04-29T19:45:03.238064+00:00,19539944,16260022,25956
87433,96.908,90223,2220603,2026-04-29T14:45:04.296711+00:00,1205,970064,0.566,KEIKO SOFIA FUJIMORI HIGUCHI,17.099,2731443,16002918,ROBERTO HELBERT SANCHEZ PALOMINO,10,JUNTOS POR EL PERÚ,12.207,10.175,1950013,07845838,RAFAEL BERNARDO LÓPEZ ALIAGA CAZORLA,35,RENOVACIÓN POPULAR,11.641,9.703,1859452,PERU,2026-04-29T19:45:03.279225+00:00,19164563,15973896,90561
28317,96.82,29247,538838,2026-04-29T14:45:06.859251+00:00,1206,249625,-16.576,RAFAEL BERNARDO LÓPEZ ALIAGA CAZORLA,19.863,1172286,16002918,ROBERTO HELBERT SANCHEZ PALOMINO,10,JUNTOS POR EL PERÚ,3.287,2.9,193999,07845838,RAFAEL BERNARDO LÓPEZ ALIAGA CAZORLA,35,RENOVACIÓN POPULAR,19.863,17.522,1172286,140000,2026-04-29T19:45:06.346072+00:00,6690226,5901763,-978287
5075,96.099,5281,175358,2026-04-29T14:45:08.060684+00:00,1207,80221,4.578,KEIKO SOFIA FUJIMORI HIGUCHI,27.966,237290,16002918,ROBERTO HELBERT SANCHEZ PALOMINO,10,JUNTOS POR EL PERÚ,11.311,8.693,95973,07845838,RAFAEL BERNARDO LÓPEZ ALIAGA CAZORLA,35,RENOVACIÓN POPULAR,6.733,5.174,57129,190000,2026-04-29T19:45:07.557089+00:00,1104067,848488,38844
28323,96.841,29247,538838,2026-04-29T15:00:10.008147+00:00,1208,249625,-16.576,RAFAEL BERNARDO LÓPEZ ALIAGA CAZORLA,19.863,1172286,16002918,ROBERTO HELBERT SANCHEZ PALOMINO,10,JUNTOS POR EL PERÚ,3.287,2.9,193999,07845838,RAFAEL BERNARDO LÓPEZ ALIAGA CAZORLA,35,RENOVACIÓN POPULAR,19.863,17.522,1172286,140000,2026-04-29T20:00:09.425389+00:00,6690226,5901763,-978287
89783,96.784,92766,2289093,2026-04-29T15:30:05.859145+00:00,1209,990848,0.159,KEIKO SOFIA FUJIMORI HIGUCHI,17.095,2779732,16002918,ROBERTO HELBERT SANCHEZ PALOMINO,10,JUNTOS POR EL PERÚ,12.038,10.017,1957432,07845838,RAFAEL BERNARDO LÓPEZ ALIAGA CAZORLA,35,RENOVACIÓN POPULAR,11.879,9.885,1931610,TOTAL,2026-04-29T20:30:05.175656+00:00,19540417,16260476,25822
87435,96.91,90223,2220614,2026-04-29T15:30:06.703678+00:00,1210,970072,0.566,KEIKO SOFIA FUJIMORI HIGUCHI,17.099,2731479,16002918,ROBERTO HELBERT SANCHEZ PALOMINO,10,JUNTOS POR EL PERÚ,12.207,10.175,1950017,07845838,RAFAEL BERNARDO LÓPEZ ALIAGA CAZORLA,35,RENOVACIÓN POPULAR,11.641,9.703,1859590,PERU,2026-04-29T20:30:05.21651+00:00,19165036,15974350,90427
28325,96.848,29247,538849,2026-04-29T15:30:09.830886+00:00,1211,249633,-16.577,RAFAEL BERNARDO LÓPEZ ALIAGA CAZORLA,19.864,1172424,16002918,ROBERTO HELBERT SANCHEZ PALOMINO,10,JUNTOS POR EL PERÚ,3.287,2.9,194003,07845838,RAFAEL BERNARDO LÓPEZ ALIAGA CAZORLA,35,RENOVACIÓN POPULAR,19.864,17.523,1172424,140000,2026-04-29T20:30:09.211832+00:00,6690699,5902217,-978421
87459,96.936,90223,2221295,2026-04-29T17:00:07.814661+00:00,1212,970439,0.565,KEIKO SOFIA FUJIMORI HIGUCHI,17.1,2732280,16002918,ROBERTO HELBERT SANCHEZ PALOMINO,10,JUNTOS POR EL PERÚ,12.206,10.174,1950402,07845838,RAFAEL BERNARDO LÓPEZ ALIAGA CAZORLA,35,RENOVACIÓN POPULAR,11.641,9.703,1860143,PERU,2026-04-29T22:00:07.045332+00:00,19170390,15978656,90259
89807,96.81,92766,2289774,2026-04-29T17:00:08.168627+00:00,1213,991215,0.158,KEIKO SOFIA FUJIMORI HIGUCHI,17.095,2780533,16002918,ROBERTO HELBERT SANCHEZ PALOMINO,10,JUNTOS POR EL PERÚ,12.037,10.017,1957817,07845838,RAFAEL BERNARDO LÓPEZ ALIAGA CAZORLA,35,RENOVACIÓN POPULAR,11.879,9.885,1932163,TOTAL,2026-04-29T22:00:07.051964+00:00,19545771,16264782,25654
3635,98.483,3691,105303,2026-04-29T17:00:10.227191+00:00,1214,41400,4.639,KEIKO SOFIA FUJIMORI HIGUCHI,17.007,106718,16002918,ROBERTO HELBERT SANCHEZ PALOMINO,10,JUNTOS POR EL PERÚ,12.237,9.918,76783,07845838,RAFAEL BERNARDO LÓPEZ ALIAGA CAZORLA,35,RENOVACIÓN POPULAR,7.598,6.158,47677,110000,2026-04-29T22:00:09.723589+00:00,774183,627480,29106
28341,96.902,29247,539169,2026-04-29T17:00:10.911764+00:00,1215,249853,-16.574,RAFAEL BERNARDO LÓPEZ ALIAGA CAZORLA,19.862,1172942,16002918,ROBERTO HELBERT SANCHEZ PALOMINO,10,JUNTOS POR EL PERÚ,3.288,2.9,194152,07845838,RAFAEL BERNARDO LÓPEZ ALIAGA CAZORLA,35,RENOVACIÓN POPULAR,19.862,17.521,1172942,140000,2026-04-29T22:00:10.393515+00:00,6694403,5905381,-978790
3364,99.029,3397,77155,2026-04-29T17:00:12.236081+00:00,1216,40279,22.976,ROBERTO HELBERT SANCHEZ PALOMINO,24.894,160527,16002918,ROBERTO HELBERT SANCHEZ PALOMINO,10,JUNTOS POR EL PERÚ,24.894,21.059,160527,07845838,RAFAEL BERNARDO LÓPEZ ALIAGA CAZORLA,35,RENOVACIÓN POPULAR,1.918,1.623,12369,200000,2026-04-29T22:00:11.62164+00:00,762270,644836,148158
87459,96.936,90223,2221500,2026-04-29T17:30:06.010109+00:00,1217,970676,0.564,KEIKO SOFIA FUJIMORI HIGUCHI,17.099,2732561,16002918,ROBERTO HELBERT SANCHEZ PALOMINO,10,JUNTOS POR EL PERÚ,12.206,10.174,1950659,07845838,RAFAEL BERNARDO LÓPEZ ALIAGA CAZORLA,35,RENOVACIÓN POPULAR,11.642,9.704,1860539,PERU,2026-04-29T22:30:05.123633+00:00,19173034,15980858,90120
89807,96.81,92766,2289979,2026-04-29T17:45:04.109057+00:00,1218,991452,0.157,KEIKO SOFIA FUJIMORI HIGUCHI,17.095,2780814,16002918,ROBERTO HELBERT SANCHEZ PALOMINO,10,JUNTOS POR EL PERÚ,12.037,10.017,1958074,07845838,RAFAEL BERNARDO LÓPEZ ALIAGA CAZORLA,35,RENOVACIÓN POPULAR,11.88,9.886,1932559,TOTAL,2026-04-29T22:45:03.372686+00:00,19548415,16266984,25515
3635,98.483,3691,105335,2026-04-29T17:45:06.181077+00:00,1219,41407,4.643,KEIKO SOFIA FUJIMORI HIGUCHI,17.008,106745,16002918,ROBERTO HELBERT SANCHEZ PALOMINO,10,JUNTOS POR EL PERÚ,12.24,9.921,76824,07845838,RAFAEL BERNARDO LÓPEZ ALIAGA CAZORLA,35,RENOVACIÓN POPULAR,7.597,6.158,47684,110000,2026-04-29T22:45:05.734071+00:00,774374,627632,29140
28341,96.902,29247,539184,2026-04-29T17:45:06.751014+00:00,1220,249868,-16.574,RAFAEL BERNARDO LÓPEZ ALIAGA CAZORLA,19.862,1172972,16002918,ROBERTO HELBERT SANCHEZ PALOMINO,10,JUNTOS POR EL PERÚ,3.288,2.9,194157,07845838,RAFAEL BERNARDO LÓPEZ ALIAGA CAZORLA,35,RENOVACIÓN POPULAR,19.862,17.521,1172972,140000,2026-04-29T22:45:06.306459+00:00,6694609,5905557,-978815
3364,99.029,3397,77222,2026-04-29T17:45:07.746509+00:00,1221,40315,22.986,ROBERTO HELBERT SANCHEZ PALOMINO,24.904,160728,16002918,ROBERTO HELBERT SANCHEZ PALOMINO,10,JUNTOS POR EL PERÚ,24.904,21.067,160728,07845838,RAFAEL BERNARDO LÓPEZ ALIAGA CAZORLA,35,RENOVACIÓN POPULAR,1.918,1.623,12379,200000,2026-04-29T22:45:07.275592+00:00,762927,645390,148349
2797,96.515,2898,60333,2026-04-29T17:45:08.453686+00:00,1222,28502,-11.989,KEIKO SOFIA FUJIMORI HIGUCHI,20.68,115891,16002918,ROBERTO HELBERT SANCHEZ PALOMINO,10,JUNTOS POR EL PERÚ,3.012,2.6,16879,07845838,RAFAEL BERNARDO LÓPEZ ALIAGA CAZORLA,35,RENOVACIÓN POPULAR,15.001,12.948,84062,240000,2026-04-29T22:45:08.036983+00:00,649227,560392,-67183
87470,96.949,90223,2221500,2026-04-29T18:00:06.714862+00:00,1223,970676,0.564,KEIKO SOFIA FUJIMORI HIGUCHI,17.099,2732561,16002918,ROBERTO HELBERT SANCHEZ PALOMINO,10,JUNTOS POR EL PERÚ,12.206,10.174,1950659,07845838,RAFAEL BERNARDO LÓPEZ ALIAGA CAZORLA,35,RENOVACIÓN POPULAR,11.642,9.704,1860539,PERU,2026-04-29T23:00:06.197291+00:00,19173034,15980858,90120
89818,96.822,92766,2289979,2026-04-29T18:00:07.072161+00:00,1224,991452,0.157,KEIKO SOFIA FUJIMORI HIGUCHI,17.095,2780814,16002918,ROBERTO HELBERT SANCHEZ PALOMINO,10,JUNTOS POR EL PERÚ,12.037,10.017,1958074,07845838,RAFAEL BERNARDO LÓPEZ ALIAGA CAZORLA,35,RENOVACIÓN POPULAR,11.88,9.886,1932559,TOTAL,2026-04-29T23:00:06.237692+00:00,19548415,16266984,25515
3636,98.51,3691,105335,2026-04-29T18:00:09.089561+00:00,1225,41407,4.643,KEIKO SOFIA FUJIMORI HIGUCHI,17.008,106745,16002918,ROBERTO HELBERT SANCHEZ PALOMINO,10,JUNTOS POR EL PERÚ,12.24,9.921,76824,07845838,RAFAEL BERNARDO LÓPEZ ALIAGA CAZORLA,35,RENOVACIÓN POPULAR,7.597,6.158,47684,110000,2026-04-29T23:00:08.597188+00:00,774374,627632,29140
28342,96.906,29247,539184,2026-04-29T18:00:09.648105+00:00,1226,249868,-16.574,RAFAEL BERNARDO LÓPEZ ALIAGA CAZORLA,19.862,1172972,16002918,ROBERTO HELBERT SANCHEZ PALOMINO,10,JUNTOS POR EL PERÚ,3.288,2.9,194157,07845838,RAFAEL BERNARDO LÓPEZ ALIAGA CAZORLA,35,RENOVACIÓN POPULAR,19.862,17.521,1172972,140000,2026-04-29T23:00:09.17212+00:00,6694609,5905557,-978815
3367,99.117,3397,77222,2026-04-29T18:00:10.652699+00:00,1227,40315,22.986,ROBERTO HELBERT SANCHEZ PALOMINO,24.904,160728,16002918,ROBERTO HELBERT SANCHEZ PALOMINO,10,JUNTOS POR EL PERÚ,24.904,21.067,160728,07845838,RAFAEL BERNARDO LÓPEZ ALIAGA CAZORLA,35,RENOVACIÓN POPULAR,1.918,1.623,12379,200000,2026-04-29T23:00:10.197254+00:00,762927,645390,148349
2803,96.722,2898,60333,2026-04-29T18:00:11.347133+00:00,1228,28502,-11.989,KEIKO SOFIA FUJIMORI HIGUCHI,20.68,115891,16002918,ROBERTO HELBERT SANCHEZ PALOMINO,10,JUNTOS POR EL PERÚ,3.012,2.6,16879,07845838,RAFAEL BERNARDO LÓPEZ ALIAGA CAZORLA,35,RENOVACIÓN POPULAR,15.001,12.948,84062,240000,2026-04-29T23:00:10.968844+00:00,649227,560392,-67183
89818,96.822,92766,2291038,2026-04-29T18:30:06.054588+00:00,1229,991916,0.159,KEIKO SOFIA FUJIMORI HIGUCHI,17.097,2782030,16002918,ROBERTO HELBERT SANCHEZ PALOMINO,10,JUNTOS POR EL PERÚ,12.038,10.017,1958923,07845838,RAFAEL BERNARDO LÓPEZ ALIAGA CAZORLA,35,RENOVACIÓN POPULAR,11.879,9.884,1932902,TOTAL,2026-04-29T23:30:05.192588+00:00,19555135,16272181,26021
87470,96.949,90223,2222559,2026-04-29T18:30:06.466981+00:00,1230,971140,0.567,KEIKO SOFIA FUJIMORI HIGUCHI,17.101,2733777,16002918,ROBERTO HELBERT SANCHEZ PALOMINO,10,JUNTOS POR EL PERÚ,12.208,10.175,1951508,07845838,RAFAEL BERNARDO LÓPEZ ALIAGA CAZORLA,35,RENOVACIÓN POPULAR,11.641,9.702,1860882,PERU,2026-04-29T23:30:05.23406+00:00,19179754,15986055,90626
3640,98.618,3691,105470,2026-04-29T18:30:08.552078+00:00,1231,41438,4.65,KEIKO SOFIA FUJIMORI HIGUCHI,17.01,106870,16002918,ROBERTO HELBERT SANCHEZ PALOMINO,10,JUNTOS POR EL PERÚ,12.246,9.925,76939,07845838,RAFAEL BERNARDO LÓPEZ ALIAGA CAZORLA,35,RENOVACIÓN POPULAR,7.596,6.156,47723,110000,2026-04-29T23:30:08.208437+00:00,775192,628284,29216
28342,96.906,29247,539287,2026-04-29T18:30:09.279353+00:00,1232,249892,-16.574,RAFAEL BERNARDO LÓPEZ ALIAGA CAZORLA,19.862,1173091,16002918,ROBERTO HELBERT SANCHEZ PALOMINO,10,JUNTOS POR EL PERÚ,3.288,2.9,194178,07845838,RAFAEL BERNARDO LÓPEZ ALIAGA CAZORLA,35,RENOVACIÓN POPULAR,19.862,17.521,1173091,140000,2026-04-29T23:30:08.83375+00:00,6695434,5906255,-978913
5094,96.459,5281,176078,2026-04-29T18:30:10.492035+00:00,1233,80572,4.591,KEIKO SOFIA FUJIMORI HIGUCHI,27.976,238197,16002918,ROBERTO HELBERT SANCHEZ PALOMINO,10,JUNTOS POR EL PERÚ,11.321,8.699,96392,07845838,RAFAEL BERNARDO LÓPEZ ALIAGA CAZORLA,35,RENOVACIÓN POPULAR,6.73,5.171,57301,190000,2026-04-29T23:30:09.75309+00:00,1108075,851425,39091
3367,99.117,3397,77292,2026-04-29T18:30:10.999511+00:00,1234,40357,23.004,ROBERTO HELBERT SANCHEZ PALOMINO,24.92,161018,16002918,ROBERTO HELBERT SANCHEZ PALOMINO,10,JUNTOS POR EL PERÚ,24.92,21.082,161018,07845838,RAFAEL BERNARDO LÓPEZ ALIAGA CAZORLA,35,RENOVACIÓN POPULAR,1.916,1.621,12380,200000,2026-04-29T23:30:09.923371+00:00,763786,646137,148638
2803,96.722,2898,60364,2026-04-29T18:30:11.927354+00:00,1235,28518,-11.986,KEIKO SOFIA FUJIMORI HIGUCHI,20.679,115919,16002918,ROBERTO HELBERT SANCHEZ PALOMINO,10,JUNTOS POR EL PERÚ,3.012,2.6,16883,07845838,RAFAEL BERNARDO LÓPEZ ALIAGA CAZORLA,35,RENOVACIÓN POPULAR,14.998,12.946,84074,240000,2026-04-29T23:30:11.330499+00:00,649437,560555,-67191
89850,96.857,92766,2291038,2026-04-29T18:45:04.334921+00:00,1236,991916,0.159,KEIKO SOFIA FUJIMORI HIGUCHI,17.097,2782030,16002918,ROBERTO HELBERT SANCHEZ PALOMINO,10,JUNTOS POR EL PERÚ,12.038,10.017,1958923,07845838,RAFAEL BERNARDO LÓPEZ ALIAGA CAZORLA,35,RENOVACIÓN POPULAR,11.879,9.884,1932902,TOTAL,2026-04-29T23:45:03.605422+00:00,19555135,16272181,26021
87502,96.984,90223,2222559,2026-04-29T18:45:04.638341+00:00,1237,971140,0.567,KEIKO SOFIA FUJIMORI HIGUCHI,17.101,2733777,16002918,ROBERTO HELBERT SANCHEZ PALOMINO,10,JUNTOS POR EL PERÚ,12.208,10.175,1951508,07845838,RAFAEL BERNARDO LÓPEZ ALIAGA CAZORLA,35,RENOVACIÓN POPULAR,11.641,9.702,1860882,PERU,2026-04-29T23:45:03.646514+00:00,19179754,15986055,90626
28346,96.919,29247,539287,2026-04-29T18:45:07.204945+00:00,1238,249892,-16.574,RAFAEL BERNARDO LÓPEZ ALIAGA CAZORLA,19.862,1173091,16002918,ROBERTO HELBERT SANCHEZ PALOMINO,10,JUNTOS POR EL PERÚ,3.288,2.9,194178,07845838,RAFAEL BERNARDO LÓPEZ ALIAGA CAZORLA,35,RENOVACIÓN POPULAR,19.862,17.521,1173091,140000,2026-04-29T23:45:06.560449+00:00,6695434,5906255,-978913
3371,99.235,3397,77292,2026-04-29T18:45:08.17607+00:00,1239,40357,23.004,ROBERTO HELBERT SANCHEZ PALOMINO,24.92,161018,16002918,ROBERTO HELBERT SANCHEZ PALOMINO,10,JUNTOS POR EL PERÚ,24.92,21.082,161018,07845838,RAFAEL BERNARDO LÓPEZ ALIAGA CAZORLA,35,RENOVACIÓN POPULAR,1.916,1.621,12380,200000,2026-04-29T23:45:07.770723+00:00,763786,646137,148638
2804,96.756,2898,60364,2026-04-29T18:45:08.879786+00:00,1240,28518,-11.986,KEIKO SOFIA FUJIMORI HIGUCHI,20.679,115919,16002918,ROBERTO HELBERT SANCHEZ PALOMINO,10,JUNTOS POR EL PERÚ,3.012,2.6,16883,07845838,RAFAEL BERNARDO LÓPEZ ALIAGA CAZORLA,35,RENOVACIÓN POPULAR,14.998,12.946,84074,240000,2026-04-29T23:45:08.431622+00:00,649437,560555,-67191
89850,96.857,92766,2291289,2026-04-29T19:15:04.090167+00:00,1241,992049,0.159,KEIKO SOFIA FUJIMORI HIGUCHI,17.098,2782459,16002918,ROBERTO HELBERT SANCHEZ PALOMINO,10,JUNTOS POR EL PERÚ,12.038,10.017,1958992,07845838,RAFAEL BERNARDO LÓPEZ ALIAGA CAZORLA,35,RENOVACIÓN POPULAR,11.879,9.885,1933151,TOTAL,2026-04-30T00:15:03.370844+00:00,19557347,16274009,25841
87502,96.984,90223,2222810,2026-04-29T19:15:04.527496+00:00,1242,971273,0.566,KEIKO SOFIA FUJIMORI HIGUCHI,17.102,2734206,16002918,ROBERTO HELBERT SANCHEZ PALOMINO,10,JUNTOS POR EL PERÚ,12.207,10.174,1951577,07845838,RAFAEL BERNARDO LÓPEZ ALIAGA CAZORLA,35,RENOVACIÓN POPULAR,11.641,9.703,1861131,PERU,2026-04-30T00:15:03.412838+00:00,19181966,15987883,90446
3641,98.645,3691,105504,2026-04-29T19:15:06.653149+00:00,1243,41451,4.647,KEIKO SOFIA FUJIMORI HIGUCHI,17.015,106929,16002918,ROBERTO HELBERT SANCHEZ PALOMINO,10,JUNTOS POR EL PERÚ,12.244,9.924,76950,07845838,RAFAEL BERNARDO LÓPEZ ALIAGA CAZORLA,35,RENOVACIÓN POPULAR,7.597,6.157,47745,110000,2026-04-30T00:15:06.246168+00:00,775411,628456,29205
28346,96.919,29247,539351,2026-04-29T19:15:07.278533+00:00,1244,249930,-16.574,RAFAEL BERNARDO LÓPEZ ALIAGA CAZORLA,19.861,1173246,16002918,ROBERTO HELBERT SANCHEZ PALOMINO,10,JUNTOS POR EL PERÚ,3.287,2.9,194194,07845838,RAFAEL BERNARDO LÓPEZ ALIAGA CAZORLA,35,RENOVACIÓN POPULAR,19.861,17.52,1173246,140000,2026-04-30T00:15:06.799737+00:00,6696439,5907158,-979052
5097,96.516,5281,176215,2026-04-29T19:15:08.323349+00:00,1245,80638,4.591,KEIKO SOFIA FUJIMORI HIGUCHI,27.979,238359,16002918,ROBERTO HELBERT SANCHEZ PALOMINO,10,JUNTOS POR EL PERÚ,11.319,8.697,96432,07845838,RAFAEL BERNARDO LÓPEZ ALIAGA CAZORLA,35,RENOVACIÓN POPULAR,6.728,5.17,57320,190000,2026-04-30T00:15:07.895534+00:00,1108772,851919,39112
2805,96.791,2898,60380,2026-04-29T19:15:09.285853+00:00,1246,28534,-11.99,KEIKO SOFIA FUJIMORI HIGUCHI,20.676,115952,16002918,ROBERTO HELBERT SANCHEZ PALOMINO,10,JUNTOS POR EL PERÚ,3.011,2.599,16885,07845838,RAFAEL BERNARDO LÓPEZ ALIAGA CAZORLA,35,RENOVACIÓN POPULAR,15.001,12.948,84127,240000,2026-04-30T00:15:08.796997+00:00,649728,560814,-67242
89859,96.866,92766,2291289,2026-04-29T19:30:05.305494+00:00,1247,992049,0.159,KEIKO SOFIA FUJIMORI HIGUCHI,17.098,2782459,16002918,ROBERTO HELBERT SANCHEZ PALOMINO,10,JUNTOS POR EL PERÚ,12.038,10.017,1958992,07845838,RAFAEL BERNARDO LÓPEZ ALIAGA CAZORLA,35,RENOVACIÓN POPULAR,11.879,9.885,1933151,TOTAL,2026-04-30T00:30:04.815606+00:00,19557347,16274009,25841
87511,96.994,90223,2222810,2026-04-29T19:30:05.674943+00:00,1248,971273,0.566,KEIKO SOFIA FUJIMORI HIGUCHI,17.102,2734206,16002918,ROBERTO HELBERT SANCHEZ PALOMINO,10,JUNTOS POR EL PERÚ,12.207,10.174,1951577,07845838,RAFAEL BERNARDO LÓPEZ ALIAGA CAZORLA,35,RENOVACIÓN POPULAR,11.641,9.703,1861131,PERU,2026-04-30T00:30:04.857125+00:00,19181966,15987883,90446
28350,96.933,29247,539351,2026-04-29T19:30:08.262317+00:00,1249,249930,-16.574,RAFAEL BERNARDO LÓPEZ ALIAGA CAZORLA,19.861,1173246,16002918,ROBERTO HELBERT SANCHEZ PALOMINO,10,JUNTOS POR EL PERÚ,3.287,2.9,194194,07845838,RAFAEL BERNARDO LÓPEZ ALIAGA CAZORLA,35,RENOVACIÓN POPULAR,19.861,17.52,1173246,140000,2026-04-30T00:30:07.81487+00:00,6696439,5907158,-979052
87544,97.031,90223,2223865,2026-04-29T20:00:07.032214+00:00,1250,971858,0.565,KEIKO SOFIA FUJIMORI HIGUCHI,17.103,2735355,16002918,ROBERTO HELBERT SANCHEZ PALOMINO,10,JUNTOS POR EL PERÚ,12.206,10.173,1952187,07845838,RAFAEL BERNARDO LÓPEZ ALIAGA CAZORLA,35,RENOVACIÓN POPULAR,11.641,9.702,1861712,PERU,2026-04-30T01:00:06.244302+00:00,19188963,15993240,90475
89892,96.902,92766,2292344,2026-04-29T20:00:07.326137+00:00,1251,992634,0.159,KEIKO SOFIA FUJIMORI HIGUCHI,17.099,2783608,16002918,ROBERTO HELBERT SANCHEZ PALOMINO,10,JUNTOS POR EL PERÚ,12.037,10.016,1959602,07845838,RAFAEL BERNARDO LÓPEZ ALIAGA CAZORLA,35,RENOVACIÓN POPULAR,11.878,9.884,1933732,TOTAL,2026-04-30T01:00:06.28468+00:00,19564344,16279366,25870
3651,98.916,3691,105930,2026-04-29T20:00:09.435482+00:00,1252,41647,4.658,KEIKO SOFIA FUJIMORI HIGUCHI,17.037,107311,16002918,ROBERTO HELBERT SANCHEZ PALOMINO,10,JUNTOS POR EL PERÚ,12.253,9.927,77177,07845838,RAFAEL BERNARDO LÓPEZ ALIAGA CAZORLA,35,RENOVACIÓN POPULAR,7.595,6.153,47837,110000,2026-04-30T01:00:08.891683+00:00,777450,629873,29340
28356,96.954,29247,539461,2026-04-29T20:00:10.04892+00:00,1253,250021,-16.574,RAFAEL BERNARDO LÓPEZ ALIAGA CAZORLA,19.861,1173461,16002918,ROBERTO HELBERT SANCHEZ PALOMINO,10,JUNTOS POR EL PERÚ,3.287,2.9,194228,07845838,RAFAEL BERNARDO LÓPEZ ALIAGA CAZORLA,35,RENOVACIÓN POPULAR,19.861,17.52,1173461,140000,2026-04-30T01:00:09.588981+00:00,6697922,5908440,-979233
793,98.878,802,21887,2026-04-29T20:00:10.826189+00:00,1254,7940,12.09,KEIKO SOFIA FUJIMORI HIGUCHI,18.769,21502,16002918,ROBERTO HELBERT SANCHEZ PALOMINO,10,JUNTOS POR EL PERÚ,18.668,14.812,21386,07845838,RAFAEL BERNARDO LÓPEZ ALIAGA CAZORLA,35,RENOVACIÓN POPULAR,6.578,5.219,7536,180000,2026-04-30T01:00:10.353913+00:00,144386,114559,13850
5102,96.61,5281,176487,2026-04-29T20:00:11.150244+00:00,1255,80725,4.601,KEIKO SOFIA FUJIMORI HIGUCHI,27.985,238592,16002918,ROBERTO HELBERT SANCHEZ PALOMINO,10,JUNTOS POR EL PERÚ,11.326,8.701,96559,07845838,RAFAEL BERNARDO LÓPEZ ALIAGA CAZORLA,35,RENOVACIÓN POPULAR,6.725,5.166,57332,190000,2026-04-30T01:00:10.500846+00:00,1109787,852575,39227
2809,96.929,2898,60447,2026-04-29T20:00:12.103758+00:00,1256,28621,-12.008,KEIKO SOFIA FUJIMORI HIGUCHI,20.671,116098,16002918,ROBERTO HELBERT SANCHEZ PALOMINO,10,JUNTOS POR EL PERÚ,3.008,2.596,16895,07845838,RAFAEL BERNARDO LÓPEZ ALIAGA CAZORLA,35,RENOVACIÓN POPULAR,15.016,12.961,84336,240000,2026-04-30T01:00:11.613908+00:00,650714,561646,-67441
89892,96.902,92766,2292439,2026-04-29T20:30:05.778809+00:00,1257,992709,0.159,KEIKO SOFIA FUJIMORI HIGUCHI,17.099,2783748,16002918,ROBERTO HELBERT SANCHEZ PALOMINO,10,JUNTOS POR EL PERÚ,12.037,10.016,1959739,07845838,RAFAEL BERNARDO LÓPEZ ALIAGA CAZORLA,35,RENOVACIÓN POPULAR,11.878,9.884,1933843,TOTAL,2026-04-30T01:30:05.28163+00:00,19565431,16280283,25896
87544,97.031,90223,2223960,2026-04-29T20:30:06.172465+00:00,1258,971933,0.565,KEIKO SOFIA FUJIMORI HIGUCHI,17.103,2735495,16002918,ROBERTO HELBERT SANCHEZ PALOMINO,10,JUNTOS POR EL PERÚ,12.206,10.174,1952324,07845838,RAFAEL BERNARDO LÓPEZ ALIAGA CAZORLA,35,RENOVACIÓN POPULAR,11.641,9.702,1861823,PERU,2026-04-30T01:30:05.323386+00:00,19190050,15994157,90501
28359,96.964,29247,539461,2026-04-29T20:30:08.486743+00:00,1259,250021,-16.574,RAFAEL BERNARDO LÓPEZ ALIAGA CAZORLA,19.861,1173461,16002918,ROBERTO HELBERT SANCHEZ PALOMINO,10,JUNTOS POR EL PERÚ,3.287,2.9,194228,07845838,RAFAEL BERNARDO LÓPEZ ALIAGA CAZORLA,35,RENOVACIÓN POPULAR,19.861,17.52,1173461,140000,2026-04-30T01:30:08.024953+00:00,6697922,5908440,-979233
2374,93.686,2534,98012,2026-04-29T20:30:09.718366+00:00,1260,35897,17.891,ROBERTO HELBERT SANCHEZ PALOMINO,23.777,86916,16002918,ROBERTO HELBERT SANCHEZ PALOMINO,10,JUNTOS POR EL PERÚ,23.777,17.402,86916,07845838,RAFAEL BERNARDO LÓPEZ ALIAGA CAZORLA,35,RENOVACIÓN POPULAR,5.886,4.308,21517,210000,2026-04-30T01:30:09.208205+00:00,499462,365553,65399
89897,96.907,92766,2292439,2026-04-29T20:45:03.911886+00:00,1261,992709,0.159,KEIKO SOFIA FUJIMORI HIGUCHI,17.099,2783748,16002918,ROBERTO HELBERT SANCHEZ PALOMINO,10,JUNTOS POR EL PERÚ,12.037,10.016,1959739,07845838,RAFAEL BERNARDO LÓPEZ ALIAGA CAZORLA,35,RENOVACIÓN POPULAR,11.878,9.884,1933843,TOTAL,2026-04-30T01:45:03.305074+00:00,19565431,16280283,25896
87549,97.036,90223,2223960,2026-04-29T20:45:04.367023+00:00,1262,971933,0.565,KEIKO SOFIA FUJIMORI HIGUCHI,17.103,2735495,16002918,ROBERTO HELBERT SANCHEZ PALOMINO,10,JUNTOS POR EL PERÚ,12.206,10.174,1952324,07845838,RAFAEL BERNARDO LÓPEZ ALIAGA CAZORLA,35,RENOVACIÓN POPULAR,11.641,9.702,1861823,PERU,2026-04-30T01:45:03.346348+00:00,19190050,15994157,90501
28359,96.964,29247,539484,2026-04-29T20:45:07.272409+00:00,1263,250068,-16.573,RAFAEL BERNARDO LÓPEZ ALIAGA CAZORLA,19.86,1173564,16002918,ROBERTO HELBERT SANCHEZ PALOMINO,10,JUNTOS POR EL PERÚ,3.287,2.9,194245,07845838,RAFAEL BERNARDO LÓPEZ ALIAGA CAZORLA,35,RENOVACIÓN POPULAR,19.86,17.519,1173564,140000,2026-04-30T01:45:06.641246+00:00,6698618,5909066,-979319
2374,93.686,2534,98084,2026-04-29T20:45:08.612367+00:00,1264,35925,17.906,ROBERTO HELBERT SANCHEZ PALOMINO,23.79,87036,16002918,ROBERTO HELBERT SANCHEZ PALOMINO,10,JUNTOS POR EL PERÚ,23.79,17.412,87036,07845838,RAFAEL BERNARDO LÓPEZ ALIAGA CAZORLA,35,RENOVACIÓN POPULAR,5.884,4.306,21525,210000,2026-04-30T01:45:07.887961+00:00,499853,365844,65511
87581,97.072,90223,2225108,2026-04-29T21:30:05.730482+00:00,1265,972584,0.571,KEIKO SOFIA FUJIMORI HIGUCHI,17.105,2736623,16002918,ROBERTO HELBERT SANCHEZ PALOMINO,10,JUNTOS POR EL PERÚ,12.21,10.176,1953461,07845838,RAFAEL BERNARDO LÓPEZ ALIAGA CAZORLA,35,RENOVACIÓN POPULAR,11.639,9.7,1862083,PERU,2026-04-30T02:30:05.334871+00:00,19196956,15999264,91378
89929,96.942,92766,2293587,2026-04-29T21:30:06.029388+00:00,1266,993360,0.165,KEIKO SOFIA FUJIMORI HIGUCHI,17.1,2784876,16002918,ROBERTO HELBERT SANCHEZ PALOMINO,10,JUNTOS POR EL PERÚ,12.041,10.019,1960876,07845838,RAFAEL BERNARDO LÓPEZ ALIAGA CAZORLA,35,RENOVACIÓN POPULAR,11.876,9.882,1934103,TOTAL,2026-04-30T02:30:05.375334+00:00,19572337,16285390,26773
4148,97.83,4240,121975,2026-04-29T21:30:07.204084+00:00,1267,52659,38.321,ROBERTO HELBERT SANCHEZ PALOMINO,41.573,262768,16002918,ROBERTO HELBERT SANCHEZ PALOMINO,10,JUNTOS POR EL PERÚ,41.573,32.573,262768,07845838,RAFAEL BERNARDO LÓPEZ ALIAGA CAZORLA,35,RENOVACIÓN POPULAR,3.252,2.548,20552,060000,2026-04-30T02:30:06.732554+00:00,806696,632062,242216
2359,87.468,2697,74531,2026-04-29T21:30:08.694775+00:00,1268,23127,3.696,KEIKO SOFIA FUJIMORI HIGUCHI,27.824,83345,16002918,ROBERTO HELBERT SANCHEZ PALOMINO,10,JUNTOS POR EL PERÚ,10.399,7.842,31148,07845838,RAFAEL BERNARDO LÓPEZ ALIAGA CAZORLA,35,RENOVACIÓN POPULAR,6.703,5.055,20077,150000,2026-04-30T02:30:08.239512+00:00,397199,299541,11071
5112,96.8,5281,176846,2026-04-29T21:30:09.367055+00:00,1269,80956,4.615,KEIKO SOFIA FUJIMORI HIGUCHI,27.987,238998,16002918,ROBERTO HELBERT SANCHEZ PALOMINO,10,JUNTOS POR EL PERÚ,11.339,8.709,96829,07845838,RAFAEL BERNARDO LÓPEZ ALIAGA CAZORLA,35,RENOVACIÓN POPULAR,6.724,5.164,57417,190000,2026-04-30T02:30:08.969894+00:00,1111776,853974,39412
2390,94.317,2534,98740,2026-04-29T21:30:09.920058+00:00,1270,36295,17.955,ROBERTO HELBERT SANCHEZ PALOMINO,23.829,87768,16002918,ROBERTO HELBERT SANCHEZ PALOMINO,10,JUNTOS POR EL PERÚ,23.829,17.436,87768,07845838,RAFAEL BERNARDO LÓPEZ ALIAGA CAZORLA,35,RENOVACIÓN POPULAR,5.874,4.298,21636,210000,2026-04-30T02:30:09.501355+00:00,503367,368332,66132
1037,99.616,1041,18826,2026-04-29T21:30:10.209126+00:00,1271,9119,5.667,RICARDO PABLO BELMONT CASSINELLI,14.631,32202,16002918,ROBERTO HELBERT SANCHEZ PALOMINO,10,JUNTOS POR EL PERÚ,11.872,10.534,26130,07845838,RAFAEL BERNARDO LÓPEZ ALIAGA CAZORLA,35,RENOVACIÓN POPULAR,6.205,5.506,13657,220000,2026-04-30T02:30:09.559652+00:00,248043,220098,12473
89929,96.942,92766,2294598,2026-04-29T22:00:06.47643+00:00,1272,993795,0.169,KEIKO SOFIA FUJIMORI HIGUCHI,17.102,2785817,16002918,ROBERTO HELBERT SANCHEZ PALOMINO,10,JUNTOS POR EL PERÚ,12.044,10.021,1961960,07845838,RAFAEL BERNARDO LÓPEZ ALIAGA CAZORLA,35,RENOVACIÓN POPULAR,11.875,9.88,1934317,TOTAL,2026-04-30T03:00:06.01622+00:00,19577881,16289488,27643
87581,97.072,90223,2226119,2026-04-29T22:00:06.82551+00:00,1273,973019,0.576,KEIKO SOFIA FUJIMORI HIGUCHI,17.106,2737564,16002918,ROBERTO HELBERT SANCHEZ PALOMINO,10,JUNTOS POR EL PERÚ,12.213,10.179,1954545,07845838,RAFAEL BERNARDO LÓPEZ ALIAGA CAZORLA,35,RENOVACIÓN POPULAR,11.637,9.698,1862297,PERU,2026-04-30T03:00:06.057988+00:00,19202500,16003362,92248
4152,97.925,4240,121975,2026-04-29T22:00:07.902788+00:00,1274,52659,38.321,ROBERTO HELBERT SANCHEZ PALOMINO,41.573,262768,16002918,ROBERTO HELBERT SANCHEZ PALOMINO,10,JUNTOS POR EL PERÚ,41.573,32.573,262768,07845838,RAFAEL BERNARDO LÓPEZ ALIAGA CAZORLA,35,RENOVACIÓN POPULAR,3.252,2.548,20552,060000,2026-04-30T03:00:07.471385+00:00,806696,632062,242216
89955,96.97,92766,2294598,2026-04-29T22:15:03.691289+00:00,1275,993795,0.169,KEIKO SOFIA FUJIMORI HIGUCHI,17.102,2785817,16002918,ROBERTO HELBERT SANCHEZ PALOMINO,10,JUNTOS POR EL PERÚ,12.044,10.021,1961960,07845838,RAFAEL BERNARDO LÓPEZ ALIAGA CAZORLA,35,RENOVACIÓN POPULAR,11.875,9.88,1934317,TOTAL,2026-04-30T03:15:03.210295+00:00,19577881,16289488,27643
87607,97.101,90223,2226119,2026-04-29T22:15:04.026369+00:00,1276,973019,0.576,KEIKO SOFIA FUJIMORI HIGUCHI,17.106,2737564,16002918,ROBERTO HELBERT SANCHEZ PALOMINO,10,JUNTOS POR EL PERÚ,12.213,10.179,1954545,07845838,RAFAEL BERNARDO LÓPEZ ALIAGA CAZORLA,35,RENOVACIÓN POPULAR,11.637,9.698,1862297,PERU,2026-04-30T03:15:03.252149+00:00,19202500,16003362,92248
1887,99.316,1900,52519,2026-04-29T22:15:05.081242+00:00,1277,18810,28.575,ROBERTO HELBERT SANCHEZ PALOMINO,31.311,88382,16002918,ROBERTO HELBERT SANCHEZ PALOMINO,10,JUNTOS POR EL PERÚ,31.311,24.995,88382,07845838,RAFAEL BERNARDO LÓPEZ ALIAGA CAZORLA,35,RENOVACIÓN POPULAR,2.736,2.184,7723,050000,2026-04-30T03:15:04.667353+00:00,353597,282268,80659
4152,97.925,4240,122035,2026-04-29T22:15:05.456405+00:00,1278,52717,38.302,ROBERTO HELBERT SANCHEZ PALOMINO,41.557,262908,16002918,ROBERTO HELBERT SANCHEZ PALOMINO,10,JUNTOS POR EL PERÚ,41.557,32.562,262908,07845838,RAFAEL BERNARDO LÓPEZ ALIAGA CAZORLA,35,RENOVACIÓN POPULAR,3.255,2.55,20592,060000,2026-04-30T03:15:04.90851+00:00,807400,632648,242316
2408,95.028,2534,99560,2026-04-29T22:15:07.863775+00:00,1279,36576,18.009,ROBERTO HELBERT SANCHEZ PALOMINO,23.872,88613,16002918,ROBERTO HELBERT SANCHEZ PALOMINO,10,JUNTOS POR EL PERÚ,23.872,17.466,88613,07845838,RAFAEL BERNARDO LÓPEZ ALIAGA CAZORLA,35,RENOVACIÓN POPULAR,5.863,4.29,21763,210000,2026-04-30T03:15:07.52143+00:00,507337,371201,66850
588,93.038,632,20000,2026-04-29T22:15:08.352882+00:00,1280,8550,0.913,KEIKO SOFIA FUJIMORI HIGUCHI,33.963,35085,16002918,ROBERTO HELBERT SANCHEZ PALOMINO,10,JUNTOS POR EL PERÚ,6.846,5.363,7072,07845838,RAFAEL BERNARDO LÓPEZ ALIAGA CAZORLA,35,RENOVACIÓN POPULAR,5.933,4.648,6129,230000,2026-04-30T03:15:07.977174+00:00,131855,103305,943
89973,96.989,92766,2295234,2026-04-29T23:00:06.941168+00:00,1281,994049,0.171,KEIKO SOFIA FUJIMORI HIGUCHI,17.106,2786945,16002918,ROBERTO HELBERT SANCHEZ PALOMINO,10,JUNTOS POR EL PERÚ,12.044,10.021,1962218,07845838,RAFAEL BERNARDO LÓPEZ ALIAGA CAZORLA,35,RENOVACIÓN POPULAR,11.873,9.879,1934477,TOTAL,2026-04-30T04:00:06.013262+00:00,19581894,16292611,27741
87625,97.12,90223,2226755,2026-04-29T23:00:07.27424+00:00,1282,973273,0.577,KEIKO SOFIA FUJIMORI HIGUCHI,17.11,2738692,16002918,ROBERTO HELBERT SANCHEZ PALOMINO,10,JUNTOS POR EL PERÚ,12.213,10.178,1954803,07845838,RAFAEL BERNARDO LÓPEZ ALIAGA CAZORLA,35,RENOVACIÓN POPULAR,11.636,9.697,1862457,PERU,2026-04-30T04:00:06.055398+00:00,19206513,16006485,92346
606,95.886,632,20636,2026-04-29T23:00:10.829378+00:00,1283,8804,0.978,KEIKO SOFIA FUJIMORI HIGUCHI,34.026,36213,16002918,ROBERTO HELBERT SANCHEZ PALOMINO,10,JUNTOS POR EL PERÚ,6.887,5.395,7330,07845838,RAFAEL BERNARDO LÓPEZ ALIAGA CAZORLA,35,RENOVACIÓN POPULAR,5.909,4.629,6289,230000,2026-04-30T04:00:10.398139+00:00,135868,106428,1041
89973,96.989,92766,2295654,2026-04-29T23:30:05.177067+00:00,1284,994281,0.17,KEIKO SOFIA FUJIMORI HIGUCHI,17.108,2787631,16002918,ROBERTO HELBERT SANCHEZ PALOMINO,10,JUNTOS POR EL PERÚ,12.043,10.02,1962374,07845838,RAFAEL BERNARDO LÓPEZ ALIAGA CAZORLA,35,RENOVACIÓN POPULAR,11.873,9.878,1934594,TOTAL,2026-04-30T04:30:04.752527+00:00,19584527,16294592,27780
87637,97.134,90223,2227175,2026-04-29T23:30:05.556474+00:00,1285,973505,0.577,KEIKO SOFIA FUJIMORI HIGUCHI,17.112,2739378,16002918,ROBERTO HELBERT SANCHEZ PALOMINO,10,JUNTOS POR EL PERÚ,12.212,10.177,1954959,07845838,RAFAEL BERNARDO LÓPEZ ALIAGA CAZORLA,35,RENOVACIÓN POPULAR,11.635,9.696,1862574,PERU,2026-04-30T04:30:04.793634+00:00,19209146,16008466,92385
89985,97.002,92766,2295654,2026-04-29T23:45:04.042568+00:00,1286,994281,0.17,KEIKO SOFIA FUJIMORI HIGUCHI,17.108,2787631,16002918,ROBERTO HELBERT SANCHEZ PALOMINO,10,JUNTOS POR EL PERÚ,12.043,10.02,1962374,07845838,RAFAEL BERNARDO LÓPEZ ALIAGA CAZORLA,35,RENOVACIÓN POPULAR,11.873,9.878,1934594,TOTAL,2026-04-30T04:45:03.246647+00:00,19584527,16294592,27780
618,97.785,632,21056,2026-04-29T23:45:07.795718+00:00,1287,9036,0.996,KEIKO SOFIA FUJIMORI HIGUCHI,34.037,36899,16002918,ROBERTO HELBERT SANCHEZ PALOMINO,10,JUNTOS POR EL PERÚ,6.905,5.405,7486,07845838,RAFAEL BERNARDO LÓPEZ ALIAGA CAZORLA,35,RENOVACIÓN POPULAR,5.909,4.625,6406,230000,2026-04-30T04:45:07.379318+00:00,138501,108409,1080
87650,97.148,90223,2227686,2026-04-30T01:00:06.271056+00:00,1288,973713,0.578,KEIKO SOFIA FUJIMORI HIGUCHI,17.115,2740253,16002918,ROBERTO HELBERT SANCHEZ PALOMINO,10,JUNTOS POR EL PERÚ,12.212,10.177,1955212,07845838,RAFAEL BERNARDO LÓPEZ ALIAGA CAZORLA,35,RENOVACIÓN POPULAR,11.634,9.696,1862718,PERU,2026-04-30T06:00:05.454465+00:00,19212172,16010773,92494
89985,97.002,92766,2296165,2026-04-30T01:00:06.622399+00:00,1289,994489,0.171,KEIKO SOFIA FUJIMORI HIGUCHI,17.111,2788506,16002918,ROBERTO HELBERT SANCHEZ PALOMINO,10,JUNTOS POR EL PERÚ,12.043,10.02,1962627,07845838,RAFAEL BERNARDO LÓPEZ ALIAGA CAZORLA,35,RENOVACIÓN POPULAR,11.872,9.877,1934738,TOTAL,2026-04-30T06:00:05.455961+00:00,19587553,16296899,27889
618,97.785,632,21567,2026-04-30T01:00:10.201656+00:00,1290,9244,1.074,KEIKO SOFIA FUJIMORI HIGUCHI,34.118,37774,16002918,ROBERTO HELBERT SANCHEZ PALOMINO,10,JUNTOS POR EL PERÚ,6.99,5.468,7739,07845838,RAFAEL BERNARDO LÓPEZ ALIAGA CAZORLA,35,RENOVACIÓN POPULAR,5.916,4.628,6550,230000,2026-04-30T06:00:09.684291+00:00,141527,110716,1189
89998,97.016,92766,2296165,2026-04-30T01:15:04.107479+00:00,1291,994489,0.171,KEIKO SOFIA FUJIMORI HIGUCHI,17.111,2788506,16002918,ROBERTO HELBERT SANCHEZ PALOMINO,10,JUNTOS POR EL PERÚ,12.043,10.02,1962627,07845838,RAFAEL BERNARDO LÓPEZ ALIAGA CAZORLA,35,RENOVACIÓN POPULAR,11.872,9.877,1934738,TOTAL,2026-04-30T06:15:03.429913+00:00,19587553,16296899,27889
631,99.842,632,21567,2026-04-30T01:15:07.75839+00:00,1292,9244,1.074,KEIKO SOFIA FUJIMORI HIGUCHI,34.118,37774,16002918,ROBERTO HELBERT SANCHEZ PALOMINO,10,JUNTOS POR EL PERÚ,6.99,5.468,7739,07845838,RAFAEL BERNARDO LÓPEZ ALIAGA CAZORLA,35,RENOVACIÓN POPULAR,5.916,4.628,6550,230000,2026-04-30T06:15:07.413138+00:00,141527,110716,1189
87652,97.15,90223,2227714,2026-04-30T10:15:04.344178+00:00,1293,973744,0.578,KEIKO SOFIA FUJIMORI HIGUCHI,17.115,2740290,16002918,ROBERTO HELBERT SANCHEZ PALOMINO,10,JUNTOS POR EL PERÚ,12.212,10.177,1955230,07845838,RAFAEL BERNARDO LÓPEZ ALIAGA CAZORLA,35,RENOVACIÓN POPULAR,11.634,9.696,1862783,PERU,2026-04-30T15:15:03.49852+00:00,19212638,16011180,92447
89998,97.016,92766,2296193,2026-04-30T10:15:04.71472+00:00,1294,994520,0.171,KEIKO SOFIA FUJIMORI HIGUCHI,17.11,2788543,16002918,ROBERTO HELBERT SANCHEZ PALOMINO,10,JUNTOS POR EL PERÚ,12.043,10.02,1962645,07845838,RAFAEL BERNARDO LÓPEZ ALIAGA CAZORLA,35,RENOVACIÓN POPULAR,11.872,9.877,1934803,TOTAL,2026-04-30T15:15:03.500004+00:00,19588019,16297306,27842
4189,99.383,4215,74437,2026-04-30T10:15:05.630092+00:00,1295,38620,-0.529,JORGE NIETO MONTESINOS,18.656,163253,16002918,ROBERTO HELBERT SANCHEZ PALOMINO,10,JUNTOS POR EL PERÚ,10.071,8.918,88125,07845838,RAFAEL BERNARDO LÓPEZ ALIAGA CAZORLA,35,RENOVACIÓN POPULAR,10.6,9.387,92756,040000,2026-04-30T15:15:05.25734+00:00,988122,875065,-4631
90000,97.018,92766,2296193,2026-04-30T10:30:06.623305+00:00,1296,994520,0.171,KEIKO SOFIA FUJIMORI HIGUCHI,17.11,2788543,16002918,ROBERTO HELBERT SANCHEZ PALOMINO,10,JUNTOS POR EL PERÚ,12.043,10.02,1962645,07845838,RAFAEL BERNARDO LÓPEZ ALIAGA CAZORLA,35,RENOVACIÓN POPULAR,11.872,9.877,1934803,TOTAL,2026-04-30T15:30:05.209047+00:00,19588019,16297306,27842
87652,97.15,90223,2227739,2026-04-30T11:00:06.443762+00:00,1297,973792,0.576,KEIKO SOFIA FUJIMORI HIGUCHI,17.115,2740358,16002918,ROBERTO HELBERT SANCHEZ PALOMINO,10,JUNTOS POR EL PERÚ,12.211,10.177,1955242,07845838,RAFAEL BERNARDO LÓPEZ ALIAGA CAZORLA,35,RENOVACIÓN POPULAR,11.635,9.696,1862873,PERU,2026-04-30T16:00:05.840465+00:00,19213083,16011552,92369
90000,97.018,92766,2296218,2026-04-30T11:00:06.781925+00:00,1298,994568,0.171,KEIKO SOFIA FUJIMORI HIGUCHI,17.11,2788611,16002918,ROBERTO HELBERT SANCHEZ PALOMINO,10,JUNTOS POR EL PERÚ,12.043,10.019,1962657,07845838,RAFAEL BERNARDO LÓPEZ ALIAGA CAZORLA,35,RENOVACIÓN POPULAR,11.872,9.878,1934893,TOTAL,2026-04-30T16:00:05.882435+00:00,19588464,16297678,27764
28359,96.964,29247,539484,2026-04-30T11:00:09.585952+00:00,1299,250097,-16.574,RAFAEL BERNARDO LÓPEZ ALIAGA CAZORLA,19.861,1173628,16002918,ROBERTO HELBERT SANCHEZ PALOMINO,10,JUNTOS POR EL PERÚ,3.287,2.9,194247,07845838,RAFAEL BERNARDO LÓPEZ ALIAGA CAZORLA,35,RENOVACIÓN POPULAR,19.861,17.52,1173628,140000,2026-04-30T16:00:08.948352+00:00,6698844,5909263,-979381
5113,96.819,5281,176871,2026-04-30T11:00:10.723446+00:00,1300,80975,4.612,KEIKO SOFIA FUJIMORI HIGUCHI,27.985,239036,16002918,ROBERTO HELBERT SANCHEZ PALOMINO,10,JUNTOS POR EL PERÚ,11.337,8.709,96839,07845838,RAFAEL BERNARDO LÓPEZ ALIAGA CAZORLA,35,RENOVACIÓN POPULAR,6.725,5.166,57443,190000,2026-04-30T16:00:10.112235+00:00,1111995,854149,39396
90002,97.02,92766,2296218,2026-04-30T11:15:04.222967+00:00,1301,994568,0.171,KEIKO SOFIA FUJIMORI HIGUCHI,17.11,2788611,16002918,ROBERTO HELBERT SANCHEZ PALOMINO,10,JUNTOS POR EL PERÚ,12.043,10.019,1962657,07845838,RAFAEL BERNARDO LÓPEZ ALIAGA CAZORLA,35,RENOVACIÓN POPULAR,11.872,9.878,1934893,TOTAL,2026-04-30T16:15:03.437495+00:00,19588464,16297678,27764
87654,97.153,90223,2227739,2026-04-30T11:15:04.539931+00:00,1302,973792,0.576,KEIKO SOFIA FUJIMORI HIGUCHI,17.115,2740358,16002918,ROBERTO HELBERT SANCHEZ PALOMINO,10,JUNTOS POR EL PERÚ,12.211,10.177,1955242,07845838,RAFAEL BERNARDO LÓPEZ ALIAGA CAZORLA,35,RENOVACIÓN POPULAR,11.635,9.696,1862873,PERU,2026-04-30T16:15:03.479419+00:00,19213083,16011552,92369
28360,96.967,29247,539484,2026-04-30T11:15:07.014106+00:00,1303,250097,-16.574,RAFAEL BERNARDO LÓPEZ ALIAGA CAZORLA,19.861,1173628,16002918,ROBERTO HELBERT SANCHEZ PALOMINO,10,JUNTOS POR EL PERÚ,3.287,2.9,194247,07845838,RAFAEL BERNARDO LÓPEZ ALIAGA CAZORLA,35,RENOVACIÓN POPULAR,19.861,17.52,1173628,140000,2026-04-30T16:15:06.617528+00:00,6698844,5909263,-979381
90016,97.036,92766,2296674,2026-04-30T12:15:04.465394+00:00,1304,994739,0.17,KEIKO SOFIA FUJIMORI HIGUCHI,17.112,2789161,16002918,ROBERTO HELBERT SANCHEZ PALOMINO,10,JUNTOS POR EL PERÚ,12.042,10.019,1962775,07845838,RAFAEL BERNARDO LÓPEZ ALIAGA CAZORLA,35,RENOVACIÓN POPULAR,11.872,9.877,1935104,TOTAL,2026-04-30T17:15:03.558348+00:00,19591215,16299802,27671
87668,97.168,90223,2228195,2026-04-30T12:15:04.906434+00:00,1305,973963,0.577,KEIKO SOFIA FUJIMORI HIGUCHI,17.116,2740908,16002918,ROBERTO HELBERT SANCHEZ PALOMINO,10,JUNTOS POR EL PERÚ,12.211,10.176,1955360,07845838,RAFAEL BERNARDO LÓPEZ ALIAGA CAZORLA,35,RENOVACIÓN POPULAR,11.634,9.696,1863084,PERU,2026-04-30T17:15:03.559828+00:00,19215834,16013676,92276
28361,96.971,29247,539528,2026-04-30T12:15:07.261715+00:00,1306,250122,-16.573,RAFAEL BERNARDO LÓPEZ ALIAGA CAZORLA,19.86,1173639,16002918,ROBERTO HELBERT SANCHEZ PALOMINO,10,JUNTOS POR EL PERÚ,3.287,2.9,194268,07845838,RAFAEL BERNARDO LÓPEZ ALIAGA CAZORLA,35,RENOVACIÓN POPULAR,19.86,17.519,1173639,140000,2026-04-30T17:15:06.927215+00:00,6699095,5909445,-979371
2367,87.764,2697,74794,2026-04-30T12:15:07.557983+00:00,1307,23224,3.669,KEIKO SOFIA FUJIMORI HIGUCHI,27.823,83622,16002918,ROBERTO HELBERT SANCHEZ PALOMINO,10,JUNTOS POR EL PERÚ,10.379,7.826,31194,07845838,RAFAEL BERNARDO LÓPEZ ALIAGA CAZORLA,35,RENOVACIÓN POPULAR,6.71,5.06,20168,150000,2026-04-30T17:15:07.034242+00:00,398569,300551,11026
2814,97.101,2898,60596,2026-04-30T12:15:09.151549+00:00,1308,28670,-11.998,KEIKO SOFIA FUJIMORI HIGUCHI,20.673,116299,16002918,ROBERTO HELBERT SANCHEZ PALOMINO,10,JUNTOS POR EL PERÚ,3.012,2.6,16946,07845838,RAFAEL BERNARDO LÓPEZ ALIAGA CAZORLA,35,RENOVACIÓN POPULAR,15.01,12.955,84445,240000,2026-04-30T17:15:08.642899+00:00,651844,562578,-67499
87710,97.215,90223,2229268,2026-04-30T13:00:07.0992+00:00,1309,974779,0.585,KEIKO SOFIA FUJIMORI HIGUCHI,17.115,2741817,16002918,ROBERTO HELBERT SANCHEZ PALOMINO,10,JUNTOS POR EL PERÚ,12.218,10.182,1957395,07845838,RAFAEL BERNARDO LÓPEZ ALIAGA CAZORLA,35,RENOVACIÓN POPULAR,11.633,9.695,1863687,PERU,2026-04-30T18:00:06.334628+00:00,19224156,16020109,93708
90058,97.081,92766,2297747,2026-04-30T13:00:07.457295+00:00,1310,995555,0.178,KEIKO SOFIA FUJIMORI HIGUCHI,17.11,2790070,16002918,ROBERTO HELBERT SANCHEZ PALOMINO,10,JUNTOS POR EL PERÚ,12.049,10.025,1964810,07845838,RAFAEL BERNARDO LÓPEZ ALIAGA CAZORLA,35,RENOVACIÓN POPULAR,11.871,9.876,1935707,TOTAL,2026-04-30T18:00:06.377081+00:00,19599537,16306235,29103
4190,99.407,4215,74470,2026-04-30T13:00:08.378861+00:00,1311,38626,-0.527,JORGE NIETO MONTESINOS,18.656,163273,16002918,ROBERTO HELBERT SANCHEZ PALOMINO,10,JUNTOS POR EL PERÚ,10.072,8.919,88149,07845838,RAFAEL BERNARDO LÓPEZ ALIAGA CAZORLA,35,RENOVACIÓN POPULAR,10.599,9.386,92759,040000,2026-04-30T18:00:07.996744+00:00,988295,875199,-4610
4175,98.467,4240,122653,2026-04-30T13:00:08.939897+00:00,1312,52985,38.404,ROBERTO HELBERT SANCHEZ PALOMINO,41.65,264782,16002918,ROBERTO HELBERT SANCHEZ PALOMINO,10,JUNTOS POR EL PERÚ,41.65,32.634,264782,07845838,RAFAEL BERNARDO LÓPEZ ALIAGA CAZORLA,35,RENOVACIÓN POPULAR,3.246,2.543,20634,060000,2026-04-30T18:00:08.205094+00:00,811370,635732,244148
5225,98.548,5302,156692,2026-04-30T13:00:10.040595+00:00,1313,72784,1.185,KEIKO SOFIA FUJIMORI HIGUCHI,20.234,186427,16002918,ROBERTO HELBERT SANCHEZ PALOMINO,10,JUNTOS POR EL PERÚ,9.398,7.524,86588,07845838,RAFAEL BERNARDO LÓPEZ ALIAGA CAZORLA,35,RENOVACIÓN POPULAR,8.213,6.575,75672,120000,2026-04-30T18:00:09.591007+00:00,1150853,921377,10916
3562,99.22,3590,99640,2026-04-30T13:00:10.392709+00:00,1314,49738,2.172,KEIKO SOFIA FUJIMORI HIGUCHI,26.421,174897,16002918,ROBERTO HELBERT SANCHEZ PALOMINO,10,JUNTOS POR EL PERÚ,10.746,8.768,71135,07845838,RAFAEL BERNARDO LÓPEZ ALIAGA CAZORLA,35,RENOVACIÓN POPULAR,8.574,6.995,56757,130000,2026-04-30T18:00:09.738537+00:00,811342,661964,14378
2829,97.619,2898,60942,2026-04-30T13:00:12.176957+00:00,1315,28955,-12.019,KEIKO SOFIA FUJIMORI HIGUCHI,20.668,116863,16002918,ROBERTO HELBERT SANCHEZ PALOMINO,10,JUNTOS POR EL PERÚ,3.01,2.597,17021,07845838,RAFAEL BERNARDO LÓPEZ ALIAGA CAZORLA,35,RENOVACIÓN POPULAR,15.029,12.968,84981,240000,2026-04-30T18:00:11.728182+00:00,655333,565436,-67960
90074,97.098,92766,2298199,2026-04-30T14:00:06.740746+00:00,1316,995716,0.18,KEIKO SOFIA FUJIMORI HIGUCHI,17.111,2790625,16002918,ROBERTO HELBERT SANCHEZ PALOMINO,10,JUNTOS POR EL PERÚ,12.05,10.025,1965181,07845838,RAFAEL BERNARDO LÓPEZ ALIAGA CAZORLA,35,RENOVACIÓN POPULAR,11.87,9.875,1935842,TOTAL,2026-04-30T19:00:06.211174+00:00,19602538,16308623,29339
87726,97.232,90223,2229720,2026-04-30T14:00:07.130995+00:00,1317,974940,0.586,KEIKO SOFIA FUJIMORI HIGUCHI,17.116,2742372,16002918,ROBERTO HELBERT SANCHEZ PALOMINO,10,JUNTOS POR EL PERÚ,12.219,10.182,1957766,07845838,RAFAEL BERNARDO LÓPEZ ALIAGA CAZORLA,35,RENOVACIÓN POPULAR,11.633,9.694,1863822,PERU,2026-04-30T19:00:06.253367+00:00,19227157,16022497,93944
2234,95.429,2341,69797,2026-04-30T14:00:08.804524+00:00,1318,23545,23.657,ROBERTO HELBERT SANCHEZ PALOMINO,29.585,96919,16002918,ROBERTO HELBERT SANCHEZ PALOMINO,10,JUNTOS POR EL PERÚ,29.585,23.025,96919,07845838,RAFAEL BERNARDO LÓPEZ ALIAGA CAZORLA,35,RENOVACIÓN POPULAR,5.928,4.613,19419,090000,2026-04-30T19:00:08.366506+00:00,420933,327591,77500
3652,98.943,3691,105966,2026-04-30T14:00:09.280061+00:00,1319,41661,4.66,KEIKO SOFIA FUJIMORI HIGUCHI,17.037,107338,16002918,ROBERTO HELBERT SANCHEZ PALOMINO,10,JUNTOS POR EL PERÚ,12.254,9.928,77203,07845838,RAFAEL BERNARDO LÓPEZ ALIAGA CAZORLA,35,RENOVACIÓN POPULAR,7.594,6.153,47846,110000,2026-04-30T19:00:08.620448+00:00,777644,630017,29357
5228,98.604,5302,156809,2026-04-30T14:00:09.57181+00:00,1320,72817,1.187,KEIKO SOFIA FUJIMORI HIGUCHI,20.241,186611,16002918,ROBERTO HELBERT SANCHEZ PALOMINO,10,JUNTOS POR EL PERÚ,9.398,7.524,86642,07845838,RAFAEL BERNARDO LÓPEZ ALIAGA CAZORLA,35,RENOVACIÓN POPULAR,8.211,6.573,75699,120000,2026-04-30T19:00:08.965723+00:00,1151591,921965,10943
2375,88.061,2697,75016,2026-04-30T14:00:10.265563+00:00,1321,23316,3.663,KEIKO SOFIA FUJIMORI HIGUCHI,27.816,83934,16002918,ROBERTO HELBERT SANCHEZ PALOMINO,10,JUNTOS POR EL PERÚ,10.362,7.815,31266,07845838,RAFAEL BERNARDO LÓPEZ ALIAGA CAZORLA,35,RENOVACIÓN POPULAR,6.699,5.053,20215,150000,2026-04-30T19:00:09.753492+00:00,400077,301745,11051
2830,97.654,2898,60969,2026-04-30T14:00:11.749168+00:00,1322,28966,-12.022,KEIKO SOFIA FUJIMORI HIGUCHI,20.666,116881,16002918,ROBERTO HELBERT SANCHEZ PALOMINO,10,JUNTOS POR EL PERÚ,3.01,2.597,17022,07845838,RAFAEL BERNARDO LÓPEZ ALIAGA CAZORLA,35,RENOVACIÓN POPULAR,15.032,12.97,85016,240000,2026-04-30T19:00:11.302183+00:00,655496,565561,-67994
87726,97.232,90223,2230296,2026-04-30T14:30:05.584174+00:00,1323,975109,0.586,KEIKO SOFIA FUJIMORI HIGUCHI,17.118,2743094,16002918,ROBERTO HELBERT SANCHEZ PALOMINO,10,JUNTOS POR EL PERÚ,12.218,10.181,1957918,07845838,RAFAEL BERNARDO LÓPEZ ALIAGA CAZORLA,35,RENOVACIÓN POPULAR,11.632,9.693,1863987,PERU,2026-04-30T19:30:05.178349+00:00,19230243,16024838,93931
90091,97.116,92766,2298775,2026-04-30T14:30:05.963152+00:00,1324,995885,0.18,KEIKO SOFIA FUJIMORI HIGUCHI,17.113,2791347,16002918,ROBERTO HELBERT SANCHEZ PALOMINO,10,JUNTOS POR EL PERÚ,12.049,10.024,1965333,07845838,RAFAEL BERNARDO LÓPEZ ALIAGA CAZORLA,35,RENOVACIÓN POPULAR,11.869,9.875,1936007,TOTAL,2026-04-30T19:30:05.220251+00:00,19605624,16310964,29326
87743,97.251,90223,2230296,2026-04-30T14:45:05.554647+00:00,1325,975109,0.586,KEIKO SOFIA FUJIMORI HIGUCHI,17.118,2743094,16002918,ROBERTO HELBERT SANCHEZ PALOMINO,10,JUNTOS POR EL PERÚ,12.218,10.181,1957918,07845838,RAFAEL BERNARDO LÓPEZ ALIAGA CAZORLA,35,RENOVACIÓN POPULAR,11.632,9.693,1863987,PERU,2026-04-30T19:45:04.372421+00:00,19230243,16024838,93931
2235,95.472,2341,69815,2026-04-30T14:45:07.32831+00:00,1326,23554,23.672,ROBERTO HELBERT SANCHEZ PALOMINO,29.598,96983,16002918,ROBERTO HELBERT SANCHEZ PALOMINO,10,JUNTOS POR EL PERÚ,29.598,23.034,96983,07845838,RAFAEL BERNARDO LÓPEZ ALIAGA CAZORLA,35,RENOVACIÓN POPULAR,5.926,4.612,19419,090000,2026-04-30T19:45:06.802935+00:00,421039,327670,77564
2391,88.654,2697,75574,2026-04-30T14:45:08.453367+00:00,1327,23476,3.61,KEIKO SOFIA FUJIMORI HIGUCHI,27.847,84656,16002918,ROBERTO HELBERT SANCHEZ PALOMINO,10,JUNTOS POR EL PERÚ,10.314,7.779,31354,07845838,RAFAEL BERNARDO LÓPEZ ALIAGA CAZORLA,35,RENOVACIÓN POPULAR,6.704,5.056,20380,150000,2026-04-30T19:45:07.935218+00:00,403057,304007,10974
90097,97.123,92766,2298949,2026-04-30T15:30:05.332922+00:00,1328,996026,0.18,KEIKO SOFIA FUJIMORI HIGUCHI,17.114,2791616,16002918,ROBERTO HELBERT SANCHEZ PALOMINO,10,JUNTOS POR EL PERÚ,12.049,10.024,1965378,07845838,RAFAEL BERNARDO LÓPEZ ALIAGA CAZORLA,35,RENOVACIÓN POPULAR,11.869,9.874,1936056,TOTAL,2026-04-30T20:30:04.908114+00:00,19606777,16311802,29322
87749,97.258,90223,2230470,2026-04-30T15:30:05.754832+00:00,1329,975250,0.586,KEIKO SOFIA FUJIMORI HIGUCHI,17.119,2743363,16002918,ROBERTO HELBERT SANCHEZ PALOMINO,10,JUNTOS POR EL PERÚ,12.218,10.181,1957963,07845838,RAFAEL BERNARDO LÓPEZ ALIAGA CAZORLA,35,RENOVACIÓN POPULAR,11.632,9.693,1864036,PERU,2026-04-30T20:30:04.950256+00:00,19231396,16025676,93927
2397,88.877,2697,75748,2026-04-30T15:30:08.560681+00:00,1330,23617,3.599,KEIKO SOFIA FUJIMORI HIGUCHI,27.858,84925,16002918,ROBERTO HELBERT SANCHEZ PALOMINO,10,JUNTOS POR EL PERÚ,10.3,7.768,31399,07845838,RAFAEL BERNARDO LÓPEZ ALIAGA CAZORLA,35,RENOVACIÓN POPULAR,6.701,5.054,20429,150000,2026-04-30T20:30:08.041932+00:00,404210,304845,10970
90183,97.216,92766,2301097,2026-04-30T17:15:03.873526+00:00,1331,997068,0.169,KEIKO SOFIA FUJIMORI HIGUCHI,17.118,2794522,16002918,ROBERTO HELBERT SANCHEZ PALOMINO,10,JUNTOS POR EL PERÚ,12.043,10.019,1966084,07845838,RAFAEL BERNARDO LÓPEZ ALIAGA CAZORLA,35,RENOVACIÓN POPULAR,11.874,9.879,1938524,TOTAL,2026-04-30T22:15:03.194096+00:00,19623375,16325210,27560
87835,97.353,90223,2232618,2026-04-30T17:15:04.24082+00:00,1332,976292,0.575,KEIKO SOFIA FUJIMORI HIGUCHI,17.122,2746269,16002918,ROBERTO HELBERT SANCHEZ PALOMINO,10,JUNTOS POR EL PERÚ,12.212,10.176,1958669,07845838,RAFAEL BERNARDO LÓPEZ ALIAGA CAZORLA,35,RENOVACIÓN POPULAR,11.637,9.697,1866504,PERU,2026-04-30T22:15:03.235962+00:00,19247994,16039084,92165
3652,98.943,3691,106487,2026-04-30T17:15:06.273985+00:00,1333,41836,4.686,KEIKO SOFIA FUJIMORI HIGUCHI,17.05,107717,16002918,ROBERTO HELBERT SANCHEZ PALOMINO,10,JUNTOS POR EL PERÚ,12.278,9.944,77569,07845838,RAFAEL BERNARDO LÓPEZ ALIAGA CAZORLA,35,RENOVACIÓN POPULAR,7.592,6.148,47961,110000,2026-04-30T22:15:05.832274+00:00,780078,631755,29608
28381,97.039,29247,539701,2026-04-30T17:15:06.88918+00:00,1334,250238,-16.591,RAFAEL BERNARDO LÓPEZ ALIAGA CAZORLA,19.877,1175501,16002918,ROBERTO HELBERT SANCHEZ PALOMINO,10,JUNTOS POR EL PERÚ,3.286,2.899,194314,07845838,RAFAEL BERNARDO LÓPEZ ALIAGA CAZORLA,35,RENOVACIÓN POPULAR,19.877,17.535,1175501,140000,2026-04-30T22:15:06.508007+00:00,6703671,5913732,-981187
2397,88.877,2697,77083,2026-04-30T17:15:07.137952+00:00,1335,24230,3.493,KEIKO SOFIA FUJIMORI HIGUCHI,27.879,86846,16002918,ROBERTO HELBERT SANCHEZ PALOMINO,10,JUNTOS POR EL PERÚ,10.17,7.674,31681,07845838,RAFAEL BERNARDO LÓPEZ ALIAGA CAZORLA,35,RENOVACIÓN POPULAR,6.677,5.038,20799,150000,2026-04-30T22:15:06.56793+00:00,412822,311509,10882
2830,97.654,2898,61088,2026-04-30T17:15:09.499806+00:00,1336,29104,-12.026,KEIKO SOFIA FUJIMORI HIGUCHI,20.666,117030,16002918,ROBERTO HELBERT SANCHEZ PALOMINO,10,JUNTOS POR EL PERÚ,3.008,2.595,17034,07845838,RAFAEL BERNARDO LÓPEZ ALIAGA CAZORLA,35,RENOVACIÓN POPULAR,15.034,12.969,85137,240000,2026-04-30T22:15:09.312528+00:00,656472,566280,-68103
3665,99.296,3691,106487,2026-04-30T17:30:07.922226+00:00,1337,41836,4.686,KEIKO SOFIA FUJIMORI HIGUCHI,17.05,107717,16002918,ROBERTO HELBERT SANCHEZ PALOMINO,10,JUNTOS POR EL PERÚ,12.278,9.944,77569,07845838,RAFAEL BERNARDO LÓPEZ ALIAGA CAZORLA,35,RENOVACIÓN POPULAR,7.592,6.148,47961,110000,2026-04-30T22:30:07.523263+00:00,780078,631755,29608
2446,90.693,2697,77083,2026-04-30T17:30:08.644414+00:00,1338,24230,3.493,KEIKO SOFIA FUJIMORI HIGUCHI,27.879,86846,16002918,ROBERTO HELBERT SANCHEZ PALOMINO,10,JUNTOS POR EL PERÚ,10.17,7.674,31681,07845838,RAFAEL BERNARDO LÓPEZ ALIAGA CAZORLA,35,RENOVACIÓN POPULAR,6.677,5.038,20799,150000,2026-04-30T22:30:08.213891+00:00,412822,311509,10882
2834,97.792,2898,61088,2026-04-30T17:30:10.182296+00:00,1339,29104,-12.026,KEIKO SOFIA FUJIMORI HIGUCHI,20.666,117030,16002918,ROBERTO HELBERT SANCHEZ PALOMINO,10,JUNTOS POR EL PERÚ,3.008,2.595,17034,07845838,RAFAEL BERNARDO LÓPEZ ALIAGA CAZORLA,35,RENOVACIÓN POPULAR,15.034,12.969,85137,240000,2026-04-30T22:30:09.698139+00:00,656472,566280,-68103
87835,97.353,90223,2232785,2026-04-30T18:00:06.847711+00:00,1340,976359,0.575,KEIKO SOFIA FUJIMORI HIGUCHI,17.122,2746445,16002918,ROBERTO HELBERT SANCHEZ PALOMINO,10,JUNTOS POR EL PERÚ,12.212,10.176,1958824,07845838,RAFAEL BERNARDO LÓPEZ ALIAGA CAZORLA,35,RENOVACIÓN POPULAR,11.637,9.697,1866585,PERU,2026-04-30T23:00:06.018061+00:00,19249201,16040057,92239
90189,97.222,92766,2301264,2026-04-30T18:00:07.266405+00:00,1341,997135,0.169,KEIKO SOFIA FUJIMORI HIGUCHI,17.118,2794698,16002918,ROBERTO HELBERT SANCHEZ PALOMINO,10,JUNTOS POR EL PERÚ,12.043,10.019,1966239,07845838,RAFAEL BERNARDO LÓPEZ ALIAGA CAZORLA,35,RENOVACIÓN POPULAR,11.874,9.878,1938605,TOTAL,2026-04-30T23:00:06.019466+00:00,19624582,16326183,27634
3389,97.609,3472,101831,2026-04-30T18:00:07.944337+00:00,1342,48611,8.899,KEIKO SOFIA FUJIMORI HIGUCHI,17.973,95327,16002918,ROBERTO HELBERT SANCHEZ PALOMINO,10,JUNTOS POR EL PERÚ,14.935,11.635,79216,07845838,RAFAEL BERNARDO LÓPEZ ALIAGA CAZORLA,35,RENOVACIÓN POPULAR,6.036,4.702,32012,020000,2026-04-30T23:00:07.402292+00:00,680830,530388,47204
4177,98.514,4240,122653,2026-04-30T18:00:08.748381+00:00,1343,52985,38.404,ROBERTO HELBERT SANCHEZ PALOMINO,41.65,264782,16002918,ROBERTO HELBERT SANCHEZ PALOMINO,10,JUNTOS POR EL PERÚ,41.65,32.634,264782,07845838,RAFAEL BERNARDO LÓPEZ ALIAGA CAZORLA,35,RENOVACIÓN POPULAR,3.246,2.543,20634,060000,2026-04-30T23:00:08.183581+00:00,811370,635732,244148
87841,97.36,90223,2232785,2026-04-30T18:15:04.585684+00:00,1344,976359,0.575,KEIKO SOFIA FUJIMORI HIGUCHI,17.122,2746445,16002918,ROBERTO HELBERT SANCHEZ PALOMINO,10,JUNTOS POR EL PERÚ,12.212,10.176,1958824,07845838,RAFAEL BERNARDO LÓPEZ ALIAGA CAZORLA,35,RENOVACIÓN POPULAR,11.637,9.697,1866585,PERU,2026-04-30T23:15:03.494756+00:00,19249201,16040057,92239
3389,97.609,3472,101893,2026-04-30T18:15:05.327703+00:00,1345,48644,8.883,KEIKO SOFIA FUJIMORI HIGUCHI,17.972,95427,16002918,ROBERTO HELBERT SANCHEZ PALOMINO,10,JUNTOS POR EL PERÚ,14.925,11.628,79246,07845838,RAFAEL BERNARDO LÓPEZ ALIAGA CAZORLA,35,RENOVACIÓN POPULAR,6.042,4.707,32079,020000,2026-04-30T23:15:04.748065+00:00,681513,530976,47167
4177,98.514,4240,122703,2026-04-30T18:15:06.158119+00:00,1346,53007,38.407,ROBERTO HELBERT SANCHEZ PALOMINO,41.652,264881,16002918,ROBERTO HELBERT SANCHEZ PALOMINO,10,JUNTOS POR EL PERÚ,41.652,32.635,264881,07845838,RAFAEL BERNARDO LÓPEZ ALIAGA CAZORLA,35,RENOVACIÓN POPULAR,3.245,2.543,20639,060000,2026-04-30T23:15:05.666382+00:00,811648,635938,244242
5229,98.623,5302,156864,2026-04-30T18:15:07.324921+00:00,1347,72829,1.189,KEIKO SOFIA FUJIMORI HIGUCHI,20.241,186649,16002918,ROBERTO HELBERT SANCHEZ PALOMINO,10,JUNTOS POR EL PERÚ,9.399,7.524,86668,07845838,RAFAEL BERNARDO LÓPEZ ALIAGA CAZORLA,35,RENOVACIÓN POPULAR,8.21,6.573,75708,120000,2026-04-30T23:15:06.814435+00:00,1151837,922144,10960
87852,97.372,90223,2233118,2026-04-30T18:45:03.964682+00:00,1348,976496,0.576,KEIKO SOFIA FUJIMORI HIGUCHI,17.123,2746793,16002918,ROBERTO HELBERT SANCHEZ PALOMINO,10,JUNTOS POR EL PERÚ,12.212,10.176,1959081,07845838,RAFAEL BERNARDO LÓPEZ ALIAGA CAZORLA,35,RENOVACIÓN POPULAR,11.636,9.696,1866693,PERU,2026-04-30T23:45:03.110095+00:00,19251458,16041844,92388
90200,97.234,92766,2301597,2026-04-30T18:45:04.393441+00:00,1349,997272,0.17,KEIKO SOFIA FUJIMORI HIGUCHI,17.118,2795046,16002918,ROBERTO HELBERT SANCHEZ PALOMINO,10,JUNTOS POR EL PERÚ,12.044,10.019,1966496,07845838,RAFAEL BERNARDO LÓPEZ ALIAGA CAZORLA,35,RENOVACIÓN POPULAR,11.874,9.878,1938713,TOTAL,2026-04-30T23:45:03.111526+00:00,19626839,16327970,27783
3394,97.753,3472,102014,2026-04-30T18:45:05.079774+00:00,1350,48705,8.87,KEIKO SOFIA FUJIMORI HIGUCHI,17.969,95573,16002918,ROBERTO HELBERT SANCHEZ PALOMINO,10,JUNTOS POR EL PERÚ,14.914,11.621,79322,07845838,RAFAEL BERNARDO LÓPEZ ALIAGA CAZORLA,35,RENOVACIÓN POPULAR,6.044,4.71,32149,020000,2026-04-30T23:45:04.637198+00:00,682598,531879,47173
2239,95.643,2341,69954,2026-04-30T18:45:06.415345+00:00,1351,23589,23.671,ROBERTO HELBERT SANCHEZ PALOMINO,29.596,97133,16002918,ROBERTO HELBERT SANCHEZ PALOMINO,10,JUNTOS POR EL PERÚ,29.596,23.032,97133,07845838,RAFAEL BERNARDO LÓPEZ ALIAGA CAZORLA,35,RENOVACIÓN POPULAR,5.925,4.61,19444,090000,2026-04-30T23:45:06.063666+00:00,421734,328191,77689
28381,97.039,29247,539742,2026-04-30T18:45:07.414635+00:00,1352,250249,-16.591,RAFAEL BERNARDO LÓPEZ ALIAGA CAZORLA,19.877,1175508,16002918,ROBERTO HELBERT SANCHEZ PALOMINO,10,JUNTOS POR EL PERÚ,3.286,2.899,194336,07845838,RAFAEL BERNARDO LÓPEZ ALIAGA CAZORLA,35,RENOVACIÓN POPULAR,19.877,17.535,1175508,140000,2026-04-30T23:45:07.040069+00:00,6703921,5913930,-981172
632,100.0,632,21599,2026-04-30T18:45:09.001197+00:00,1353,9274,1.075,KEIKO SOFIA FUJIMORI HIGUCHI,34.136,37850,16002918,ROBERTO HELBERT SANCHEZ PALOMINO,10,JUNTOS POR EL PERÚ,6.988,5.466,7748,07845838,RAFAEL BERNARDO LÓPEZ ALIAGA CAZORLA,35,RENOVACIÓN POPULAR,5.913,4.625,6556,230000,2026-04-30T23:45:08.648052+00:00,141754,110881,1192
28382,97.042,29247,539742,2026-04-30T19:00:10.360166+00:00,1354,250249,-16.591,RAFAEL BERNARDO LÓPEZ ALIAGA CAZORLA,19.877,1175508,16002918,ROBERTO HELBERT SANCHEZ PALOMINO,10,JUNTOS POR EL PERÚ,3.286,2.899,194336,07845838,RAFAEL BERNARDO LÓPEZ ALIAGA CAZORLA,35,RENOVACIÓN POPULAR,19.877,17.535,1175508,140000,2026-05-01T00:00:09.85442+00:00,6703921,5913930,-981172
90229,97.265,92766,2302459,2026-04-30T19:30:05.482505+00:00,1355,997640,0.172,KEIKO SOFIA FUJIMORI HIGUCHI,17.119,2795967,16002918,ROBERTO HELBERT SANCHEZ PALOMINO,10,JUNTOS POR EL PERÚ,12.044,10.02,1967149,07845838,RAFAEL BERNARDO LÓPEZ ALIAGA CAZORLA,35,RENOVACIÓN POPULAR,11.872,9.877,1939023,TOTAL,2026-05-01T00:30:05.022873+00:00,19632476,16332377,28126
87852,97.372,90223,2233848,2026-04-30T19:30:05.865269+00:00,1356,976835,0.579,KEIKO SOFIA FUJIMORI HIGUCHI,17.124,2747612,16002918,ROBERTO HELBERT SANCHEZ PALOMINO,10,JUNTOS POR EL PERÚ,12.214,10.177,1959719,07845838,RAFAEL BERNARDO LÓPEZ ALIAGA CAZORLA,35,RENOVACIÓN POPULAR,11.635,9.695,1866853,PERU,2026-05-01T00:30:05.024293+00:00,19256191,16045508,92866
5238,98.793,5302,156864,2026-04-30T19:30:07.978692+00:00,1357,72829,1.189,KEIKO SOFIA FUJIMORI HIGUCHI,20.241,186649,16002918,ROBERTO HELBERT SANCHEZ PALOMINO,10,JUNTOS POR EL PERÚ,9.399,7.524,86668,07845838,RAFAEL BERNARDO LÓPEZ ALIAGA CAZORLA,35,RENOVACIÓN POPULAR,8.21,6.573,75708,120000,2026-05-01T00:30:07.634116+00:00,1151837,922144,10960
3568,99.387,3590,99640,2026-04-30T19:30:08.303717+00:00,1358,49738,2.172,KEIKO SOFIA FUJIMORI HIGUCHI,26.421,174897,16002918,ROBERTO HELBERT SANCHEZ PALOMINO,10,JUNTOS POR EL PERÚ,10.746,8.768,71135,07845838,RAFAEL BERNARDO LÓPEZ ALIAGA CAZORLA,35,RENOVACIÓN POPULAR,8.574,6.995,56757,130000,2026-05-01T00:30:07.794439+00:00,811342,661964,14378
87876,97.399,90223,2233848,2026-04-30T19:45:04.431012+00:00,1359,976835,0.579,KEIKO SOFIA FUJIMORI HIGUCHI,17.124,2747612,16002918,ROBERTO HELBERT SANCHEZ PALOMINO,10,JUNTOS POR EL PERÚ,12.214,10.177,1959719,07845838,RAFAEL BERNARDO LÓPEZ ALIAGA CAZORLA,35,RENOVACIÓN POPULAR,11.635,9.695,1866853,PERU,2026-05-01T00:45:03.414058+00:00,19256191,16045508,92866
2353,92.529,2543,68611,2026-04-30T19:45:04.918132+00:00,1360,20805,-22.568,RAFAEL BERNARDO LÓPEZ ALIAGA CAZORLA,25.158,72170,16002918,ROBERTO HELBERT SANCHEZ PALOMINO,10,JUNTOS POR EL PERÚ,2.59,1.975,7430,07845838,RAFAEL BERNARDO LÓPEZ ALIAGA CAZORLA,35,RENOVACIÓN POPULAR,25.158,19.18,72170,EXTRANJERO,2026-05-01T00:45:03.512901+00:00,376285,286869,-64740
3403,98.013,3472,102258,2026-04-30T19:45:05.417078+00:00,1361,48795,8.905,KEIKO SOFIA FUJIMORI HIGUCHI,17.951,95672,16002918,ROBERTO HELBERT SANCHEZ PALOMINO,10,JUNTOS POR EL PERÚ,14.945,11.645,79655,07845838,RAFAEL BERNARDO LÓPEZ ALIAGA CAZORLA,35,RENOVACIÓN POPULAR,6.04,4.706,32193,020000,2026-05-01T00:45:04.708358+00:00,684024,532971,47462
5238,98.793,5302,157158,2026-04-30T19:45:07.351783+00:00,1362,73001,1.194,KEIKO SOFIA FUJIMORI HIGUCHI,20.251,187049,16002918,ROBERTO HELBERT SANCHEZ PALOMINO,10,JUNTOS POR EL PERÚ,9.4,7.525,86820,07845838,RAFAEL BERNARDO LÓPEZ ALIAGA CAZORLA,35,RENOVACIÓN POPULAR,8.206,6.569,75793,120000,2026-05-01T00:45:06.920115+00:00,1153819,923660,11027
3568,99.387,3590,99832,2026-04-30T19:45:07.627883+00:00,1363,49815,2.187,KEIKO SOFIA FUJIMORI HIGUCHI,26.427,175217,16002918,ROBERTO HELBERT SANCHEZ PALOMINO,10,JUNTOS POR EL PERÚ,10.752,8.772,71288,07845838,RAFAEL BERNARDO LÓPEZ ALIAGA CAZORLA,35,RENOVACIÓN POPULAR,8.565,6.988,56788,130000,2026-05-01T00:45:07.015624+00:00,812667,663020,14500
90251,97.289,92766,2303117,2026-04-30T20:15:04.157518+00:00,1364,997961,0.172,KEIKO SOFIA FUJIMORI HIGUCHI,17.12,2796875,16002918,ROBERTO HELBERT SANCHEZ PALOMINO,10,JUNTOS POR EL PERÚ,12.044,10.02,1967595,07845838,RAFAEL BERNARDO LÓPEZ ALIAGA CAZORLA,35,RENOVACIÓN POPULAR,11.872,9.876,1939492,TOTAL,2026-05-01T01:15:03.440447+00:00,19637583,16336505,28103
87897,97.422,90223,2234466,2026-04-30T20:15:04.501713+00:00,1365,977146,0.578,KEIKO SOFIA FUJIMORI HIGUCHI,17.125,2748495,16002918,ROBERTO HELBERT SANCHEZ PALOMINO,10,JUNTOS POR EL PERÚ,12.213,10.177,1960159,07845838,RAFAEL BERNARDO LÓPEZ ALIAGA CAZORLA,35,RENOVACIÓN POPULAR,11.635,9.695,1867278,PERU,2026-05-01T01:15:03.481416+00:00,19261025,16049413,92881
2354,92.568,2543,68611,2026-04-30T20:15:04.838493+00:00,1366,20805,-22.568,RAFAEL BERNARDO LÓPEZ ALIAGA CAZORLA,25.158,72170,16002918,ROBERTO HELBERT SANCHEZ PALOMINO,10,JUNTOS POR EL PERÚ,2.59,1.975,7430,07845838,RAFAEL BERNARDO LÓPEZ ALIAGA CAZORLA,35,RENOVACIÓN POPULAR,25.158,19.18,72170,EXTRANJERO,2026-05-01T01:15:04.266317+00:00,376285,286869,-64740
5244,98.906,5302,157158,2026-04-30T20:15:06.886766+00:00,1367,73001,1.194,KEIKO SOFIA FUJIMORI HIGUCHI,20.251,187049,16002918,ROBERTO HELBERT SANCHEZ PALOMINO,10,JUNTOS POR EL PERÚ,9.4,7.525,86820,07845838,RAFAEL BERNARDO LÓPEZ ALIAGA CAZORLA,35,RENOVACIÓN POPULAR,8.206,6.569,75793,120000,2026-05-01T01:15:06.475491+00:00,1153819,923660,11027
3576,99.61,3590,99832,2026-04-30T20:15:07.102996+00:00,1368,49815,2.187,KEIKO SOFIA FUJIMORI HIGUCHI,26.427,175217,16002918,ROBERTO HELBERT SANCHEZ PALOMINO,10,JUNTOS POR EL PERÚ,10.752,8.772,71288,07845838,RAFAEL BERNARDO LÓPEZ ALIAGA CAZORLA,35,RENOVACIÓN POPULAR,8.565,6.988,56788,130000,2026-05-01T01:15:06.536134+00:00,812667,663020,14500
2412,95.185,2534,99560,2026-04-30T20:15:08.484775+00:00,1369,36576,18.009,ROBERTO HELBERT SANCHEZ PALOMINO,23.872,88613,16002918,ROBERTO HELBERT SANCHEZ PALOMINO,10,JUNTOS POR EL PERÚ,23.872,17.466,88613,07845838,RAFAEL BERNARDO LÓPEZ ALIAGA CAZORLA,35,RENOVACIÓN POPULAR,5.863,4.29,21763,210000,2026-05-01T01:15:08.110584+00:00,507337,371201,66850
2354,92.568,2543,68651,2026-04-30T20:30:06.336723+00:00,1370,20815,-22.564,RAFAEL BERNARDO LÓPEZ ALIAGA CAZORLA,25.154,72214,16002918,ROBERTO HELBERT SANCHEZ PALOMINO,10,JUNTOS POR EL PERÚ,2.59,1.975,7436,07845838,RAFAEL BERNARDO LÓPEZ ALIAGA CAZORLA,35,RENOVACIÓN POPULAR,25.154,19.177,72214,EXTRANJERO,2026-05-01T01:30:05.837345+00:00,376558,287092,-64778
3576,99.61,3590,100054,2026-04-30T20:30:08.451868+00:00,1371,49938,2.173,KEIKO SOFIA FUJIMORI HIGUCHI,26.427,175642,16002918,ROBERTO HELBERT SANCHEZ PALOMINO,10,JUNTOS POR EL PERÚ,10.744,8.766,71408,07845838,RAFAEL BERNARDO LÓPEZ ALIAGA CAZORLA,35,RENOVACIÓN POPULAR,8.571,6.993,56965,130000,2026-05-01T01:30:08.030579+00:00,814634,664642,14443
5244,98.906,5302,157330,2026-04-30T20:30:08.714246+00:00,1372,73101,1.2,KEIKO SOFIA FUJIMORI HIGUCHI,20.254,187285,16002918,ROBERTO HELBERT SANCHEZ PALOMINO,10,JUNTOS POR EL PERÚ,9.402,7.527,86942,07845838,RAFAEL BERNARDO LÓPEZ ALIAGA CAZORLA,35,RENOVACIÓN POPULAR,8.202,6.565,75838,120000,2026-05-01T01:30:08.071392+00:00,1155107,924676,11104
28385,97.053,29247,539795,2026-04-30T20:30:09.004681+00:00,1373,250267,-16.592,RAFAEL BERNARDO LÓPEZ ALIAGA CAZORLA,19.878,1175701,16002918,ROBERTO HELBERT SANCHEZ PALOMINO,10,JUNTOS POR EL PERÚ,3.286,2.899,194351,07845838,RAFAEL BERNARDO LÓPEZ ALIAGA CAZORLA,35,RENOVACIÓN POPULAR,19.878,17.535,1175701,140000,2026-05-01T01:30:08.188748+00:00,6704692,5914630,-981350
2412,95.185,2534,99731,2026-04-30T20:30:10.315122+00:00,1374,36646,18.028,ROBERTO HELBERT SANCHEZ PALOMINO,23.885,88796,16002918,ROBERTO HELBERT SANCHEZ PALOMINO,10,JUNTOS POR EL PERÚ,23.885,17.475,88796,07845838,RAFAEL BERNARDO LÓPEZ ALIAGA CAZORLA,35,RENOVACIÓN POPULAR,5.857,4.285,21773,210000,2026-05-01T01:30:09.732085+00:00,508145,371768,67023
90294,97.335,92766,2304416,2026-04-30T21:30:05.334579+00:00,1375,998899,0.173,KEIKO SOFIA FUJIMORI HIGUCHI,17.121,2798117,16002918,ROBERTO HELBERT SANCHEZ PALOMINO,10,JUNTOS POR EL PERÚ,12.045,10.02,1968523,07845838,RAFAEL BERNARDO LÓPEZ ALIAGA CAZORLA,35,RENOVACIÓN POPULAR,11.872,9.876,1940301,TOTAL,2026-05-01T02:30:04.850871+00:00,19646906,16343591,28222
87937,97.466,90223,2235623,2026-04-30T21:30:05.754048+00:00,1376,977952,0.58,KEIKO SOFIA FUJIMORI HIGUCHI,17.125,2749647,16002918,ROBERTO HELBERT SANCHEZ PALOMINO,10,JUNTOS POR EL PERÚ,12.214,10.177,1961071,07845838,RAFAEL BERNARDO LÓPEZ ALIAGA CAZORLA,35,RENOVACIÓN POPULAR,11.634,9.694,1868025,PERU,2026-05-01T02:30:04.893395+00:00,19269554,16055979,93046
2357,92.686,2543,68793,2026-04-30T21:30:06.011356+00:00,1377,20947,-22.539,RAFAEL BERNARDO LÓPEZ ALIAGA CAZORLA,25.13,72276,16002918,ROBERTO HELBERT SANCHEZ PALOMINO,10,JUNTOS POR EL PERÚ,2.591,1.975,7452,07845838,RAFAEL BERNARDO LÓPEZ ALIAGA CAZORLA,35,RENOVACIÓN POPULAR,25.13,19.153,72276,EXTRANJERO,2026-05-01T02:30:05.470616+00:00,377352,287612,-64824
5251,99.038,5302,157563,2026-04-30T21:30:08.183027+00:00,1378,73150,1.201,KEIKO SOFIA FUJIMORI HIGUCHI,20.26,187599,16002918,ROBERTO HELBERT SANCHEZ PALOMINO,10,JUNTOS POR EL PERÚ,9.399,7.524,87030,07845838,RAFAEL BERNARDO LÓPEZ ALIAGA CAZORLA,35,RENOVACIÓN POPULAR,8.198,6.563,75910,120000,2026-05-01T02:30:07.832204+00:00,1156683,925970,11120
3587,99.916,3590,100328,2026-04-30T21:30:08.491035+00:00,1379,50207,2.145,KEIKO SOFIA FUJIMORI HIGUCHI,26.4,176012,16002918,ROBERTO HELBERT SANCHEZ PALOMINO,10,JUNTOS POR EL PERÚ,10.733,8.756,71559,07845838,RAFAEL BERNARDO LÓPEZ ALIAGA CAZORLA,35,RENOVACIÓN POPULAR,8.588,7.006,57260,130000,2026-05-01T02:30:07.899729+00:00,817248,666713,14299
28390,97.07,29247,539859,2026-04-30T21:30:08.983531+00:00,1380,250291,-16.593,RAFAEL BERNARDO LÓPEZ ALIAGA CAZORLA,19.879,1175966,16002918,ROBERTO HELBERT SANCHEZ PALOMINO,10,JUNTOS POR EL PERÚ,3.286,2.899,194371,07845838,RAFAEL BERNARDO LÓPEZ ALIAGA CAZORLA,35,RENOVACIÓN POPULAR,19.879,17.537,1175966,140000,2026-05-01T02:30:08.304459+00:00,6705705,5915555,-981595
489,96.45,507,17728,2026-04-30T21:30:09.468509+00:00,1381,4864,20.018,ROBERTO HELBERT SANCHEZ PALOMINO,23.407,18239,16002918,ROBERTO HELBERT SANCHEZ PALOMINO,10,JUNTOS POR EL PERÚ,23.407,18.146,18239,07845838,RAFAEL BERNARDO LÓPEZ ALIAGA CAZORLA,35,RENOVACIÓN POPULAR,3.389,2.628,2641,160000,2026-05-01T02:30:08.665681+00:00,100513,77921,15598
2422,95.58,2534,100116,2026-04-30T21:30:10.819811+00:00,1382,36969,18.058,ROBERTO HELBERT SANCHEZ PALOMINO,23.912,89185,16002918,ROBERTO HELBERT SANCHEZ PALOMINO,10,JUNTOS POR EL PERÚ,23.912,17.485,89185,07845838,RAFAEL BERNARDO LÓPEZ ALIAGA CAZORLA,35,RENOVACIÓN POPULAR,5.854,4.28,21833,210000,2026-05-01T02:30:10.448499+00:00,510059,372974,67352
1039,99.808,1041,18840,2026-04-30T21:30:11.087421+00:00,1383,9208,5.651,RICARDO PABLO BELMONT CASSINELLI,14.627,32248,16002918,ROBERTO HELBERT SANCHEZ PALOMINO,10,JUNTOS POR EL PERÚ,11.862,10.524,26152,07845838,RAFAEL BERNARDO LÓPEZ ALIAGA CAZORLA,35,RENOVACIÓN POPULAR,6.211,5.51,13692,220000,2026-05-01T02:30:10.507251+00:00,248510,220462,12460
90311,97.354,92766,2305010,2026-04-30T22:30:05.454024+00:00,1384,999220,0.172,KEIKO SOFIA FUJIMORI HIGUCHI,17.121,2798673,16002918,ROBERTO HELBERT SANCHEZ PALOMINO,10,JUNTOS POR EL PERÚ,12.044,10.019,1968723,07845838,RAFAEL BERNARDO LÓPEZ ALIAGA CAZORLA,35,RENOVACIÓN POPULAR,11.872,9.876,1940718,TOTAL,2026-05-01T03:30:05.089914+00:00,19650840,16346610,28005
87937,97.466,90223,2235914,2026-04-30T22:30:05.770058+00:00,1385,978193,0.579,KEIKO SOFIA FUJIMORI HIGUCHI,17.125,2750008,16002918,ROBERTO HELBERT SANCHEZ PALOMINO,10,JUNTOS POR EL PERÚ,12.213,10.177,1961246,07845838,RAFAEL BERNARDO LÓPEZ ALIAGA CAZORLA,35,RENOVACIÓN POPULAR,11.634,9.694,1868272,PERU,2026-05-01T03:30:05.091369+00:00,19272170,16058063,92974
28395,97.087,29247,539859,2026-04-30T22:30:08.146117+00:00,1386,250291,-16.593,RAFAEL BERNARDO LÓPEZ ALIAGA CAZORLA,19.879,1175966,16002918,ROBERTO HELBERT SANCHEZ PALOMINO,10,JUNTOS POR EL PERÚ,3.286,2.899,194371,07845838,RAFAEL BERNARDO LÓPEZ ALIAGA CAZORLA,35,RENOVACIÓN POPULAR,19.879,17.537,1175966,140000,2026-05-01T03:30:07.559745+00:00,6705705,5915555,-981595
87948,97.478,90223,2235914,2026-04-30T22:45:04.286809+00:00,1387,978193,0.579,KEIKO SOFIA FUJIMORI HIGUCHI,17.125,2750008,16002918,ROBERTO HELBERT SANCHEZ PALOMINO,10,JUNTOS POR EL PERÚ,12.213,10.177,1961246,07845838,RAFAEL BERNARDO LÓPEZ ALIAGA CAZORLA,35,RENOVACIÓN POPULAR,11.634,9.694,1868272,PERU,2026-05-01T03:45:03.658846+00:00,19272170,16058063,92974
2363,92.922,2543,69096,2026-04-30T22:45:04.775664+00:00,1388,21027,-22.516,RAFAEL BERNARDO LÓPEZ ALIAGA CAZORLA,25.107,72446,16002918,ROBERTO HELBERT SANCHEZ PALOMINO,10,JUNTOS POR EL PERÚ,2.591,1.975,7477,07845838,RAFAEL BERNARDO LÓPEZ ALIAGA CAZORLA,35,RENOVACIÓN POPULAR,25.107,19.132,72446,EXTRANJERO,2026-05-01T03:45:03.756628+00:00,378670,288547,-64969
5253,99.076,5302,157628,2026-04-30T22:45:06.609817+00:00,1389,73173,1.2,KEIKO SOFIA FUJIMORI HIGUCHI,20.264,187705,16002918,ROBERTO HELBERT SANCHEZ PALOMINO,10,JUNTOS POR EL PERÚ,9.398,7.524,87056,07845838,RAFAEL BERNARDO LÓPEZ ALIAGA CAZORLA,35,RENOVACIÓN POPULAR,8.198,6.563,75934,120000,2026-05-01T03:45:06.253874+00:00,1157086,926285,11122
28395,97.087,29247,539948,2026-04-30T22:45:07.065398+00:00,1390,250360,-16.594,RAFAEL BERNARDO LÓPEZ ALIAGA CAZORLA,19.879,1176166,16002918,ROBERTO HELBERT SANCHEZ PALOMINO,10,JUNTOS POR EL PERÚ,3.285,2.898,194388,07845838,RAFAEL BERNARDO LÓPEZ ALIAGA CAZORLA,35,RENOVACIÓN POPULAR,19.879,17.536,1176166,140000,2026-05-01T03:45:06.46294+00:00,6706962,5916654,-981778
493,97.239,507,17865,2026-04-30T22:45:07.467712+00:00,1391,5013,19.985,ROBERTO HELBERT SANCHEZ PALOMINO,23.375,18371,16002918,ROBERTO HELBERT SANCHEZ PALOMINO,10,JUNTOS POR EL PERÚ,23.375,18.105,18371,07845838,RAFAEL BERNARDO LÓPEZ ALIAGA CAZORLA,35,RENOVACIÓN POPULAR,3.39,2.625,2664,160000,2026-05-01T03:45:06.917976+00:00,101469,78591,15707
87948,97.478,90223,2236756,2026-04-30T23:30:05.390111+00:00,1392,978567,0.575,KEIKO SOFIA FUJIMORI HIGUCHI,17.125,2750830,16002918,ROBERTO HELBERT SANCHEZ PALOMINO,10,JUNTOS POR EL PERÚ,12.214,10.177,1961985,07845838,RAFAEL BERNARDO LÓPEZ ALIAGA CAZORLA,35,RENOVACIÓN POPULAR,11.639,9.698,1869633,PERU,2026-05-01T04:30:04.936968+00:00,19278603,16063280,92352
90342,97.387,92766,2305852,2026-04-30T23:30:05.744493+00:00,1393,999594,0.167,KEIKO SOFIA FUJIMORI HIGUCHI,17.12,2799495,16002918,ROBERTO HELBERT SANCHEZ PALOMINO,10,JUNTOS POR EL PERÚ,12.044,10.019,1969462,07845838,RAFAEL BERNARDO LÓPEZ ALIAGA CAZORLA,35,RENOVACIÓN POPULAR,11.877,9.88,1942079,TOTAL,2026-05-01T04:30:04.93838+00:00,19657273,16351827,27383
28410,97.138,29247,539948,2026-04-30T23:30:08.081594+00:00,1394,250360,-16.594,RAFAEL BERNARDO LÓPEZ ALIAGA CAZORLA,19.879,1176166,16002918,ROBERTO HELBERT SANCHEZ PALOMINO,10,JUNTOS POR EL PERÚ,3.285,2.898,194388,07845838,RAFAEL BERNARDO LÓPEZ ALIAGA CAZORLA,35,RENOVACIÓN POPULAR,19.879,17.536,1176166,140000,2026-05-01T04:30:07.686494+00:00,6706962,5916654,-981778
87979,97.513,90223,2236756,2026-04-30T23:45:04.302121+00:00,1395,978567,0.575,KEIKO SOFIA FUJIMORI HIGUCHI,17.125,2750830,16002918,ROBERTO HELBERT SANCHEZ PALOMINO,10,JUNTOS POR EL PERÚ,12.214,10.177,1961985,07845838,RAFAEL BERNARDO LÓPEZ ALIAGA CAZORLA,35,RENOVACIÓN POPULAR,11.639,9.698,1869633,PERU,2026-05-01T04:45:03.306618+00:00,19278603,16063280,92352
28410,97.138,29247,540134,2026-04-30T23:45:06.559667+00:00,1396,250480,-16.605,RAFAEL BERNARDO LÓPEZ ALIAGA CAZORLA,19.889,1177382,16002918,ROBERTO HELBERT SANCHEZ PALOMINO,10,JUNTOS POR EL PERÚ,3.284,2.897,194419,07845838,RAFAEL BERNARDO LÓPEZ ALIAGA CAZORLA,35,RENOVACIÓN POPULAR,19.889,17.546,1177382,140000,2026-05-01T04:45:06.143226+00:00,6710254,5919640,-982963
2438,96.212,2534,100772,2026-04-30T23:45:07.69798+00:00,1397,37223,18.1,ROBERTO HELBERT SANCHEZ PALOMINO,23.958,89893,16002918,ROBERTO HELBERT SANCHEZ PALOMINO,10,JUNTOS POR EL PERÚ,23.958,17.516,89893,07845838,RAFAEL BERNARDO LÓPEZ ALIAGA CAZORLA,35,RENOVACIÓN POPULAR,5.858,4.283,21978,210000,2026-05-01T04:45:07.351694+00:00,513200,375205,67915
87987,97.522,90223,2236903,2026-05-01T01:00:07.145755+00:00,1398,978644,0.573,KEIKO SOFIA FUJIMORI HIGUCHI,17.125,2751109,16002918,ROBERTO HELBERT SANCHEZ PALOMINO,10,JUNTOS POR EL PERÚ,12.213,10.176,1962058,07845838,RAFAEL BERNARDO LÓPEZ ALIAGA CAZORLA,35,RENOVACIÓN POPULAR,11.64,9.699,1870032,PERU,2026-05-01T06:00:06.805487+00:00,19280444,16064897,92026
90350,97.396,92766,2305999,2026-05-01T01:00:07.458267+00:00,1399,999671,0.166,KEIKO SOFIA FUJIMORI HIGUCHI,17.12,2799774,16002918,ROBERTO HELBERT SANCHEZ PALOMINO,10,JUNTOS POR EL PERÚ,12.044,10.018,1969535,07845838,RAFAEL BERNARDO LÓPEZ ALIAGA CAZORLA,35,RENOVACIÓN POPULAR,11.878,9.881,1942478,TOTAL,2026-05-01T06:00:06.806999+00:00,19659114,16353444,27057
2345,95.989,2443,68446,2026-05-01T01:00:09.240442+00:00,1400,27698,-1.698,KEIKO SOFIA FUJIMORI HIGUCHI,20.294,94076,16002918,ROBERTO HELBERT SANCHEZ PALOMINO,10,JUNTOS POR EL PERÚ,7.724,6.397,35805,07845838,RAFAEL BERNARDO LÓPEZ ALIAGA CAZORLA,35,RENOVACIÓN POPULAR,9.422,7.803,43675,100000,2026-05-01T06:00:08.801632+00:00,559707,463563,-7870
28413,97.148,29247,540170,2026-05-01T01:00:10.044091+00:00,1401,250491,-16.608,RAFAEL BERNARDO LÓPEZ ALIAGA CAZORLA,19.892,1177643,16002918,ROBERTO HELBERT SANCHEZ PALOMINO,10,JUNTOS POR EL PERÚ,3.284,2.897,194429,07845838,RAFAEL BERNARDO LÓPEZ ALIAGA CAZORLA,35,RENOVACIÓN POPULAR,19.892,17.548,1177643,140000,2026-05-01T06:00:09.648469+00:00,6710918,5920257,-983214
87998,97.534,90223,2237097,2026-05-01T12:15:03.936849+00:00,1402,978858,0.57,KEIKO SOFIA FUJIMORI HIGUCHI,17.125,2751572,16002918,ROBERTO HELBERT SANCHEZ PALOMINO,10,JUNTOS POR EL PERÚ,12.212,10.175,1962107,07845838,RAFAEL BERNARDO LÓPEZ ALIAGA CAZORLA,35,RENOVACIÓN POPULAR,11.642,9.7,1870511,PERU,2026-05-01T17:15:03.086806+00:00,19283107,16067152,91596
90350,97.396,92766,2306193,2026-05-01T12:15:04.380454+00:00,1403,999885,0.163,KEIKO SOFIA FUJIMORI HIGUCHI,17.121,2800237,16002918,ROBERTO HELBERT SANCHEZ PALOMINO,10,JUNTOS POR EL PERÚ,12.042,10.017,1969584,07845838,RAFAEL BERNARDO LÓPEZ ALIAGA CAZORLA,35,RENOVACIÓN POPULAR,11.879,9.882,1942957,TOTAL,2026-05-01T17:15:03.128312+00:00,19661777,16355699,26627
28424,97.186,29247,540170,2026-05-01T12:15:06.805689+00:00,1404,250491,-16.608,RAFAEL BERNARDO LÓPEZ ALIAGA CAZORLA,19.892,1177643,16002918,ROBERTO HELBERT SANCHEZ PALOMINO,10,JUNTOS POR EL PERÚ,3.284,2.897,194429,07845838,RAFAEL BERNARDO LÓPEZ ALIAGA CAZORLA,35,RENOVACIÓN POPULAR,19.892,17.548,1177643,140000,2026-05-01T17:15:06.440538+00:00,6710918,5920257,-983214
90361,97.407,92766,2306193,2026-05-01T12:30:05.814764+00:00,1405,999885,0.163,KEIKO SOFIA FUJIMORI HIGUCHI,17.121,2800237,16002918,ROBERTO HELBERT SANCHEZ PALOMINO,10,JUNTOS POR EL PERÚ,12.042,10.017,1969584,07845838,RAFAEL BERNARDO LÓPEZ ALIAGA CAZORLA,35,RENOVACIÓN POPULAR,11.879,9.882,1942957,TOTAL,2026-05-01T17:30:04.883317+00:00,19661777,16355699,26627
28424,97.186,29247,540364,2026-05-01T12:30:08.749419+00:00,1406,250705,-16.608,RAFAEL BERNARDO LÓPEZ ALIAGA CAZORLA,19.892,1178122,16002918,ROBERTO HELBERT SANCHEZ PALOMINO,10,JUNTOS POR EL PERÚ,3.284,2.897,194478,07845838,RAFAEL BERNARDO LÓPEZ ALIAGA CAZORLA,35,RENOVACIÓN POPULAR,19.892,17.548,1178122,140000,2026-05-01T17:30:08.333465+00:00,6713581,5922512,-983644
88005,97.542,90223,2237305,2026-05-01T13:15:04.032426+00:00,1407,978957,0.572,KEIKO SOFIA FUJIMORI HIGUCHI,17.126,2751840,16002918,ROBERTO HELBERT SANCHEZ PALOMINO,10,JUNTOS POR EL PERÚ,12.213,10.176,1962422,07845838,RAFAEL BERNARDO LÓPEZ ALIAGA CAZORLA,35,RENOVACIÓN POPULAR,11.641,9.7,1870581,PERU,2026-05-01T18:15:03.16028+00:00,19284655,16068393,91841
90361,97.407,92766,2306401,2026-05-01T13:15:04.305114+00:00,1408,999984,0.164,KEIKO SOFIA FUJIMORI HIGUCHI,17.121,2800505,16002918,ROBERTO HELBERT SANCHEZ PALOMINO,10,JUNTOS POR EL PERÚ,12.043,10.018,1969899,07845838,RAFAEL BERNARDO LÓPEZ ALIAGA CAZORLA,35,RENOVACIÓN POPULAR,11.879,9.881,1943027,TOTAL,2026-05-01T18:15:03.160926+00:00,19663325,16356940,26872
4183,98.656,4240,122899,2026-05-01T13:15:05.663326+00:00,1409,53074,38.385,ROBERTO HELBERT SANCHEZ PALOMINO,41.631,265194,16002918,ROBERTO HELBERT SANCHEZ PALOMINO,10,JUNTOS POR EL PERÚ,41.631,32.62,265194,07845838,RAFAEL BERNARDO LÓPEZ ALIAGA CAZORLA,35,RENOVACIÓN POPULAR,3.246,2.543,20678,060000,2026-05-01T18:15:05.139884+00:00,812985,637012,244516
28425,97.189,29247,540376,2026-05-01T13:15:07.149236+00:00,1410,250737,-16.608,RAFAEL BERNARDO LÓPEZ ALIAGA CAZORLA,19.892,1178153,16002918,ROBERTO HELBERT SANCHEZ PALOMINO,10,JUNTOS POR EL PERÚ,3.284,2.897,194480,07845838,RAFAEL BERNARDO LÓPEZ ALIAGA CAZORLA,35,RENOVACIÓN POPULAR,19.892,17.548,1178153,140000,2026-05-01T18:15:06.672529+00:00,6713792,5922679,-983673
90368,97.415,92766,2306401,2026-05-01T13:30:05.717094+00:00,1411,999984,0.164,KEIKO SOFIA FUJIMORI HIGUCHI,17.121,2800505,16002918,ROBERTO HELBERT SANCHEZ PALOMINO,10,JUNTOS POR EL PERÚ,12.043,10.018,1969899,07845838,RAFAEL BERNARDO LÓPEZ ALIAGA CAZORLA,35,RENOVACIÓN POPULAR,11.879,9.881,1943027,TOTAL,2026-05-01T18:30:04.834148+00:00,19663325,16356940,26872
90368,97.415,92766,2306522,2026-05-01T17:00:06.991645+00:00,1412,1000011,0.166,KEIKO SOFIA FUJIMORI HIGUCHI,17.121,2800526,16002918,ROBERTO HELBERT SANCHEZ PALOMINO,10,JUNTOS POR EL PERÚ,12.045,10.019,1970177,07845838,RAFAEL BERNARDO LÓPEZ ALIAGA CAZORLA,35,RENOVACIÓN POPULAR,11.879,9.881,1943039,TOTAL,2026-05-01T22:00:06.236356+00:00,19663988,16357455,27138
88005,97.542,90223,2237426,2026-05-01T17:00:07.285949+00:00,1413,978984,0.573,KEIKO SOFIA FUJIMORI HIGUCHI,17.125,2751861,16002918,ROBERTO HELBERT SANCHEZ PALOMINO,10,JUNTOS POR EL PERÚ,12.214,10.177,1962700,07845838,RAFAEL BERNARDO LÓPEZ ALIAGA CAZORLA,35,RENOVACIÓN POPULAR,11.641,9.7,1870593,PERU,2026-05-01T22:00:06.278489+00:00,19285318,16068908,92107
90372,97.419,92766,2306522,2026-05-01T17:15:04.097508+00:00,1414,1000011,0.166,KEIKO SOFIA FUJIMORI HIGUCHI,17.121,2800526,16002918,ROBERTO HELBERT SANCHEZ PALOMINO,10,JUNTOS POR EL PERÚ,12.045,10.019,1970177,07845838,RAFAEL BERNARDO LÓPEZ ALIAGA CAZORLA,35,RENOVACIÓN POPULAR,11.879,9.881,1943039,TOTAL,2026-05-01T22:15:03.170518+00:00,19663988,16357455,27138
88009,97.546,90223,2237426,2026-05-01T17:15:04.441047+00:00,1415,978984,0.573,KEIKO SOFIA FUJIMORI HIGUCHI,17.125,2751861,16002918,ROBERTO HELBERT SANCHEZ PALOMINO,10,JUNTOS POR EL PERÚ,12.214,10.177,1962700,07845838,RAFAEL BERNARDO LÓPEZ ALIAGA CAZORLA,35,RENOVACIÓN POPULAR,11.641,9.7,1870593,PERU,2026-05-01T22:15:03.21173+00:00,19285318,16068908,92107
4185,98.703,4240,122972,2026-05-01T17:15:05.535839+00:00,1416,53092,38.39,ROBERTO HELBERT SANCHEZ PALOMINO,41.635,265336,16002918,ROBERTO HELBERT SANCHEZ PALOMINO,10,JUNTOS POR EL PERÚ,41.635,32.622,265336,07845838,RAFAEL BERNARDO LÓPEZ ALIAGA CAZORLA,35,RENOVACIÓN POPULAR,3.245,2.543,20683,060000,2026-05-01T22:15:05.100131+00:00,813356,637292,244653
2241,95.728,2341,70002,2026-05-01T17:15:06.110242+00:00,1417,23598,23.695,ROBERTO HELBERT SANCHEZ PALOMINO,29.617,97269,16002918,ROBERTO HELBERT SANCHEZ PALOMINO,10,JUNTOS POR EL PERÚ,29.617,23.048,97269,07845838,RAFAEL BERNARDO LÓPEZ ALIAGA CAZORLA,35,RENOVACIÓN POPULAR,5.922,4.609,19451,090000,2026-05-01T22:15:05.712684+00:00,422026,328426,77818
90372,97.419,92766,2306935,2026-05-01T18:00:07.101988+00:00,1418,1000227,0.169,KEIKO SOFIA FUJIMORI HIGUCHI,17.12,2800884,16002918,ROBERTO HELBERT SANCHEZ PALOMINO,10,JUNTOS POR EL PERÚ,12.048,10.022,1971125,07845838,RAFAEL BERNARDO LÓPEZ ALIAGA CAZORLA,35,RENOVACIÓN POPULAR,11.879,9.882,1943528,TOTAL,2026-05-01T23:00:06.228399+00:00,19667715,16360553,27597
88009,97.546,90223,2237839,2026-05-01T18:00:07.502754+00:00,1419,979200,0.576,KEIKO SOFIA FUJIMORI HIGUCHI,17.124,2752219,16002918,ROBERTO HELBERT SANCHEZ PALOMINO,10,JUNTOS POR EL PERÚ,12.218,10.18,1963648,07845838,RAFAEL BERNARDO LÓPEZ ALIAGA CAZORLA,35,RENOVACIÓN POPULAR,11.642,9.7,1871082,PERU,2026-05-01T23:00:06.270205+00:00,19289045,16072006,92566
28432,97.213,29247,540376,2026-05-01T18:00:10.547991+00:00,1420,250737,-16.608,RAFAEL BERNARDO LÓPEZ ALIAGA CAZORLA,19.892,1178153,16002918,ROBERTO HELBERT SANCHEZ PALOMINO,10,JUNTOS POR EL PERÚ,3.284,2.897,194480,07845838,RAFAEL BERNARDO LÓPEZ ALIAGA CAZORLA,35,RENOVACIÓN POPULAR,19.892,17.548,1178153,140000,2026-05-01T23:00:10.072705+00:00,6713792,5922679,-983673
88031,97.57,90223,2237839,2026-05-01T18:15:05.333816+00:00,1421,979200,0.576,KEIKO SOFIA FUJIMORI HIGUCHI,17.124,2752219,16002918,ROBERTO HELBERT SANCHEZ PALOMINO,10,JUNTOS POR EL PERÚ,12.218,10.18,1963648,07845838,RAFAEL BERNARDO LÓPEZ ALIAGA CAZORLA,35,RENOVACIÓN POPULAR,11.642,9.7,1871082,PERU,2026-05-01T23:15:03.387977+00:00,19289045,16072006,92566
90394,97.443,92766,2306935,2026-05-01T18:15:05.620658+00:00,1422,1000227,0.169,KEIKO SOFIA FUJIMORI HIGUCHI,17.12,2800884,16002918,ROBERTO HELBERT SANCHEZ PALOMINO,10,JUNTOS POR EL PERÚ,12.048,10.022,1971125,07845838,RAFAEL BERNARDO LÓPEZ ALIAGA CAZORLA,35,RENOVACIÓN POPULAR,11.879,9.882,1943528,TOTAL,2026-05-01T23:15:03.389421+00:00,19667715,16360553,27597
2256,96.369,2341,70321,2026-05-01T18:15:07.218463+00:00,1423,23689,23.853,ROBERTO HELBERT SANCHEZ PALOMINO,29.755,98193,16002918,ROBERTO HELBERT SANCHEZ PALOMINO,10,JUNTOS POR EL PERÚ,29.755,23.158,98193,07845838,RAFAEL BERNARDO LÓPEZ ALIAGA CAZORLA,35,RENOVACIÓN POPULAR,5.902,4.594,19478,090000,2026-05-01T23:15:06.818369+00:00,424015,330005,78715
28432,97.213,29247,540470,2026-05-01T18:15:08.199088+00:00,1424,250862,-16.612,RAFAEL BERNARDO LÓPEZ ALIAGA CAZORLA,19.895,1178615,16002918,ROBERTO HELBERT SANCHEZ PALOMINO,10,JUNTOS POR EL PERÚ,3.283,2.896,194504,07845838,RAFAEL BERNARDO LÓPEZ ALIAGA CAZORLA,35,RENOVACIÓN POPULAR,19.895,17.551,1178615,140000,2026-05-01T23:15:07.658229+00:00,6715530,5924198,-984111
88034,97.574,90223,2238006,2026-05-01T19:15:03.67631+00:00,1425,979246,0.576,KEIKO SOFIA FUJIMORI HIGUCHI,17.125,2752409,16002918,ROBERTO HELBERT SANCHEZ PALOMINO,10,JUNTOS POR EL PERÚ,12.218,10.18,1963690,07845838,RAFAEL BERNARDO LÓPEZ ALIAGA CAZORLA,35,RENOVACIÓN POPULAR,11.642,9.7,1871107,PERU,2026-05-02T00:15:03.247924+00:00,19289754,16072502,92583
90394,97.443,92766,2307102,2026-05-01T19:15:03.979282+00:00,1426,1000273,0.169,KEIKO SOFIA FUJIMORI HIGUCHI,17.12,2801074,16002918,ROBERTO HELBERT SANCHEZ PALOMINO,10,JUNTOS POR EL PERÚ,12.048,10.022,1971167,07845838,RAFAEL BERNARDO LÓPEZ ALIAGA CAZORLA,35,RENOVACIÓN POPULAR,11.879,9.882,1943553,TOTAL,2026-05-02T00:15:03.289378+00:00,19668424,16361049,27614
5116,96.876,5281,177038,2026-05-01T19:15:07.178473+00:00,1427,81021,4.612,KEIKO SOFIA FUJIMORI HIGUCHI,27.991,239226,16002918,ROBERTO HELBERT SANCHEZ PALOMINO,10,JUNTOS POR EL PERÚ,11.336,8.707,96881,07845838,RAFAEL BERNARDO LÓPEZ ALIAGA CAZORLA,35,RENOVACIÓN POPULAR,6.724,5.165,57468,190000,2026-05-02T00:15:06.685734+00:00,1112704,854645,39413
90397,97.446,92766,2307102,2026-05-01T19:30:06.500245+00:00,1428,1000273,0.169,KEIKO SOFIA FUJIMORI HIGUCHI,17.12,2801074,16002918,ROBERTO HELBERT SANCHEZ PALOMINO,10,JUNTOS POR EL PERÚ,12.048,10.022,1971167,07845838,RAFAEL BERNARDO LÓPEZ ALIAGA CAZORLA,35,RENOVACIÓN POPULAR,11.879,9.882,1943553,TOTAL,2026-05-02T00:30:05.735797+00:00,19668424,16361049,27614
90400,97.449,92766,2307205,2026-05-01T20:30:06.245644+00:00,1429,1000301,0.17,KEIKO SOFIA FUJIMORI HIGUCHI,17.12,2801121,16002918,ROBERTO HELBERT SANCHEZ PALOMINO,10,JUNTOS POR EL PERÚ,12.049,10.022,1971313,07845838,RAFAEL BERNARDO LÓPEZ ALIAGA CAZORLA,35,RENOVACIÓN POPULAR,11.879,9.881,1943564,TOTAL,2026-05-02T01:30:05.570613+00:00,19668903,16361397,27749
88037,97.577,90223,2238109,2026-05-01T20:30:06.579511+00:00,1430,979274,0.577,KEIKO SOFIA FUJIMORI HIGUCHI,17.125,2752456,16002918,ROBERTO HELBERT SANCHEZ PALOMINO,10,JUNTOS POR EL PERÚ,12.218,10.18,1963836,07845838,RAFAEL BERNARDO LÓPEZ ALIAGA CAZORLA,35,RENOVACIÓN POPULAR,11.641,9.7,1871118,PERU,2026-05-02T01:30:05.612304+00:00,19290233,16072850,92718
2257,96.412,2341,70340,2026-05-01T20:30:08.231046+00:00,1431,23699,23.863,ROBERTO HELBERT SANCHEZ PALOMINO,29.764,98255,16002918,ROBERTO HELBERT SANCHEZ PALOMINO,10,JUNTOS POR EL PERÚ,29.764,23.165,98255,07845838,RAFAEL BERNARDO LÓPEZ ALIAGA CAZORLA,35,RENOVACIÓN POPULAR,5.901,4.593,19480,090000,2026-05-02T01:30:07.782694+00:00,424151,330112,78775
5118,96.913,5281,177122,2026-05-01T20:30:09.894561+00:00,1432,81039,4.619,KEIKO SOFIA FUJIMORI HIGUCHI,27.988,239268,16002918,ROBERTO HELBERT SANCHEZ PALOMINO,10,JUNTOS POR EL PERÚ,11.342,8.712,96965,07845838,RAFAEL BERNARDO LÓPEZ ALIAGA CAZORLA,35,RENOVACIÓN POPULAR,6.723,5.164,57477,190000,2026-05-02T01:30:09.310323+00:00,1113047,854886,39488
90414,97.465,92766,2307506,2026-05-02T10:15:04.159745+00:00,1433,1000438,0.168,KEIKO SOFIA FUJIMORI HIGUCHI,17.121,2801661,16002918,ROBERTO HELBERT SANCHEZ PALOMINO,10,JUNTOS POR EL PERÚ,12.047,10.021,1971439,07845838,RAFAEL BERNARDO LÓPEZ ALIAGA CAZORLA,35,RENOVACIÓN POPULAR,11.879,9.882,1943981,TOTAL,2026-05-02T15:15:03.262489+00:00,19672146,16364202,27458
88037,97.577,90223,2238410,2026-05-02T10:15:04.541755+00:00,1434,979411,0.575,KEIKO SOFIA FUJIMORI HIGUCHI,17.125,2752996,16002918,ROBERTO HELBERT SANCHEZ PALOMINO,10,JUNTOS POR EL PERÚ,12.217,10.179,1963962,07845838,RAFAEL BERNARDO LÓPEZ ALIAGA CAZORLA,35,RENOVACIÓN POPULAR,11.642,9.7,1871535,PERU,2026-05-02T15:15:03.304364+00:00,19293476,16075655,92427
28432,97.213,29247,540771,2026-05-02T10:15:07.054362+00:00,1435,250999,-16.609,RAFAEL BERNARDO LÓPEZ ALIAGA CAZORLA,19.893,1179032,16002918,ROBERTO HELBERT SANCHEZ PALOMINO,10,JUNTOS POR EL PERÚ,3.284,2.897,194630,07845838,RAFAEL BERNARDO LÓPEZ ALIAGA CAZORLA,35,RENOVACIÓN POPULAR,19.893,17.548,1179032,140000,2026-05-02T15:15:06.59022+00:00,6718773,5927003,-984402
88051,97.593,90223,2238410,2026-05-02T10:30:05.54008+00:00,1436,979411,0.575,KEIKO SOFIA FUJIMORI HIGUCHI,17.125,2752996,16002918,ROBERTO HELBERT SANCHEZ PALOMINO,10,JUNTOS POR EL PERÚ,12.217,10.179,1963962,07845838,RAFAEL BERNARDO LÓPEZ ALIAGA CAZORLA,35,RENOVACIÓN POPULAR,11.642,9.7,1871535,PERU,2026-05-02T15:30:04.907155+00:00,19293476,16075655,92427
28446,97.261,29247,540771,2026-05-02T10:30:08.151575+00:00,1437,250999,-16.609,RAFAEL BERNARDO LÓPEZ ALIAGA CAZORLA,19.893,1179032,16002918,ROBERTO HELBERT SANCHEZ PALOMINO,10,JUNTOS POR EL PERÚ,3.284,2.897,194630,07845838,RAFAEL BERNARDO LÓPEZ ALIAGA CAZORLA,35,RENOVACIÓN POPULAR,19.893,17.548,1179032,140000,2026-05-02T15:30:07.650681+00:00,6718773,5927003,-984402
90414,97.465,92766,2307668,2026-05-02T11:30:05.00844+00:00,1438,1000534,0.169,KEIKO SOFIA FUJIMORI HIGUCHI,17.12,2801778,16002918,ROBERTO HELBERT SANCHEZ PALOMINO,10,JUNTOS POR EL PERÚ,12.048,10.022,1971655,07845838,RAFAEL BERNARDO LÓPEZ ALIAGA CAZORLA,35,RENOVACIÓN POPULAR,11.879,9.882,1944066,TOTAL,2026-05-02T16:30:04.561247+00:00,19673510,16365308,27589
88051,97.593,90223,2238572,2026-05-02T11:30:05.387029+00:00,1439,979507,0.575,KEIKO SOFIA FUJIMORI HIGUCHI,17.125,2753113,16002918,ROBERTO HELBERT SANCHEZ PALOMINO,10,JUNTOS POR EL PERÚ,12.217,10.18,1964178,07845838,RAFAEL BERNARDO LÓPEZ ALIAGA CAZORLA,35,RENOVACIÓN POPULAR,11.642,9.7,1871620,PERU,2026-05-02T16:30:04.603204+00:00,19294840,16076761,92558
90420,97.471,92766,2307668,2026-05-02T11:45:04.228102+00:00,1440,1000534,0.169,KEIKO SOFIA FUJIMORI HIGUCHI,17.12,2801778,16002918,ROBERTO HELBERT SANCHEZ PALOMINO,10,JUNTOS POR EL PERÚ,12.048,10.022,1971655,07845838,RAFAEL BERNARDO LÓPEZ ALIAGA CAZORLA,35,RENOVACIÓN POPULAR,11.879,9.882,1944066,TOTAL,2026-05-02T16:45:03.447768+00:00,19673510,16365308,27589
88057,97.599,90223,2238572,2026-05-02T11:45:04.622972+00:00,1441,979507,0.575,KEIKO SOFIA FUJIMORI HIGUCHI,17.125,2753113,16002918,ROBERTO HELBERT SANCHEZ PALOMINO,10,JUNTOS POR EL PERÚ,12.217,10.18,1964178,07845838,RAFAEL BERNARDO LÓPEZ ALIAGA CAZORLA,35,RENOVACIÓN POPULAR,11.642,9.7,1871620,PERU,2026-05-02T16:45:03.4892+00:00,19294840,16076761,92558
4194,99.502,4215,74563,2026-05-02T11:45:05.489957+00:00,1442,38696,-0.518,JORGE NIETO MONTESINOS,18.651,163374,16002918,ROBERTO HELBERT SANCHEZ PALOMINO,10,JUNTOS POR EL PERÚ,10.079,8.925,88290,07845838,RAFAEL BERNARDO LÓPEZ ALIAGA CAZORLA,35,RENOVACIÓN POPULAR,10.597,9.384,92831,040000,2026-05-02T16:45:05.019988+00:00,989234,875975,-4541
3667,99.35,3691,106556,2026-05-02T11:45:06.64363+00:00,1443,41862,4.694,KEIKO SOFIA FUJIMORI HIGUCHI,17.051,107777,16002918,ROBERTO HELBERT SANCHEZ PALOMINO,10,JUNTOS POR EL PERÚ,12.284,9.948,77644,07845838,RAFAEL BERNARDO LÓPEZ ALIAGA CAZORLA,35,RENOVACIÓN POPULAR,7.59,6.147,47974,110000,2026-05-02T16:45:06.319794+00:00,780503,632085,29670
90435,97.487,92766,2308178,2026-05-02T12:45:03.855887+00:00,1444,1000697,0.169,KEIKO SOFIA FUJIMORI HIGUCHI,17.12,2802227,16002918,ROBERTO HELBERT SANCHEZ PALOMINO,10,JUNTOS POR EL PERÚ,12.048,10.022,1972087,07845838,RAFAEL BERNARDO LÓPEZ ALIAGA CAZORLA,35,RENOVACIÓN POPULAR,11.879,9.881,1944357,TOTAL,2026-05-02T17:45:03.101084+00:00,19676859,16367984,27730
88072,97.616,90223,2239082,2026-05-02T12:45:04.146067+00:00,1445,979670,0.576,KEIKO SOFIA FUJIMORI HIGUCHI,17.125,2753562,16002918,ROBERTO HELBERT SANCHEZ PALOMINO,10,JUNTOS POR EL PERÚ,12.218,10.18,1964610,07845838,RAFAEL BERNARDO LÓPEZ ALIAGA CAZORLA,35,RENOVACIÓN POPULAR,11.642,9.7,1871911,PERU,2026-05-02T17:45:03.143318+00:00,19298189,16079437,92699
4194,99.502,4215,74692,2026-05-02T12:45:04.989051+00:00,1446,38743,-0.513,JORGE NIETO MONTESINOS,18.642,163480,16002918,ROBERTO HELBERT SANCHEZ PALOMINO,10,JUNTOS POR EL PERÚ,10.085,8.93,88436,07845838,RAFAEL BERNARDO LÓPEZ ALIAGA CAZORLA,35,RENOVACIÓN POPULAR,10.598,9.384,92938,040000,2026-05-02T17:45:04.663959+00:00,990379,876944,-4502
3675,99.567,3691,106913,2026-05-02T12:45:06.256543+00:00,1447,41952,4.704,KEIKO SOFIA FUJIMORI HIGUCHI,17.069,108106,16002918,ROBERTO HELBERT SANCHEZ PALOMINO,10,JUNTOS POR EL PERÚ,12.295,9.955,77870,07845838,RAFAEL BERNARDO LÓPEZ ALIAGA CAZORLA,35,RENOVACIÓN POPULAR,7.591,6.147,48079,110000,2026-05-02T17:45:05.770642+00:00,782195,633330,29791
28447,97.265,29247,540774,2026-05-02T12:45:06.859156+00:00,1448,251024,-16.609,RAFAEL BERNARDO LÓPEZ ALIAGA CAZORLA,19.893,1179107,16002918,ROBERTO HELBERT SANCHEZ PALOMINO,10,JUNTOS POR EL PERÚ,3.284,2.897,194630,07845838,RAFAEL BERNARDO LÓPEZ ALIAGA CAZORLA,35,RENOVACIÓN POPULAR,19.893,17.549,1179107,140000,2026-05-02T17:45:06.439221+00:00,6719037,5927239,-984477
1039,99.808,1041,18861,2026-05-02T12:45:08.093921+00:00,1449,9209,5.671,RICARDO PABLO BELMONT CASSINELLI,14.632,32292,16002918,ROBERTO HELBERT SANCHEZ PALOMINO,10,JUNTOS POR EL PERÚ,11.877,10.537,26212,07845838,RAFAEL BERNARDO LÓPEZ ALIAGA CAZORLA,35,RENOVACIÓN POPULAR,6.206,5.506,13696,220000,2026-05-02T17:45:07.790101+00:00,248758,220688,12516
4199,99.62,4215,74692,2026-05-02T13:00:06.757541+00:00,1450,38743,-0.513,JORGE NIETO MONTESINOS,18.642,163480,16002918,ROBERTO HELBERT SANCHEZ PALOMINO,10,JUNTOS POR EL PERÚ,10.085,8.93,88436,07845838,RAFAEL BERNARDO LÓPEZ ALIAGA CAZORLA,35,RENOVACIÓN POPULAR,10.598,9.384,92938,040000,2026-05-02T18:00:06.263876+00:00,990379,876944,-4502
1040,99.904,1041,18861,2026-05-02T13:00:09.806089+00:00,1451,9209,5.671,RICARDO PABLO BELMONT CASSINELLI,14.632,32292,16002918,ROBERTO HELBERT SANCHEZ PALOMINO,10,JUNTOS POR EL PERÚ,11.877,10.537,26212,07845838,RAFAEL BERNARDO LÓPEZ ALIAGA CAZORLA,35,RENOVACIÓN POPULAR,6.206,5.506,13696,220000,2026-05-02T18:00:09.359337+00:00,248758,220688,12516
88072,97.616,90223,2239233,2026-05-02T14:00:06.41526+00:00,1452,979720,0.575,KEIKO SOFIA FUJIMORI HIGUCHI,17.125,2753842,16002918,ROBERTO HELBERT SANCHEZ PALOMINO,10,JUNTOS POR EL PERÚ,12.217,10.18,1964641,07845838,RAFAEL BERNARDO LÓPEZ ALIAGA CAZORLA,35,RENOVACIÓN POPULAR,11.642,9.7,1872139,PERU,2026-05-02T19:00:05.911702+00:00,19299581,16080628,92502
90435,97.487,92766,2308329,2026-05-02T14:00:06.734096+00:00,1453,1000747,0.168,KEIKO SOFIA FUJIMORI HIGUCHI,17.121,2802507,16002918,ROBERTO HELBERT SANCHEZ PALOMINO,10,JUNTOS POR EL PERÚ,12.048,10.022,1972118,07845838,RAFAEL BERNARDO LÓPEZ ALIAGA CAZORLA,35,RENOVACIÓN POPULAR,11.88,9.882,1944585,TOTAL,2026-05-02T19:00:05.953892+00:00,19678251,16369175,27533
88078,97.623,90223,2239233,2026-05-02T14:15:03.759592+00:00,1454,979720,0.575,KEIKO SOFIA FUJIMORI HIGUCHI,17.125,2753842,16002918,ROBERTO HELBERT SANCHEZ PALOMINO,10,JUNTOS POR EL PERÚ,12.217,10.18,1964641,07845838,RAFAEL BERNARDO LÓPEZ ALIAGA CAZORLA,35,RENOVACIÓN POPULAR,11.642,9.7,1872139,PERU,2026-05-02T19:15:02.883277+00:00,19299581,16080628,92502
90441,97.494,92766,2308329,2026-05-02T14:15:04.054461+00:00,1455,1000747,0.168,KEIKO SOFIA FUJIMORI HIGUCHI,17.121,2802507,16002918,ROBERTO HELBERT SANCHEZ PALOMINO,10,JUNTOS POR EL PERÚ,12.048,10.022,1972118,07845838,RAFAEL BERNARDO LÓPEZ ALIAGA CAZORLA,35,RENOVACIÓN POPULAR,11.88,9.882,1944585,TOTAL,2026-05-02T19:15:02.884686+00:00,19678251,16369175,27533
28451,97.278,29247,540879,2026-05-02T14:15:06.314521+00:00,1456,251048,-16.611,RAFAEL BERNARDO LÓPEZ ALIAGA CAZORLA,19.894,1179316,16002918,ROBERTO HELBERT SANCHEZ PALOMINO,10,JUNTOS POR EL PERÚ,3.283,2.897,194646,07845838,RAFAEL BERNARDO LÓPEZ ALIAGA CAZORLA,35,RENOVACIÓN POPULAR,19.894,17.549,1179316,140000,2026-05-02T19:15:05.882726+00:00,6720011,5928084,-984670
1458,93.223,1564,54670,2026-05-02T14:15:07.847286+00:00,1457,16076,7.082,KEIKO SOFIA FUJIMORI HIGUCHI,29.604,62673,16002918,ROBERTO HELBERT SANCHEZ PALOMINO,10,JUNTOS POR EL PERÚ,12.768,9.57,27030,07845838,RAFAEL BERNARDO LÓPEZ ALIAGA CAZORLA,35,RENOVACIÓN POPULAR,5.686,4.262,12037,250000,2026-05-02T19:15:07.593284+00:00,282452,211706,14993
88080,97.625,90223,2239271,2026-05-02T15:15:04.246117+00:00,1458,979756,0.575,KEIKO SOFIA FUJIMORI HIGUCHI,17.125,2753929,16002918,ROBERTO HELBERT SANCHEZ PALOMINO,10,JUNTOS POR EL PERÚ,12.217,10.18,1964663,07845838,RAFAEL BERNARDO LÓPEZ ALIAGA CAZORLA,35,RENOVACIÓN POPULAR,11.642,9.7,1872180,PERU,2026-05-02T20:15:03.348501+00:00,19300104,16081077,92483
90443,97.496,92766,2308367,2026-05-02T15:15:04.510756+00:00,1459,1000783,0.169,KEIKO SOFIA FUJIMORI HIGUCHI,17.121,2802594,16002918,ROBERTO HELBERT SANCHEZ PALOMINO,10,JUNTOS POR EL PERÚ,12.048,10.022,1972140,07845838,RAFAEL BERNARDO LÓPEZ ALIAGA CAZORLA,35,RENOVACIÓN POPULAR,11.879,9.882,1944626,TOTAL,2026-05-02T20:15:03.390731+00:00,19678774,16369624,27514
2346,96.029,2443,68464,2026-05-02T15:15:06.365537+00:00,1460,27728,-1.697,KEIKO SOFIA FUJIMORI HIGUCHI,20.293,94117,16002918,ROBERTO HELBERT SANCHEZ PALOMINO,10,JUNTOS POR EL PERÚ,7.724,6.397,35821,07845838,RAFAEL BERNARDO LÓPEZ ALIAGA CAZORLA,35,RENOVACIÓN POPULAR,9.421,7.803,43692,100000,2026-05-02T20:15:05.950105+00:00,559973,463781,-7871
28452,97.282,29247,540899,2026-05-02T15:15:07.168754+00:00,1461,251054,-16.61,RAFAEL BERNARDO LÓPEZ ALIAGA CAZORLA,19.893,1179340,16002918,ROBERTO HELBERT SANCHEZ PALOMINO,10,JUNTOS POR EL PERÚ,3.283,2.896,194652,07845838,RAFAEL BERNARDO LÓPEZ ALIAGA CAZORLA,35,RENOVACIÓN POPULAR,19.893,17.549,1179340,140000,2026-05-02T20:15:06.664413+00:00,6720268,5928315,-984688
90624,97.691,92766,2314710,2026-05-02T22:30:05.778508+00:00,1505,1003621,0.164,KEIKO SOFIA FUJIMORI HIGUCHI,17.131,2809424,16002918,ROBERTO HELBERT SANCHEZ PALOMINO,10,JUNTOS POR EL PERÚ,12.042,10.015,1974778,07845838,RAFAEL BERNARDO LÓPEZ ALIAGA CAZORLA,35,RENOVACIÓN POPULAR,11.878,9.879,1948028,TOTAL,2026-05-03T03:30:04.842381+00:00,19718059,16399728,26750
88271,97.836,90223,2245708,2026-05-03T18:00:06.475379+00:00,1534,982445,0.581,KEIKO SOFIA FUJIMORI HIGUCHI,17.135,2761048,16002918,ROBERTO HELBERT SANCHEZ PALOMINO,10,JUNTOS POR EL PERÚ,12.218,10.179,1968649,07845838,RAFAEL BERNARDO LÓPEZ ALIAGA CAZORLA,35,RENOVACIÓN POPULAR,11.637,9.695,1875048,PERU,2026-05-03T23:00:06.13531+00:00,19341184,16113031,93601
90675,97.746,92766,2316179,2026-05-03T18:00:06.895724+00:00,1535,1004229,0.169,KEIKO SOFIA FUJIMORI HIGUCHI,17.131,2810575,16002918,ROBERTO HELBERT SANCHEZ PALOMINO,10,JUNTOS POR EL PERÚ,12.046,10.018,1976238,07845838,RAFAEL BERNARDO LÓPEZ ALIAGA CAZORLA,35,RENOVACIÓN POPULAR,11.877,9.877,1948489,TOTAL,2026-05-03T23:00:06.176238+00:00,19726620,16406212,27749
88427,98.009,90223,2249918,2026-05-05T10:00:06.273695+00:00,1647,984449,0.569,KEIKO SOFIA FUJIMORI HIGUCHI,17.142,2766785,16002918,ROBERTO HELBERT SANCHEZ PALOMINO,10,JUNTOS POR EL PERÚ,12.21,10.172,1970724,07845838,RAFAEL BERNARDO LÓPEZ ALIAGA CAZORLA,35,RENOVACIÓN POPULAR,11.641,9.698,1878838,PERU,2026-05-05T15:00:05.708012+00:00,19374352,16139985,91886
90858,97.943,92766,2321232,2026-05-05T10:00:06.992533+00:00,1648,1006567,0.155,KEIKO SOFIA FUJIMORI HIGUCHI,17.138,2816928,16002918,ROBERTO HELBERT SANCHEZ PALOMINO,10,JUNTOS POR EL PERÚ,12.037,10.01,1978421,07845838,RAFAEL BERNARDO LÓPEZ ALIAGA CAZORLA,35,RENOVACIÓN POPULAR,11.882,9.882,1953011,TOTAL,2026-05-05T15:00:05.749712+00:00,19764207,16436408,25410
28539,97.579,29247,542550,2026-05-05T10:00:09.68918+00:00,1649,251848,-16.618,RAFAEL BERNARDO LÓPEZ ALIAGA CAZORLA,19.899,1183239,16002918,ROBERTO HELBERT SANCHEZ PALOMINO,10,JUNTOS POR EL PERÚ,3.281,2.895,195122,07845838,RAFAEL BERNARDO LÓPEZ ALIAGA CAZORLA,35,RENOVACIÓN POPULAR,19.899,17.554,1183239,140000,2026-05-05T15:00:09.152086+00:00,6740699,5946301,-988117
90858,97.943,92766,2321883,2026-05-05T12:00:06.440874+00:00,1650,1006963,0.154,KEIKO SOFIA FUJIMORI HIGUCHI,17.139,2818029,16002918,ROBERTO HELBERT SANCHEZ PALOMINO,10,JUNTOS POR EL PERÚ,12.036,10.01,1978956,07845838,RAFAEL BERNARDO LÓPEZ ALIAGA CAZORLA,35,RENOVACIÓN POPULAR,11.882,9.881,1953639,TOTAL,2026-05-05T17:00:05.913146+00:00,19770768,16441922,25317
88455,98.04,90223,2250569,2026-05-05T12:00:07.014742+00:00,1651,984845,0.568,KEIKO SOFIA FUJIMORI HIGUCHI,17.143,2767886,16002918,ROBERTO HELBERT SANCHEZ PALOMINO,10,JUNTOS POR EL PERÚ,12.209,10.171,1971259,07845838,RAFAEL BERNARDO LÓPEZ ALIAGA CAZORLA,35,RENOVACIÓN POPULAR,11.641,9.698,1879466,PERU,2026-05-05T17:00:05.95357+00:00,19380913,16145499,91793
1228,96.465,1273,31747,2026-05-05T12:00:08.597712+00:00,1652,11466,41.128,ROBERTO HELBERT SANCHEZ PALOMINO,43.461,72648,16002918,ROBERTO HELBERT SANCHEZ PALOMINO,10,JUNTOS POR EL PERÚ,43.461,34.533,72648,07845838,RAFAEL BERNARDO LÓPEZ ALIAGA CAZORLA,35,RENOVACIÓN POPULAR,2.333,1.853,3899,080000,2026-05-05T17:00:08.099615+00:00,210370,167157,68749
3589,99.972,3590,100376,2026-05-05T12:00:09.482541+00:00,1653,50237,2.153,KEIKO SOFIA FUJIMORI HIGUCHI,26.397,176073,16002918,ROBERTO HELBERT SANCHEZ PALOMINO,10,JUNTOS POR EL PERÚ,10.74,8.762,71638,07845838,RAFAEL BERNARDO LÓPEZ ALIAGA CAZORLA,35,RENOVACIÓN POPULAR,8.587,7.005,57274,130000,2026-05-05T17:00:09.056163+00:00,817626,667013,14364
28561,97.654,29247,542979,2026-05-05T12:00:09.858862+00:00,1654,252152,-16.612,RAFAEL BERNARDO LÓPEZ ALIAGA CAZORLA,19.893,1183851,16002918,ROBERTO HELBERT SANCHEZ PALOMINO,10,JUNTOS POR EL PERÚ,3.281,2.894,195246,07845838,RAFAEL BERNARDO LÓPEZ ALIAGA CAZORLA,35,RENOVACIÓN POPULAR,19.893,17.549,1183851,140000,2026-05-05T17:00:09.203527+00:00,6746092,5950961,-988605
90886,97.973,92766,2321883,2026-05-05T12:15:03.817091+00:00,1655,1006963,0.154,KEIKO SOFIA FUJIMORI HIGUCHI,17.139,2818029,16002918,ROBERTO HELBERT SANCHEZ PALOMINO,10,JUNTOS POR EL PERÚ,12.036,10.01,1978956,07845838,RAFAEL BERNARDO LÓPEZ ALIAGA CAZORLA,35,RENOVACIÓN POPULAR,11.882,9.881,1953639,TOTAL,2026-05-05T17:15:03.03416+00:00,19770768,16441922,25317
90886,97.973,92766,2322582,2026-05-05T14:00:06.58412+00:00,1656,1007249,0.154,KEIKO SOFIA FUJIMORI HIGUCHI,17.138,2818965,16002918,ROBERTO HELBERT SANCHEZ PALOMINO,10,JUNTOS POR EL PERÚ,12.037,10.01,1979892,07845838,RAFAEL BERNARDO LÓPEZ ALIAGA CAZORLA,35,RENOVACIÓN POPULAR,11.883,9.882,1954555,TOTAL,2026-05-05T19:00:05.705268+00:00,19778170,16448339,25337
88455,98.04,90223,2251268,2026-05-05T14:00:06.958472+00:00,1657,985131,0.568,KEIKO SOFIA FUJIMORI HIGUCHI,17.142,2768822,16002918,ROBERTO HELBERT SANCHEZ PALOMINO,10,JUNTOS POR EL PERÚ,12.21,10.172,1972195,07845838,RAFAEL BERNARDO LÓPEZ ALIAGA CAZORLA,35,RENOVACIÓN POPULAR,11.642,9.699,1880382,PERU,2026-05-05T19:00:05.745458+00:00,19388315,16151916,91813
3430,98.79,3472,102971,2026-05-05T14:00:07.788635+00:00,1658,49155,8.948,KEIKO SOFIA FUJIMORI HIGUCHI,17.921,96153,16002918,ROBERTO HELBERT SANCHEZ PALOMINO,10,JUNTOS POR EL PERÚ,14.983,11.673,80390,07845838,RAFAEL BERNARDO LÓPEZ ALIAGA CAZORLA,35,RENOVACIÓN POPULAR,6.035,4.702,32378,020000,2026-05-05T19:00:07.298989+00:00,688654,536528,48012
1241,97.486,1273,32042,2026-05-05T14:00:09.024223+00:00,1659,11566,41.126,ROBERTO HELBERT SANCHEZ PALOMINO,43.467,73441,16002918,ROBERTO HELBERT SANCHEZ PALOMINO,10,JUNTOS POR EL PERÚ,43.467,34.55,73441,07845838,RAFAEL BERNARDO LÓPEZ ALIAGA CAZORLA,35,RENOVACIÓN POPULAR,2.341,1.861,3956,080000,2026-05-05T19:00:08.591868+00:00,212565,168957,69485
5295,99.868,5302,159176,2026-05-05T14:00:09.888897+00:00,1660,73816,1.267,KEIKO SOFIA FUJIMORI HIGUCHI,20.248,188723,16002918,ROBERTO HELBERT SANCHEZ PALOMINO,10,JUNTOS POR EL PERÚ,9.465,7.572,88215,07845838,RAFAEL BERNARDO LÓPEZ ALIAGA CAZORLA,35,RENOVACIÓN POPULAR,8.198,6.559,76411,120000,2026-05-05T19:00:09.35451+00:00,1165051,932059,11804
3589,99.972,3590,100404,2026-05-05T14:00:10.271287+00:00,1661,50246,2.149,KEIKO SOFIA FUJIMORI HIGUCHI,26.394,176103,16002918,ROBERTO HELBERT SANCHEZ PALOMINO,10,JUNTOS POR EL PERÚ,10.738,8.76,71644,07845838,RAFAEL BERNARDO LÓPEZ ALIAGA CAZORLA,35,RENOVACIÓN POPULAR,8.589,7.007,57305,130000,2026-05-05T19:00:09.516401+00:00,817863,667213,14339
28561,97.654,29247,543170,2026-05-05T14:00:10.584169+00:00,1662,252231,-16.613,RAFAEL BERNARDO LÓPEZ ALIAGA CAZORLA,19.894,1184333,16002918,ROBERTO HELBERT SANCHEZ PALOMINO,10,JUNTOS POR EL PERÚ,3.281,2.894,195306,07845838,RAFAEL BERNARDO LÓPEZ ALIAGA CAZORLA,35,RENOVACIÓN POPULAR,19.894,17.549,1184333,140000,2026-05-05T19:00:09.677949+00:00,6748688,5953287,-989027
88491,98.08,90223,2251268,2026-05-05T14:15:03.581058+00:00,1663,985131,0.568,KEIKO SOFIA FUJIMORI HIGUCHI,17.142,2768822,16002918,ROBERTO HELBERT SANCHEZ PALOMINO,10,JUNTOS POR EL PERÚ,12.21,10.172,1972195,07845838,RAFAEL BERNARDO LÓPEZ ALIAGA CAZORLA,35,RENOVACIÓN POPULAR,11.642,9.699,1880382,PERU,2026-05-05T19:15:03.179139+00:00,19388315,16151916,91813
90922,98.012,92766,2322582,2026-05-05T14:15:03.846114+00:00,1664,1007249,0.154,KEIKO SOFIA FUJIMORI HIGUCHI,17.138,2818965,16002918,ROBERTO HELBERT SANCHEZ PALOMINO,10,JUNTOS POR EL PERÚ,12.037,10.01,1979892,07845838,RAFAEL BERNARDO LÓPEZ ALIAGA CAZORLA,35,RENOVACIÓN POPULAR,11.883,9.882,1954555,TOTAL,2026-05-05T19:15:03.220709+00:00,19778170,16448339,25337
3590,100.0,3590,100404,2026-05-05T14:15:06.227978+00:00,1665,50246,2.149,KEIKO SOFIA FUJIMORI HIGUCHI,26.394,176103,16002918,ROBERTO HELBERT SANCHEZ PALOMINO,10,JUNTOS POR EL PERÚ,10.738,8.76,71644,07845838,RAFAEL BERNARDO LÓPEZ ALIAGA CAZORLA,35,RENOVACIÓN POPULAR,8.589,7.007,57305,130000,2026-05-05T19:15:05.753727+00:00,817863,667213,14339
28572,97.692,29247,543170,2026-05-05T14:15:06.579081+00:00,1666,252231,-16.613,RAFAEL BERNARDO LÓPEZ ALIAGA CAZORLA,19.894,1184333,16002918,ROBERTO HELBERT SANCHEZ PALOMINO,10,JUNTOS POR EL PERÚ,3.281,2.894,195306,07845838,RAFAEL BERNARDO LÓPEZ ALIAGA CAZORLA,35,RENOVACIÓN POPULAR,19.894,17.549,1184333,140000,2026-05-05T19:15:06.001701+00:00,6748688,5953287,-989027
799,99.626,802,22069,2026-05-05T14:15:07.285093+00:00,1667,8013,11.993,KEIKO SOFIA FUJIMORI HIGUCHI,18.878,21797,16002918,ROBERTO HELBERT SANCHEZ PALOMINO,10,JUNTOS POR EL PERÚ,18.611,14.764,21489,07845838,RAFAEL BERNARDO LÓPEZ ALIAGA CAZORLA,35,RENOVACIÓN POPULAR,6.618,5.25,7641,180000,2026-05-05T19:15:06.859969+00:00,145547,115465,13848
1295,98.33,1317,39260,2026-05-05T16:15:04.771295+00:00,1668,14368,37.857,ROBERTO HELBERT SANCHEZ PALOMINO,41.01,81343,16002918,ROBERTO HELBERT SANCHEZ PALOMINO,10,JUNTOS POR EL PERÚ,41.01,32.282,81343,07845838,RAFAEL BERNARDO LÓPEZ ALIAGA CAZORLA,35,RENOVACIÓN POPULAR,3.153,2.482,6254,030000,2026-05-05T21:15:04.313223+00:00,251975,198347,75089
573,99.135,578,11912,2026-05-05T16:15:07.472916+00:00,1669,5224,7.061,ROBERTO HELBERT SANCHEZ PALOMINO,12.857,14572,16002918,ROBERTO HELBERT SANCHEZ PALOMINO,10,JUNTOS POR EL PERÚ,12.857,11.169,14572,07845838,RAFAEL BERNARDO LÓPEZ ALIAGA CAZORLA,35,RENOVACIÓN POPULAR,5.796,5.035,6569,170000,2026-05-05T21:15:06.894474+00:00,130474,113338,8003
90934,98.025,92766,2322866,2026-05-05T16:30:04.990269+00:00,1670,1007383,0.155,KEIKO SOFIA FUJIMORI HIGUCHI,17.138,2819295,16002918,ROBERTO HELBERT SANCHEZ PALOMINO,10,JUNTOS POR EL PERÚ,12.038,10.011,1980230,07845838,RAFAEL BERNARDO LÓPEZ ALIAGA CAZORLA,35,RENOVACIÓN POPULAR,11.883,9.882,1954797,TOTAL,2026-05-05T21:30:04.579196+00:00,19780748,16450499,25433
88503,98.094,90223,2251552,2026-05-05T16:30:05.309037+00:00,1671,985265,0.569,KEIKO SOFIA FUJIMORI HIGUCHI,17.142,2769152,16002918,ROBERTO HELBERT SANCHEZ PALOMINO,10,JUNTOS POR EL PERÚ,12.211,10.172,1972533,07845838,RAFAEL BERNARDO LÓPEZ ALIAGA CAZORLA,35,RENOVACIÓN POPULAR,11.642,9.698,1880624,PERU,2026-05-05T21:30:04.580742+00:00,19390893,16154076,91909
1299,98.633,1317,39260,2026-05-05T16:30:06.124206+00:00,1672,14368,37.857,ROBERTO HELBERT SANCHEZ PALOMINO,41.01,81343,16002918,ROBERTO HELBERT SANCHEZ PALOMINO,10,JUNTOS POR EL PERÚ,41.01,32.282,81343,07845838,RAFAEL BERNARDO LÓPEZ ALIAGA CAZORLA,35,RENOVACIÓN POPULAR,3.153,2.482,6254,030000,2026-05-05T21:30:05.709466+00:00,251975,198347,75089
28573,97.695,29247,543196,2026-05-05T16:30:07.928328+00:00,1673,252250,-16.613,RAFAEL BERNARDO LÓPEZ ALIAGA CAZORLA,19.894,1184360,16002918,ROBERTO HELBERT SANCHEZ PALOMINO,10,JUNTOS POR EL PERÚ,3.281,2.894,195312,07845838,RAFAEL BERNARDO LÓPEZ ALIAGA CAZORLA,35,RENOVACIÓN POPULAR,19.894,17.549,1184360,140000,2026-05-05T21:30:07.447962+00:00,6748940,5953494,-989048
574,99.308,578,11912,2026-05-05T16:30:08.515368+00:00,1674,5224,7.061,ROBERTO HELBERT SANCHEZ PALOMINO,12.857,14572,16002918,ROBERTO HELBERT SANCHEZ PALOMINO,10,JUNTOS POR EL PERÚ,12.857,11.169,14572,07845838,RAFAEL BERNARDO LÓPEZ ALIAGA CAZORLA,35,RENOVACIÓN POPULAR,5.796,5.035,6569,170000,2026-05-05T21:30:08.071416+00:00,130474,113338,8003
5146,97.444,5281,178223,2026-05-05T16:30:08.952192+00:00,1675,81610,4.595,KEIKO SOFIA FUJIMORI HIGUCHI,27.988,240647,16002918,ROBERTO HELBERT SANCHEZ PALOMINO,10,JUNTOS POR EL PERÚ,11.319,8.692,97323,07845838,RAFAEL BERNARDO LÓPEZ ALIAGA CAZORLA,35,RENOVACIÓN POPULAR,6.724,5.164,57818,190000,2026-05-05T21:30:08.581664+00:00,1119665,859832,39505
88508,98.099,90223,2251697,2026-05-05T17:15:03.943267+00:00,1676,985311,0.569,KEIKO SOFIA FUJIMORI HIGUCHI,17.142,2769269,16002918,ROBERTO HELBERT SANCHEZ PALOMINO,10,JUNTOS POR EL PERÚ,12.211,10.173,1972693,07845838,RAFAEL BERNARDO LÓPEZ ALIAGA CAZORLA,35,RENOVACIÓN POPULAR,11.642,9.698,1880695,PERU,2026-05-05T22:15:03.018058+00:00,19391858,16154850,91998
90939,98.031,92766,2323011,2026-05-05T17:15:04.322168+00:00,1677,1007429,0.155,KEIKO SOFIA FUJIMORI HIGUCHI,17.138,2819412,16002918,ROBERTO HELBERT SANCHEZ PALOMINO,10,JUNTOS POR EL PERÚ,12.038,10.011,1980390,07845838,RAFAEL BERNARDO LÓPEZ ALIAGA CAZORLA,35,RENOVACIÓN POPULAR,11.883,9.882,1954868,TOTAL,2026-05-05T22:15:03.059412+00:00,19781713,16451273,25522
3433,98.877,3472,103067,2026-05-05T17:15:04.944239+00:00,1678,49186,8.969,KEIKO SOFIA FUJIMORI HIGUCHI,17.917,96196,16002918,ROBERTO HELBERT SANCHEZ PALOMINO,10,JUNTOS POR EL PERÚ,15.001,11.687,80538,07845838,RAFAEL BERNARDO LÓPEZ ALIAGA CAZORLA,35,RENOVACIÓN POPULAR,6.032,4.699,32386,020000,2026-05-05T22:15:04.543917+00:00,689148,536895,48152
5296,99.887,5302,159192,2026-05-05T17:15:06.687702+00:00,1679,73822,1.263,KEIKO SOFIA FUJIMORI HIGUCHI,20.247,188759,16002918,ROBERTO HELBERT SANCHEZ PALOMINO,10,JUNTOS POR EL PERÚ,9.463,7.571,88220,07845838,RAFAEL BERNARDO LÓPEZ ALIAGA CAZORLA,35,RENOVACIÓN POPULAR,8.2,6.56,76448,120000,2026-05-05T22:15:06.218614+00:00,1165282,932268,11772
2852,98.413,2898,61472,2026-05-05T17:15:08.737597+00:00,1680,29258,-12.029,KEIKO SOFIA FUJIMORI HIGUCHI,20.666,117779,16002918,ROBERTO HELBERT SANCHEZ PALOMINO,10,JUNTOS POR EL PERÚ,3.004,2.591,17118,07845838,RAFAEL BERNARDO LÓPEZ ALIAGA CAZORLA,35,RENOVACIÓN POPULAR,15.033,12.968,85673,240000,2026-05-05T22:15:08.277265+00:00,660640,569910,-68555
88521,98.114,90223,2251968,2026-05-05T18:15:03.409083+00:00,1681,985429,0.566,KEIKO SOFIA FUJIMORI HIGUCHI,17.142,2769602,16002918,ROBERTO HELBERT SANCHEZ PALOMINO,10,JUNTOS POR EL PERÚ,12.21,10.172,1972857,07845838,RAFAEL BERNARDO LÓPEZ ALIAGA CAZORLA,35,RENOVACIÓN POPULAR,11.644,9.7,1881361,PERU,2026-05-05T23:15:03.026434+00:00,19394606,16157209,91496
90952,98.045,92766,2323282,2026-05-05T18:15:03.775224+00:00,1682,1007547,0.152,KEIKO SOFIA FUJIMORI HIGUCHI,17.138,2819745,16002918,ROBERTO HELBERT SANCHEZ PALOMINO,10,JUNTOS POR EL PERÚ,12.037,10.011,1980554,07845838,RAFAEL BERNARDO LÓPEZ ALIAGA CAZORLA,35,RENOVACIÓN POPULAR,11.885,9.884,1955534,TOTAL,2026-05-05T23:15:03.067595+00:00,19784461,16453632,25020
1256,98.279,1278,35505,2026-05-05T18:15:04.17401+00:00,1683,14909,32.528,ROBERTO HELBERT SANCHEZ PALOMINO,36.233,58228,16002918,ROBERTO HELBERT SANCHEZ PALOMINO,10,JUNTOS POR EL PERÚ,36.233,27.581,58228,07845838,RAFAEL BERNARDO LÓPEZ ALIAGA CAZORLA,35,RENOVACIÓN POPULAR,3.705,2.82,5954,010000,2026-05-05T23:15:03.550717+00:00,211118,160704,52274
3435,98.934,3472,103156,2026-05-05T18:15:04.527014+00:00,1684,49192,8.981,KEIKO SOFIA FUJIMORI HIGUCHI,17.912,96202,16002918,ROBERTO HELBERT SANCHEZ PALOMINO,10,JUNTOS POR EL PERÚ,15.011,11.694,80623,07845838,RAFAEL BERNARDO LÓPEZ ALIAGA CAZORLA,35,RENOVACIÓN POPULAR,6.03,4.698,32389,020000,2026-05-05T23:15:03.863556+00:00,689439,537091,48234
4203,99.715,4215,74799,2026-05-05T18:15:05.014689+00:00,1685,38801,-0.494,JORGE NIETO MONTESINOS,18.632,163522,16002918,ROBERTO HELBERT SANCHEZ PALOMINO,10,JUNTOS POR EL PERÚ,10.093,8.937,88585,07845838,RAFAEL BERNARDO LÓPEZ ALIAGA CAZORLA,35,RENOVACIÓN POPULAR,10.587,9.374,92919,040000,2026-05-05T23:15:04.645139+00:00,991260,877660,-4334
28573,97.695,29247,543321,2026-05-05T18:15:06.83712+00:00,1686,252341,-16.618,RAFAEL BERNARDO LÓPEZ ALIAGA CAZORLA,19.898,1184959,16002918,ROBERTO HELBERT SANCHEZ PALOMINO,10,JUNTOS POR EL PERÚ,3.28,2.894,195344,07845838,RAFAEL BERNARDO LÓPEZ ALIAGA CAZORLA,35,RENOVACIÓN POPULAR,19.898,17.553,1184959,140000,2026-05-05T23:15:06.305239+00:00,6750693,5955031,-989615
2853,98.447,2898,61486,2026-05-05T18:15:09.118163+00:00,1687,29260,-12.03,KEIKO SOFIA FUJIMORI HIGUCHI,20.666,117816,16002918,ROBERTO HELBERT SANCHEZ PALOMINO,10,JUNTOS POR EL PERÚ,3.003,2.591,17120,07845838,RAFAEL BERNARDO LÓPEZ ALIAGA CAZORLA,35,RENOVACIÓN POPULAR,15.033,12.968,85702,240000,2026-05-05T23:15:08.608376+00:00,660853,570107,-68582
28581,97.723,29247,543321,2026-05-05T18:30:07.893452+00:00,1688,252341,-16.618,RAFAEL BERNARDO LÓPEZ ALIAGA CAZORLA,19.898,1184959,16002918,ROBERTO HELBERT SANCHEZ PALOMINO,10,JUNTOS POR EL PERÚ,3.28,2.894,195344,07845838,RAFAEL BERNARDO LÓPEZ ALIAGA CAZORLA,35,RENOVACIÓN POPULAR,19.898,17.553,1184959,140000,2026-05-05T23:30:07.502738+00:00,6750693,5955031,-989615
90977,98.071,92766,2323645,2026-05-05T19:30:05.244221+00:00,1689,1007872,0.146,KEIKO SOFIA FUJIMORI HIGUCHI,17.137,2820530,16002918,ROBERTO HELBERT SANCHEZ PALOMINO,10,JUNTOS POR EL PERÚ,12.035,10.009,1980713,07845838,RAFAEL BERNARDO LÓPEZ ALIAGA CAZORLA,35,RENOVACIÓN POPULAR,11.889,9.888,1956801,TOTAL,2026-05-06T00:30:04.771809+00:00,19789981,16458464,23912
88546,98.141,90223,2252331,2026-05-05T19:30:05.613404+00:00,1690,985754,0.56,KEIKO SOFIA FUJIMORI HIGUCHI,17.141,2770387,16002918,ROBERTO HELBERT SANCHEZ PALOMINO,10,JUNTOS POR EL PERÚ,12.208,10.17,1973016,07845838,RAFAEL BERNARDO LÓPEZ ALIAGA CAZORLA,35,RENOVACIÓN POPULAR,11.648,9.704,1882628,PERU,2026-05-06T00:30:04.812618+00:00,19400126,16162041,90388
1257,98.357,1278,35532,2026-05-05T19:30:06.044532+00:00,1691,14929,32.515,ROBERTO HELBERT SANCHEZ PALOMINO,36.224,58273,16002918,ROBERTO HELBERT SANCHEZ PALOMINO,10,JUNTOS POR EL PERÚ,36.224,27.575,58273,07845838,RAFAEL BERNARDO LÓPEZ ALIAGA CAZORLA,35,RENOVACIÓN POPULAR,3.709,2.824,5967,010000,2026-05-06T00:30:05.683196+00:00,211328,160867,52306
1300,98.709,1317,39284,2026-05-05T19:30:06.528709+00:00,1692,14372,37.86,ROBERTO HELBERT SANCHEZ PALOMINO,41.012,81365,16002918,ROBERTO HELBERT SANCHEZ PALOMINO,10,JUNTOS POR EL PERÚ,41.012,32.281,81365,07845838,RAFAEL BERNARDO LÓPEZ ALIAGA CAZORLA,35,RENOVACIÓN POPULAR,3.152,2.481,6254,030000,2026-05-06T00:30:06.185362+00:00,252050,198394,75111
5299,99.943,5302,159254,2026-05-05T19:30:08.06658+00:00,1693,73887,1.263,KEIKO SOFIA FUJIMORI HIGUCHI,20.248,188869,16002918,ROBERTO HELBERT SANCHEZ PALOMINO,10,JUNTOS POR EL PERÚ,9.462,7.57,88257,07845838,RAFAEL BERNARDO LÓPEZ ALIAGA CAZORLA,35,RENOVACIÓN POPULAR,8.199,6.56,76479,120000,2026-05-06T00:30:07.605907+00:00,1165907,932766,11778
28601,97.791,29247,543571,2026-05-05T19:30:08.520628+00:00,1694,252577,-16.626,RAFAEL BERNARDO LÓPEZ ALIAGA CAZORLA,19.905,1186182,16002918,ROBERTO HELBERT SANCHEZ PALOMINO,10,JUNTOS POR EL PERÚ,3.279,2.893,195399,07845838,RAFAEL BERNARDO LÓPEZ ALIAGA CAZORLA,35,RENOVACIÓN POPULAR,19.905,17.559,1186182,140000,2026-05-06T00:30:07.904751+00:00,6755303,5959155,-990783
88546,98.141,90223,2253706,2026-05-05T20:00:06.016618+00:00,1695,986422,0.56,KEIKO SOFIA FUJIMORI HIGUCHI,17.145,2772385,16002918,ROBERTO HELBERT SANCHEZ PALOMINO,10,JUNTOS POR EL PERÚ,12.207,10.169,1973870,07845838,RAFAEL BERNARDO LÓPEZ ALIAGA CAZORLA,35,RENOVACIÓN POPULAR,11.647,9.703,1883428,PERU,2026-05-06T01:00:05.480542+00:00,19410682,16170554,90442
90977,98.071,92766,2325020,2026-05-05T20:00:06.335055+00:00,1696,1008540,0.146,KEIKO SOFIA FUJIMORI HIGUCHI,17.141,2822528,16002918,ROBERTO HELBERT SANCHEZ PALOMINO,10,JUNTOS POR EL PERÚ,12.034,10.008,1981567,07845838,RAFAEL BERNARDO LÓPEZ ALIAGA CAZORLA,35,RENOVACIÓN POPULAR,11.888,9.887,1957601,TOTAL,2026-05-06T01:00:05.523035+00:00,19800537,16466977,23966
28618,97.849,29247,543571,2026-05-05T20:00:08.975865+00:00,1697,252577,-16.626,RAFAEL BERNARDO LÓPEZ ALIAGA CAZORLA,19.905,1186182,16002918,ROBERTO HELBERT SANCHEZ PALOMINO,10,JUNTOS POR EL PERÚ,3.279,2.893,195399,07845838,RAFAEL BERNARDO LÓPEZ ALIAGA CAZORLA,35,RENOVACIÓN POPULAR,19.905,17.559,1186182,140000,2026-05-06T01:00:08.463102+00:00,6755303,5959155,-990783
88594,98.194,90223,2253706,2026-05-05T20:15:04.181148+00:00,1698,986422,0.56,KEIKO SOFIA FUJIMORI HIGUCHI,17.145,2772385,16002918,ROBERTO HELBERT SANCHEZ PALOMINO,10,JUNTOS POR EL PERÚ,12.207,10.169,1973870,07845838,RAFAEL BERNARDO LÓPEZ ALIAGA CAZORLA,35,RENOVACIÓN POPULAR,11.647,9.703,1883428,PERU,2026-05-06T01:15:03.384003+00:00,19410682,16170554,90442
91025,98.123,92766,2325020,2026-05-05T20:15:04.558285+00:00,1699,1008540,0.146,KEIKO SOFIA FUJIMORI HIGUCHI,17.141,2822528,16002918,ROBERTO HELBERT SANCHEZ PALOMINO,10,JUNTOS POR EL PERÚ,12.034,10.008,1981567,07845838,RAFAEL BERNARDO LÓPEZ ALIAGA CAZORLA,35,RENOVACIÓN POPULAR,11.888,9.887,1957601,TOTAL,2026-05-06T01:15:03.385416+00:00,19800537,16466977,23966
3460,99.654,3472,104011,2026-05-05T20:15:05.237574+00:00,1700,49601,8.941,KEIKO SOFIA FUJIMORI HIGUCHI,17.996,97434,16002918,ROBERTO HELBERT SANCHEZ PALOMINO,10,JUNTOS POR EL PERÚ,14.979,11.668,81101,07845838,RAFAEL BERNARDO LÓPEZ ALIAGA CAZORLA,35,RENOVACIÓN POPULAR,6.038,4.704,32694,020000,2026-05-06T01:15:04.826216+00:00,695046,541434,48407
2263,96.668,2341,70490,2026-05-05T20:15:06.494061+00:00,1701,23737,23.878,ROBERTO HELBERT SANCHEZ PALOMINO,29.778,98546,16002918,ROBERTO HELBERT SANCHEZ PALOMINO,10,JUNTOS POR EL PERÚ,29.778,23.179,98546,07845838,RAFAEL BERNARDO LÓPEZ ALIAGA CAZORLA,35,RENOVACIÓN POPULAR,5.9,4.592,19525,090000,2026-05-06T01:15:06.159722+00:00,425159,330932,79021
28618,97.849,29247,543941,2026-05-05T20:15:07.495354+00:00,1702,252798,-16.623,RAFAEL BERNARDO LÓPEZ ALIAGA CAZORLA,19.902,1186632,16002918,ROBERTO HELBERT SANCHEZ PALOMINO,10,JUNTOS POR EL PERÚ,3.279,2.892,195484,07845838,RAFAEL BERNARDO LÓPEZ ALIAGA CAZORLA,35,RENOVACIÓN POPULAR,19.902,17.556,1186632,140000,2026-05-06T01:15:07.03354+00:00,6759244,5962505,-991148
91048,98.148,92766,2325733,2026-05-05T21:00:05.961068+00:00,1703,1008773,0.146,KEIKO SOFIA FUJIMORI HIGUCHI,17.14,2823161,16002918,ROBERTO HELBERT SANCHEZ PALOMINO,10,JUNTOS POR EL PERÚ,12.035,10.009,1982340,07845838,RAFAEL BERNARDO LÓPEZ ALIAGA CAZORLA,35,RENOVACIÓN POPULAR,11.889,9.887,1958238,TOTAL,2026-05-06T02:00:05.247822+00:00,19805562,16471056,24102
88617,98.22,90223,2254419,2026-05-05T21:00:06.297634+00:00,1704,986655,0.56,KEIKO SOFIA FUJIMORI HIGUCHI,17.144,2773018,16002918,ROBERTO HELBERT SANCHEZ PALOMINO,10,JUNTOS POR EL PERÚ,12.208,10.17,1974643,07845838,RAFAEL BERNARDO LÓPEZ ALIAGA CAZORLA,35,RENOVACIÓN POPULAR,11.648,9.704,1884065,PERU,2026-05-06T02:00:05.288504+00:00,19415707,16174633,90578
3461,99.683,3472,104041,2026-05-05T21:00:06.862938+00:00,1705,49613,8.935,KEIKO SOFIA FUJIMORI HIGUCHI,17.999,97484,16002918,ROBERTO HELBERT SANCHEZ PALOMINO,10,JUNTOS POR EL PERÚ,14.976,11.666,81112,07845838,RAFAEL BERNARDO LÓPEZ ALIAGA CAZORLA,35,RENOVACIÓN POPULAR,6.041,4.706,32718,020000,2026-05-06T02:00:06.356965+00:00,695269,541615,48394
4197,98.986,4240,123358,2026-05-05T21:00:07.710655+00:00,1706,53186,38.384,ROBERTO HELBERT SANCHEZ PALOMINO,41.629,266056,16002918,ROBERTO HELBERT SANCHEZ PALOMINO,10,JUNTOS POR EL PERÚ,41.629,32.619,266056,07845838,RAFAEL BERNARDO LÓPEZ ALIAGA CAZORLA,35,RENOVACIÓN POPULAR,3.245,2.543,20742,060000,2026-05-06T02:00:07.168162+00:00,815656,639112,245314
2277,97.266,2341,71030,2026-05-05T21:00:08.337348+00:00,1707,23903,23.889,ROBERTO HELBERT SANCHEZ PALOMINO,29.794,99246,16002918,ROBERTO HELBERT SANCHEZ PALOMINO,10,JUNTOS POR EL PERÚ,29.794,23.186,99246,07845838,RAFAEL BERNARDO LÓPEZ ALIAGA CAZORLA,35,RENOVACIÓN POPULAR,5.905,4.596,19671,090000,2026-05-06T02:00:07.818166+00:00,428039,333106,79575
28625,97.873,29247,544044,2026-05-05T21:00:09.301941+00:00,1708,252840,-16.626,RAFAEL BERNARDO LÓPEZ ALIAGA CAZORLA,19.904,1187089,16002918,ROBERTO HELBERT SANCHEZ PALOMINO,10,JUNTOS POR EL PERÚ,3.278,2.892,195502,07845838,RAFAEL BERNARDO LÓPEZ ALIAGA CAZORLA,35,RENOVACIÓN POPULAR,19.904,17.558,1187089,140000,2026-05-06T02:00:08.758201+00:00,6760932,5964048,-991587
88617,98.22,90223,2255324,2026-05-05T21:30:05.191877+00:00,1709,987105,0.553,KEIKO SOFIA FUJIMORI HIGUCHI,17.143,2774085,16002918,ROBERTO HELBERT SANCHEZ PALOMINO,10,JUNTOS POR EL PERÚ,12.208,10.17,1975569,07845838,RAFAEL BERNARDO LÓPEZ ALIAGA CAZORLA,35,RENOVACIÓN POPULAR,11.655,9.709,1885985,PERU,2026-05-06T02:30:04.810639+00:00,19424739,16182310,89584
91048,98.148,92766,2326638,2026-05-05T21:30:05.460734+00:00,1710,1009223,0.14,KEIKO SOFIA FUJIMORI HIGUCHI,17.139,2824228,16002918,ROBERTO HELBERT SANCHEZ PALOMINO,10,JUNTOS POR EL PERÚ,12.035,10.009,1983266,07845838,RAFAEL BERNARDO LÓPEZ ALIAGA CAZORLA,35,RENOVACIÓN POPULAR,11.895,9.892,1960158,TOTAL,2026-05-06T02:30:04.852467+00:00,19814594,16478733,23108
28651,97.962,29247,544044,2026-05-05T21:30:07.940435+00:00,1711,252840,-16.626,RAFAEL BERNARDO LÓPEZ ALIAGA CAZORLA,19.904,1187089,16002918,ROBERTO HELBERT SANCHEZ PALOMINO,10,JUNTOS POR EL PERÚ,3.278,2.892,195502,07845838,RAFAEL BERNARDO LÓPEZ ALIAGA CAZORLA,35,RENOVACIÓN POPULAR,19.904,17.558,1187089,140000,2026-05-06T02:30:07.590274+00:00,6760932,5964048,-991587
88659,98.267,90223,2255324,2026-05-05T21:45:03.732143+00:00,1712,987105,0.553,KEIKO SOFIA FUJIMORI HIGUCHI,17.143,2774085,16002918,ROBERTO HELBERT SANCHEZ PALOMINO,10,JUNTOS POR EL PERÚ,12.208,10.17,1975569,07845838,RAFAEL BERNARDO LÓPEZ ALIAGA CAZORLA,35,RENOVACIÓN POPULAR,11.655,9.709,1885985,PERU,2026-05-06T02:45:02.93632+00:00,19424739,16182310,89584
91090,98.193,92766,2326638,2026-05-05T21:45:04.264989+00:00,1713,1009223,0.14,KEIKO SOFIA FUJIMORI HIGUCHI,17.139,2824228,16002918,ROBERTO HELBERT SANCHEZ PALOMINO,10,JUNTOS POR EL PERÚ,12.035,10.009,1983266,07845838,RAFAEL BERNARDO LÓPEZ ALIAGA CAZORLA,35,RENOVACIÓN POPULAR,11.895,9.892,1960158,TOTAL,2026-05-06T02:45:02.937814+00:00,19814594,16478733,23108
2293,97.95,2341,71614,2026-05-05T21:45:06.083692+00:00,1714,24112,23.917,ROBERTO HELBERT SANCHEZ PALOMINO,29.814,100071,16002918,ROBERTO HELBERT SANCHEZ PALOMINO,10,JUNTOS POR EL PERÚ,29.814,23.198,100071,07845838,RAFAEL BERNARDO LÓPEZ ALIAGA CAZORLA,35,RENOVACIÓN POPULAR,5.897,4.589,19794,090000,2026-05-06T02:45:05.565739+00:00,431376,335650,80277
28651,97.962,29247,544365,2026-05-05T21:45:07.041087+00:00,1715,253081,-16.64,RAFAEL BERNARDO LÓPEZ ALIAGA CAZORLA,19.917,1188886,16002918,ROBERTO HELBERT SANCHEZ PALOMINO,10,JUNTOS POR EL PERÚ,3.277,2.891,195603,07845838,RAFAEL BERNARDO LÓPEZ ALIAGA CAZORLA,35,RENOVACIÓN POPULAR,19.917,17.57,1188886,140000,2026-05-06T02:45:06.571039+00:00,6766627,5969181,-993283
91090,98.193,92766,2327363,2026-05-05T22:30:05.127197+00:00,1716,1009453,0.144,KEIKO SOFIA FUJIMORI HIGUCHI,17.138,2824688,16002918,ROBERTO HELBERT SANCHEZ PALOMINO,10,JUNTOS POR EL PERÚ,12.039,10.012,1984313,07845838,RAFAEL BERNARDO LÓPEZ ALIAGA CAZORLA,35,RENOVACIÓN POPULAR,11.895,9.892,1960604,TOTAL,2026-05-06T03:30:04.61914+00:00,19819273,16482457,23709
88659,98.267,90223,2256049,2026-05-05T22:30:05.431086+00:00,1717,987335,0.557,KEIKO SOFIA FUJIMORI HIGUCHI,17.142,2774545,16002918,ROBERTO HELBERT SANCHEZ PALOMINO,10,JUNTOS POR EL PERÚ,12.212,10.173,1976616,07845838,RAFAEL BERNARDO LÓPEZ ALIAGA CAZORLA,35,RENOVACIÓN POPULAR,11.655,9.709,1886431,PERU,2026-05-06T03:30:04.661299+00:00,19429418,16186034,90185
4203,99.715,4215,74825,2026-05-05T22:30:06.282575+00:00,1718,38816,-0.494,JORGE NIETO MONTESINOS,18.639,163624,16002918,ROBERTO HELBERT SANCHEZ PALOMINO,10,JUNTOS POR EL PERÚ,10.092,8.936,88594,07845838,RAFAEL BERNARDO LÓPEZ ALIAGA CAZORLA,35,RENOVACIÓN POPULAR,10.586,9.373,92932,040000,2026-05-06T03:30:05.940084+00:00,991483,877842,-4338
2293,97.95,2341,72250,2026-05-05T22:30:07.244738+00:00,1719,24303,23.983,ROBERTO HELBERT SANCHEZ PALOMINO,29.876,101073,16002918,ROBERTO HELBERT SANCHEZ PALOMINO,10,JUNTOS POR EL PERÚ,29.876,23.242,101073,07845838,RAFAEL BERNARDO LÓPEZ ALIAGA CAZORLA,35,RENOVACIÓN POPULAR,5.893,4.585,19937,090000,2026-05-06T03:30:06.864026+00:00,434863,338310,81136
28655,97.976,29247,544428,2026-05-05T22:30:08.130681+00:00,1720,253105,-16.642,RAFAEL BERNARDO LÓPEZ ALIAGA CAZORLA,19.919,1189176,16002918,ROBERTO HELBERT SANCHEZ PALOMINO,10,JUNTOS POR EL PERÚ,3.277,2.891,195639,07845838,RAFAEL BERNARDO LÓPEZ ALIAGA CAZORLA,35,RENOVACIÓN POPULAR,19.919,17.572,1189176,140000,2026-05-06T03:30:07.800282+00:00,6767596,5970063,-993537
91113,98.218,92766,2327363,2026-05-05T22:45:03.77793+00:00,1721,1009453,0.144,KEIKO SOFIA FUJIMORI HIGUCHI,17.138,2824688,16002918,ROBERTO HELBERT SANCHEZ PALOMINO,10,JUNTOS POR EL PERÚ,12.039,10.012,1984313,07845838,RAFAEL BERNARDO LÓPEZ ALIAGA CAZORLA,35,RENOVACIÓN POPULAR,11.895,9.892,1960604,TOTAL,2026-05-06T03:45:03.003324+00:00,19819273,16482457,23709
88682,98.292,90223,2256049,2026-05-05T22:45:04.047129+00:00,1722,987335,0.557,KEIKO SOFIA FUJIMORI HIGUCHI,17.142,2774545,16002918,ROBERTO HELBERT SANCHEZ PALOMINO,10,JUNTOS POR EL PERÚ,12.212,10.173,1976616,07845838,RAFAEL BERNARDO LÓPEZ ALIAGA CAZORLA,35,RENOVACIÓN POPULAR,11.655,9.709,1886431,PERU,2026-05-06T03:45:03.004985+00:00,19429418,16186034,90185
4204,99.739,4215,74825,2026-05-05T22:45:04.807247+00:00,1723,38816,-0.494,JORGE NIETO MONTESINOS,18.639,163624,16002918,ROBERTO HELBERT SANCHEZ PALOMINO,10,JUNTOS POR EL PERÚ,10.092,8.936,88594,07845838,RAFAEL BERNARDO LÓPEZ ALIAGA CAZORLA,35,RENOVACIÓN POPULAR,10.586,9.373,92932,040000,2026-05-06T03:45:04.515065+00:00,991483,877842,-4338
2311,98.718,2341,72250,2026-05-05T22:45:05.609788+00:00,1724,24303,23.983,ROBERTO HELBERT SANCHEZ PALOMINO,29.876,101073,16002918,ROBERTO HELBERT SANCHEZ PALOMINO,10,JUNTOS POR EL PERÚ,29.876,23.242,101073,07845838,RAFAEL BERNARDO LÓPEZ ALIAGA CAZORLA,35,RENOVACIÓN POPULAR,5.893,4.585,19937,090000,2026-05-06T03:45:05.22526+00:00,434863,338310,81136
91118,98.223,92766,2327495,2026-05-06T09:30:05.646323+00:00,1725,1009505,0.144,KEIKO SOFIA FUJIMORI HIGUCHI,17.138,2824924,16002918,ROBERTO HELBERT SANCHEZ PALOMINO,10,JUNTOS POR EL PERÚ,12.039,10.012,1984368,07845838,RAFAEL BERNARDO LÓPEZ ALIAGA CAZORLA,35,RENOVACIÓN POPULAR,11.895,9.892,1960698,TOTAL,2026-05-06T14:30:05.009116+00:00,19820415,16483415,23670
88687,98.298,90223,2256181,2026-05-06T09:30:06.158161+00:00,1726,987387,0.556,KEIKO SOFIA FUJIMORI HIGUCHI,17.142,2774781,16002918,ROBERTO HELBERT SANCHEZ PALOMINO,10,JUNTOS POR EL PERÚ,12.211,10.173,1976671,07845838,RAFAEL BERNARDO LÓPEZ ALIAGA CAZORLA,35,RENOVACIÓN POPULAR,11.655,9.709,1886525,PERU,2026-05-06T14:30:05.050063+00:00,19430560,16186992,90146
28660,97.993,29247,544560,2026-05-06T09:30:09.094389+00:00,1727,253157,-16.64,RAFAEL BERNARDO LÓPEZ ALIAGA CAZORLA,19.917,1189270,16002918,ROBERTO HELBERT SANCHEZ PALOMINO,10,JUNTOS POR EL PERÚ,3.277,2.891,195694,07845838,RAFAEL BERNARDO LÓPEZ ALIAGA CAZORLA,35,RENOVACIÓN POPULAR,19.917,17.57,1189270,140000,2026-05-06T14:30:08.503089+00:00,6768738,5971021,-993576
91120,98.226,92766,2327551,2026-05-06T10:30:05.007052+00:00,1728,1009542,0.144,KEIKO SOFIA FUJIMORI HIGUCHI,17.138,2824997,16002918,ROBERTO HELBERT SANCHEZ PALOMINO,10,JUNTOS POR EL PERÚ,12.039,10.012,1984416,07845838,RAFAEL BERNARDO LÓPEZ ALIAGA CAZORLA,35,RENOVACIÓN POPULAR,11.895,9.892,1960728,TOTAL,2026-05-06T15:30:04.660688+00:00,19820844,16483751,23688
88689,98.3,90223,2256237,2026-05-06T10:30:05.384579+00:00,1729,987424,0.557,KEIKO SOFIA FUJIMORI HIGUCHI,17.142,2774854,16002918,ROBERTO HELBERT SANCHEZ PALOMINO,10,JUNTOS POR EL PERÚ,12.212,10.173,1976719,07845838,RAFAEL BERNARDO LÓPEZ ALIAGA CAZORLA,35,RENOVACIÓN POPULAR,11.655,9.709,1886555,PERU,2026-05-06T15:30:04.702089+00:00,19430989,16187328,90164
3462,99.712,3472,104065,2026-05-06T10:30:05.88543+00:00,1730,49629,8.93,KEIKO SOFIA FUJIMORI HIGUCHI,17.998,97515,16002918,ROBERTO HELBERT SANCHEZ PALOMINO,10,JUNTOS POR EL PERÚ,14.973,11.664,81125,07845838,RAFAEL BERNARDO LÓPEZ ALIAGA CAZORLA,35,RENOVACIÓN POPULAR,6.043,4.708,32741,020000,2026-05-06T15:30:05.462582+00:00,695497,541803,48384
3684,99.81,3691,107245,2026-05-06T10:30:07.39869+00:00,1731,42090,4.705,KEIKO SOFIA FUJIMORI HIGUCHI,17.074,108400,16002918,ROBERTO HELBERT SANCHEZ PALOMINO,10,JUNTOS POR EL PERÚ,12.293,9.952,78043,07845838,RAFAEL BERNARDO LÓPEZ ALIAGA CAZORLA,35,RENOVACIÓN POPULAR,7.588,6.143,48172,110000,2026-05-06T15:30:07.01423+00:00,784207,634872,29871
91125,98.231,92766,2327756,2026-05-06T11:30:05.191773+00:00,1732,1009599,0.144,KEIKO SOFIA FUJIMORI HIGUCHI,17.138,2825139,16002918,ROBERTO HELBERT SANCHEZ PALOMINO,10,JUNTOS POR EL PERÚ,12.039,10.012,1984518,07845838,RAFAEL BERNARDO LÓPEZ ALIAGA CAZORLA,35,RENOVACIÓN POPULAR,11.895,9.892,1960791,TOTAL,2026-05-06T16:30:04.808322+00:00,19821919,16484564,23727
88694,98.305,90223,2256442,2026-05-06T11:30:05.514185+00:00,1733,987481,0.558,KEIKO SOFIA FUJIMORI HIGUCHI,17.142,2774996,16002918,ROBERTO HELBERT SANCHEZ PALOMINO,10,JUNTOS POR EL PERÚ,12.212,10.173,1976821,07845838,RAFAEL BERNARDO LÓPEZ ALIAGA CAZORLA,35,RENOVACIÓN POPULAR,11.654,9.709,1886618,PERU,2026-05-06T16:30:04.849569+00:00,19432064,16188141,90203
4206,99.786,4215,74860,2026-05-06T11:30:06.317615+00:00,1734,38828,-0.486,JORGE NIETO MONTESINOS,18.636,163654,16002918,ROBERTO HELBERT SANCHEZ PALOMINO,10,JUNTOS POR EL PERÚ,10.097,8.939,88665,07845838,RAFAEL BERNARDO LÓPEZ ALIAGA CAZORLA,35,RENOVACIÓN POPULAR,10.583,9.37,92938,040000,2026-05-06T16:30:06.019545+00:00,991855,878167,-4273
5148,97.482,5281,178300,2026-05-06T11:30:08.646038+00:00,1735,81649,4.591,KEIKO SOFIA FUJIMORI HIGUCHI,27.986,240733,16002918,ROBERTO HELBERT SANCHEZ PALOMINO,10,JUNTOS POR EL PERÚ,11.317,8.691,97349,07845838,RAFAEL BERNARDO LÓPEZ ALIAGA CAZORLA,35,RENOVACIÓN POPULAR,6.726,5.165,57853,190000,2026-05-06T16:30:08.204917+00:00,1120142,860193,39496
2854,98.482,2898,61579,2026-05-06T11:30:09.507769+00:00,1736,29266,-12.03,KEIKO SOFIA FUJIMORI HIGUCHI,20.667,117853,16002918,ROBERTO HELBERT SANCHEZ PALOMINO,10,JUNTOS POR EL PERÚ,3.003,2.59,17125,07845838,RAFAEL BERNARDO LÓPEZ ALIAGA CAZORLA,35,RENOVACIÓN POPULAR,15.033,12.967,85724,240000,2026-05-06T16:30:09.068243+00:00,661079,570234,-68599
91142,98.249,92766,2328113,2026-05-06T12:30:05.161388+00:00,1737,1009805,0.142,KEIKO SOFIA FUJIMORI HIGUCHI,17.14,2826005,16002918,ROBERTO HELBERT SANCHEZ PALOMINO,10,JUNTOS POR EL PERÚ,12.037,10.01,1984613,07845838,RAFAEL BERNARDO LÓPEZ ALIAGA CAZORLA,35,RENOVACIÓN POPULAR,11.895,9.892,1961249,TOTAL,2026-05-06T17:30:04.765061+00:00,19825968,16488050,23364
88711,98.324,90223,2256799,2026-05-06T12:30:05.523584+00:00,1738,987687,0.554,KEIKO SOFIA FUJIMORI HIGUCHI,17.144,2775862,16002918,ROBERTO HELBERT SANCHEZ PALOMINO,10,JUNTOS POR EL PERÚ,12.209,10.171,1976916,07845838,RAFAEL BERNARDO LÓPEZ ALIAGA CAZORLA,35,RENOVACIÓN POPULAR,11.655,9.709,1887076,PERU,2026-05-06T17:30:04.766476+00:00,19436113,16191627,89840
28673,98.037,29247,544785,2026-05-06T12:30:07.776701+00:00,1739,253282,-16.638,RAFAEL BERNARDO LÓPEZ ALIAGA CAZORLA,19.915,1189686,16002918,ROBERTO HELBERT SANCHEZ PALOMINO,10,JUNTOS POR EL PERÚ,3.277,2.891,195755,07845838,RAFAEL BERNARDO LÓPEZ ALIAGA CAZORLA,35,RENOVACIÓN POPULAR,19.915,17.568,1189686,140000,2026-05-06T17:30:07.351512+00:00,6771853,5973786,-993931
5152,97.557,5281,178432,2026-05-06T12:30:08.614747+00:00,1740,81730,4.587,KEIKO SOFIA FUJIMORI HIGUCHI,27.997,241026,16002918,ROBERTO HELBERT SANCHEZ PALOMINO,10,JUNTOS POR EL PERÚ,11.312,8.687,97383,07845838,RAFAEL BERNARDO LÓPEZ ALIAGA CAZORLA,35,RENOVACIÓN POPULAR,6.725,5.164,57895,190000,2026-05-06T17:30:08.220106+00:00,1121076,860914,39488
91146,98.254,92766,2328194,2026-05-06T13:45:04.421301+00:00,1741,1009836,0.142,KEIKO SOFIA FUJIMORI HIGUCHI,17.14,2826110,16002918,ROBERTO HELBERT SANCHEZ PALOMINO,10,JUNTOS POR EL PERÚ,12.037,10.01,1984740,07845838,RAFAEL BERNARDO LÓPEZ ALIAGA CAZORLA,35,RENOVACIÓN POPULAR,11.895,9.892,1961333,TOTAL,2026-05-06T18:45:03.528974+00:00,19826781,16488751,23407
88711,98.324,90223,2256880,2026-05-06T13:45:04.865923+00:00,1742,987718,0.555,KEIKO SOFIA FUJIMORI HIGUCHI,17.144,2775967,16002918,ROBERTO HELBERT SANCHEZ PALOMINO,10,JUNTOS POR EL PERÚ,12.21,10.172,1977043,07845838,RAFAEL BERNARDO LÓPEZ ALIAGA CAZORLA,35,RENOVACIÓN POPULAR,11.655,9.709,1887160,PERU,2026-05-06T18:45:03.5704+00:00,19436926,16192328,89883
1242,97.565,1273,32072,2026-05-06T13:45:06.256829+00:00,1743,11569,41.124,ROBERTO HELBERT SANCHEZ PALOMINO,43.465,73503,16002918,ROBERTO HELBERT SANCHEZ PALOMINO,10,JUNTOS POR EL PERÚ,43.465,34.549,73503,07845838,RAFAEL BERNARDO LÓPEZ ALIAGA CAZORLA,35,RENOVACIÓN POPULAR,2.341,1.861,3959,080000,2026-05-06T18:45:05.842798+00:00,212751,169110,69544
28675,98.044,29247,544820,2026-05-06T13:45:07.397995+00:00,1744,253299,-16.638,RAFAEL BERNARDO LÓPEZ ALIAGA CAZORLA,19.915,1189767,16002918,ROBERTO HELBERT SANCHEZ PALOMINO,10,JUNTOS POR EL PERÚ,3.277,2.891,195764,07845838,RAFAEL BERNARDO LÓPEZ ALIAGA CAZORLA,35,RENOVACIÓN POPULAR,19.915,17.568,1189767,140000,2026-05-06T18:45:06.974098+00:00,6772354,5974235,-994003
88715,98.329,90223,2256880,2026-05-06T14:00:06.565212+00:00,1745,987718,0.555,KEIKO SOFIA FUJIMORI HIGUCHI,17.144,2775967,16002918,ROBERTO HELBERT SANCHEZ PALOMINO,10,JUNTOS POR EL PERÚ,12.21,10.172,1977043,07845838,RAFAEL BERNARDO LÓPEZ ALIAGA CAZORLA,35,RENOVACIÓN POPULAR,11.655,9.709,1887160,PERU,2026-05-06T19:00:05.61964+00:00,19436926,16192328,89883
1301,98.785,1317,39300,2026-05-06T14:00:07.494551+00:00,1746,14383,37.869,ROBERTO HELBERT SANCHEZ PALOMINO,41.02,81421,16002918,ROBERTO HELBERT SANCHEZ PALOMINO,10,JUNTOS POR EL PERÚ,41.02,32.287,81421,07845838,RAFAEL BERNARDO LÓPEZ ALIAGA CAZORLA,35,RENOVACIÓN POPULAR,3.151,2.48,6254,030000,2026-05-06T19:00:07.056662+00:00,252176,198493,75167
91150,98.258,92766,2328304,2026-05-06T14:30:05.976011+00:00,1747,1009870,0.143,KEIKO SOFIA FUJIMORI HIGUCHI,17.139,2826155,16002918,ROBERTO HELBERT SANCHEZ PALOMINO,10,JUNTOS POR EL PERÚ,12.038,10.011,1984946,07845838,RAFAEL BERNARDO LÓPEZ ALIAGA CAZORLA,35,RENOVACIÓN POPULAR,11.895,9.892,1961349,TOTAL,2026-05-06T19:30:04.887565+00:00,19827484,16489310,23597
88719,98.333,90223,2256990,2026-05-06T14:30:06.788623+00:00,1748,987752,0.557,KEIKO SOFIA FUJIMORI HIGUCHI,17.143,2776012,16002918,ROBERTO HELBERT SANCHEZ PALOMINO,10,JUNTOS POR EL PERÚ,12.211,10.172,1977249,07845838,RAFAEL BERNARDO LÓPEZ ALIAGA CAZORLA,35,RENOVACIÓN POPULAR,11.654,9.709,1887176,PERU,2026-05-06T19:30:04.929207+00:00,19437629,16192887,90073
1246,97.879,1273,32182,2026-05-06T14:30:08.534791+00:00,1749,11603,41.1,ROBERTO HELBERT SANCHEZ PALOMINO,43.443,73709,16002918,ROBERTO HELBERT SANCHEZ PALOMINO,10,JUNTOS POR EL PERÚ,43.443,34.532,73709,07845838,RAFAEL BERNARDO LÓPEZ ALIAGA CAZORLA,35,RENOVACIÓN POPULAR,2.343,1.862,3975,080000,2026-05-06T19:30:08.014514+00:00,213454,169669,69734
88719,98.333,90223,2257210,2026-05-06T15:30:05.370278+00:00,1750,987854,0.557,KEIKO SOFIA FUJIMORI HIGUCHI,17.143,2776224,16002918,ROBERTO HELBERT SANCHEZ PALOMINO,10,JUNTOS POR EL PERÚ,12.211,10.172,1977449,07845838,RAFAEL BERNARDO LÓPEZ ALIAGA CAZORLA,35,RENOVACIÓN POPULAR,11.654,9.709,1887297,PERU,2026-05-06T20:30:04.468045+00:00,19439311,16194247,90152
91150,98.258,92766,2328524,2026-05-06T15:30:05.727528+00:00,1751,1009972,0.144,KEIKO SOFIA FUJIMORI HIGUCHI,17.139,2826367,16002918,ROBERTO HELBERT SANCHEZ PALOMINO,10,JUNTOS POR EL PERÚ,12.038,10.011,1985146,07845838,RAFAEL BERNARDO LÓPEZ ALIAGA CAZORLA,35,RENOVACIÓN POPULAR,11.894,9.892,1961470,TOTAL,2026-05-06T20:30:04.510328+00:00,19829166,16490670,23676
91158,98.267,92766,2328524,2026-05-06T15:45:04.045502+00:00,1752,1009972,0.144,KEIKO SOFIA FUJIMORI HIGUCHI,17.139,2826367,16002918,ROBERTO HELBERT SANCHEZ PALOMINO,10,JUNTOS POR EL PERÚ,12.038,10.011,1985146,07845838,RAFAEL BERNARDO LÓPEZ ALIAGA CAZORLA,35,RENOVACIÓN POPULAR,11.894,9.892,1961470,TOTAL,2026-05-06T20:45:03.209111+00:00,19829166,16490670,23676
88727,98.342,90223,2257210,2026-05-06T15:45:04.353366+00:00,1753,987854,0.557,KEIKO SOFIA FUJIMORI HIGUCHI,17.143,2776224,16002918,ROBERTO HELBERT SANCHEZ PALOMINO,10,JUNTOS POR EL PERÚ,12.211,10.172,1977449,07845838,RAFAEL BERNARDO LÓPEZ ALIAGA CAZORLA,35,RENOVACIÓN POPULAR,11.654,9.709,1887297,PERU,2026-05-06T20:45:03.210556+00:00,19439311,16194247,90152
4210,99.881,4215,74928,2026-05-06T15:45:05.171614+00:00,1754,38875,-0.493,JORGE NIETO MONTESINOS,18.639,163849,16002918,ROBERTO HELBERT SANCHEZ PALOMINO,10,JUNTOS POR EL PERÚ,10.092,8.935,88714,07845838,RAFAEL BERNARDO LÓPEZ ALIAGA CAZORLA,35,RENOVACIÓN POPULAR,10.585,9.371,93047,040000,2026-05-06T20:45:04.771063+00:00,992887,879084,-4333
1248,98.036,1273,32230,2026-05-06T15:45:05.92079+00:00,1755,11626,41.108,ROBERTO HELBERT SANCHEZ PALOMINO,43.451,73816,16002918,ROBERTO HELBERT SANCHEZ PALOMINO,10,JUNTOS POR EL PERÚ,43.451,34.535,73816,07845838,RAFAEL BERNARDO LÓPEZ ALIAGA CAZORLA,35,RENOVACIÓN POPULAR,2.343,1.863,3981,080000,2026-05-06T20:45:05.486518+00:00,213741,169885,69835
3685,99.837,3691,107293,2026-05-06T15:45:06.529147+00:00,1756,42106,4.71,KEIKO SOFIA FUJIMORI HIGUCHI,17.078,108442,16002918,ROBERTO HELBERT SANCHEZ PALOMINO,10,JUNTOS POR EL PERÚ,12.297,9.955,78083,07845838,RAFAEL BERNARDO LÓPEZ ALIAGA CAZORLA,35,RENOVACIÓN POPULAR,7.587,6.142,48175,110000,2026-05-06T20:45:06.047265+00:00,784392,634993,29908
2469,91.546,2697,77707,2026-05-06T15:45:07.235831+00:00,1757,24472,3.411,KEIKO SOFIA FUJIMORI HIGUCHI,27.892,87891,16002918,ROBERTO HELBERT SANCHEZ PALOMINO,10,JUNTOS POR EL PERÚ,10.095,7.623,31811,07845838,RAFAEL BERNARDO LÓPEZ ALIAGA CAZORLA,35,RENOVACIÓN POPULAR,6.684,5.047,21062,150000,2026-05-06T20:45:06.803947+00:00,417292,315113,10749
91172,98.282,92766,2329034,2026-05-06T16:45:03.842611+00:00,1758,1010180,0.147,KEIKO SOFIA FUJIMORI HIGUCHI,17.139,2826640,16002918,ROBERTO HELBERT SANCHEZ PALOMINO,10,JUNTOS POR EL PERÚ,12.041,10.013,1985745,07845838,RAFAEL BERNARDO LÓPEZ ALIAGA CAZORLA,35,RENOVACIÓN POPULAR,11.894,9.891,1961519,TOTAL,2026-05-06T21:45:03.044905+00:00,19831403,16492189,24226
88727,98.342,90223,2257720,2026-05-06T16:45:04.145311+00:00,1759,988062,0.56,KEIKO SOFIA FUJIMORI HIGUCHI,17.143,2776497,16002918,ROBERTO HELBERT SANCHEZ PALOMINO,10,JUNTOS POR EL PERÚ,12.213,10.174,1978048,07845838,RAFAEL BERNARDO LÓPEZ ALIAGA CAZORLA,35,RENOVACIÓN POPULAR,11.653,9.708,1887346,PERU,2026-05-06T21:45:03.045518+00:00,19441548,16195766,90702
1255,98.586,1273,32230,2026-05-06T16:45:05.613191+00:00,1760,11626,41.108,ROBERTO HELBERT SANCHEZ PALOMINO,43.451,73816,16002918,ROBERTO HELBERT SANCHEZ PALOMINO,10,JUNTOS POR EL PERÚ,43.451,34.535,73816,07845838,RAFAEL BERNARDO LÓPEZ ALIAGA CAZORLA,35,RENOVACIÓN POPULAR,2.343,1.863,3981,080000,2026-05-06T21:45:05.235227+00:00,213741,169885,69835
2313,98.804,2341,72295,2026-05-06T16:45:05.837517+00:00,1761,24322,24.003,ROBERTO HELBERT SANCHEZ PALOMINO,29.893,101205,16002918,ROBERTO HELBERT SANCHEZ PALOMINO,10,JUNTOS POR EL PERÚ,29.893,23.256,101205,07845838,RAFAEL BERNARDO LÓPEZ ALIAGA CAZORLA,35,RENOVACIÓN POPULAR,5.89,4.582,19941,090000,2026-05-06T21:45:05.335356+00:00,435177,338560,81264
3686,99.865,3691,107293,2026-05-06T16:45:06.274821+00:00,1762,42106,4.71,KEIKO SOFIA FUJIMORI HIGUCHI,17.078,108442,16002918,ROBERTO HELBERT SANCHEZ PALOMINO,10,JUNTOS POR EL PERÚ,12.297,9.955,78083,07845838,RAFAEL BERNARDO LÓPEZ ALIAGA CAZORLA,35,RENOVACIÓN POPULAR,7.587,6.142,48175,110000,2026-05-06T21:45:05.694751+00:00,784392,634993,29908
2469,91.546,2697,77939,2026-05-06T16:45:06.966848+00:00,1763,24517,3.409,KEIKO SOFIA FUJIMORI HIGUCHI,27.915,88048,16002918,ROBERTO HELBERT SANCHEZ PALOMINO,10,JUNTOS POR EL PERÚ,10.094,7.619,31838,07845838,RAFAEL BERNARDO LÓPEZ ALIAGA CAZORLA,35,RENOVACIÓN POPULAR,6.685,5.046,21084,150000,2026-05-06T21:45:06.498764+00:00,417872,315416,10754
88741,98.357,90223,2257720,2026-05-06T17:00:07.255379+00:00,1764,988062,0.56,KEIKO SOFIA FUJIMORI HIGUCHI,17.143,2776497,16002918,ROBERTO HELBERT SANCHEZ PALOMINO,10,JUNTOS POR EL PERÚ,12.213,10.174,1978048,07845838,RAFAEL BERNARDO LÓPEZ ALIAGA CAZORLA,35,RENOVACIÓN POPULAR,11.653,9.708,1887346,PERU,2026-05-06T22:00:05.994323+00:00,19441548,16195766,90702
1255,98.586,1273,32430,2026-05-06T17:00:08.991437+00:00,1765,11761,41.137,ROBERTO HELBERT SANCHEZ PALOMINO,43.48,74223,16002918,ROBERTO HELBERT SANCHEZ PALOMINO,10,JUNTOS POR EL PERÚ,43.48,34.539,74223,07845838,RAFAEL BERNARDO LÓPEZ ALIAGA CAZORLA,35,RENOVACIÓN POPULAR,2.343,1.861,4000,080000,2026-05-06T22:00:08.455831+00:00,214898,170707,70223
3686,99.865,3691,107326,2026-05-06T17:00:09.721023+00:00,1766,42115,4.713,KEIKO SOFIA FUJIMORI HIGUCHI,17.079,108472,16002918,ROBERTO HELBERT SANCHEZ PALOMINO,10,JUNTOS POR EL PERÚ,12.299,9.956,78116,07845838,RAFAEL BERNARDO LÓPEZ ALIAGA CAZORLA,35,RENOVACIÓN POPULAR,7.586,6.141,48179,110000,2026-05-06T22:00:09.197924+00:00,784578,635137,29937
2473,91.694,2697,77939,2026-05-06T17:00:10.530572+00:00,1767,24517,3.409,KEIKO SOFIA FUJIMORI HIGUCHI,27.915,88048,16002918,ROBERTO HELBERT SANCHEZ PALOMINO,10,JUNTOS POR EL PERÚ,10.094,7.619,31838,07845838,RAFAEL BERNARDO LÓPEZ ALIAGA CAZORLA,35,RENOVACIÓN POPULAR,6.685,5.046,21084,150000,2026-05-06T22:00:10.011816+00:00,417872,315416,10754
88741,98.357,90223,2259334,2026-05-06T17:45:04.413139+00:00,1768,988740,0.56,KEIKO SOFIA FUJIMORI HIGUCHI,17.141,2778148,16002918,ROBERTO HELBERT SANCHEZ PALOMINO,10,JUNTOS POR EL PERÚ,12.216,10.177,1979964,07845838,RAFAEL BERNARDO LÓPEZ ALIAGA CAZORLA,35,RENOVACIÓN POPULAR,11.656,9.71,1889178,PERU,2026-05-06T22:45:03.676805+00:00,19455717,16207643,90786
91240,98.355,92766,2330648,2026-05-06T17:45:04.713925+00:00,1769,1010858,0.147,KEIKO SOFIA FUJIMORI HIGUCHI,17.137,2828291,16002918,ROBERTO HELBERT SANCHEZ PALOMINO,10,JUNTOS POR EL PERÚ,12.043,10.016,1987661,07845838,RAFAEL BERNARDO LÓPEZ ALIAGA CAZORLA,35,RENOVACIÓN POPULAR,11.896,9.893,1963351,TOTAL,2026-05-06T22:45:03.717723+00:00,19845572,16504066,24310
4210,99.881,4215,74979,2026-05-06T17:45:05.491499+00:00,1770,38899,-0.498,JORGE NIETO MONTESINOS,18.643,164018,16002918,ROBERTO HELBERT SANCHEZ PALOMINO,10,JUNTOS POR EL PERÚ,10.087,8.931,88744,07845838,RAFAEL BERNARDO LÓPEZ ALIAGA CAZORLA,35,RENOVACIÓN POPULAR,10.585,9.372,93121,040000,2026-05-06T22:45:05.120522+00:00,993652,879774,-4377
3865,97.037,3983,95979,2026-05-06T17:45:06.417558+00:00,1771,47243,18.133,ROBERTO HELBERT SANCHEZ PALOMINO,22.868,154335,16002918,ROBERTO HELBERT SANCHEZ PALOMINO,10,JUNTOS POR EL PERÚ,22.868,18.864,154335,07845838,RAFAEL BERNARDO LÓPEZ ALIAGA CAZORLA,35,RENOVACIÓN POPULAR,4.735,3.906,31954,070000,2026-05-06T22:45:05.672816+00:00,818125,674903,122381
1264,99.293,1273,32656,2026-05-06T17:45:06.630925+00:00,1772,11854,41.114,ROBERTO HELBERT SANCHEZ PALOMINO,43.46,74740,16002918,ROBERTO HELBERT SANCHEZ PALOMINO,10,JUNTOS POR EL PERÚ,43.46,34.524,74740,07845838,RAFAEL BERNARDO LÓPEZ ALIAGA CAZORLA,35,RENOVACIÓN POPULAR,2.346,1.864,4035,080000,2026-05-06T22:45:05.888203+00:00,216486,171976,70705
2315,98.889,2341,72321,2026-05-06T17:45:06.929309+00:00,1773,24344,24.05,ROBERTO HELBERT SANCHEZ PALOMINO,29.935,101446,16002918,ROBERTO HELBERT SANCHEZ PALOMINO,10,JUNTOS POR EL PERÚ,29.935,23.292,101446,07845838,RAFAEL BERNARDO LÓPEZ ALIAGA CAZORLA,35,RENOVACIÓN POPULAR,5.885,4.579,19945,090000,2026-05-06T22:45:05.944735+00:00,435549,338884,81501
28708,98.157,29247,545448,2026-05-06T17:45:07.72831+00:00,1774,253613,-16.644,RAFAEL BERNARDO LÓPEZ ALIAGA CAZORLA,19.92,1191429,16002918,ROBERTO HELBERT SANCHEZ PALOMINO,10,JUNTOS POR EL PERÚ,3.276,2.89,195965,07845838,RAFAEL BERNARDO LÓPEZ ALIAGA CAZORLA,35,RENOVACIÓN POPULAR,19.92,17.572,1191429,140000,2026-05-06T22:45:07.31444+00:00,6780142,5981081,-995464
2473,91.694,2697,78072,2026-05-06T17:45:07.950619+00:00,1775,24583,3.409,KEIKO SOFIA FUJIMORI HIGUCHI,27.929,88143,16002918,ROBERTO HELBERT SANCHEZ PALOMINO,10,JUNTOS POR EL PERÚ,10.092,7.615,31849,07845838,RAFAEL BERNARDO LÓPEZ ALIAGA CAZORLA,35,RENOVACIÓN POPULAR,6.683,5.042,21090,150000,2026-05-06T22:45:07.454728+00:00,418249,315594,10759
3376,99.382,3397,77413,2026-05-06T17:45:08.770552+00:00,1776,40419,23.022,ROBERTO HELBERT SANCHEZ PALOMINO,24.938,161364,16002918,ROBERTO HELBERT SANCHEZ PALOMINO,10,JUNTOS POR EL PERÚ,24.938,21.096,161364,07845838,RAFAEL BERNARDO LÓPEZ ALIAGA CAZORLA,35,RENOVACIÓN POPULAR,1.916,1.621,12397,200000,2026-05-06T22:45:08.396648+00:00,764897,647065,148967
88809,98.433,90223,2259334,2026-05-06T18:00:06.577938+00:00,1777,988740,0.56,KEIKO SOFIA FUJIMORI HIGUCHI,17.141,2778148,16002918,ROBERTO HELBERT SANCHEZ PALOMINO,10,JUNTOS POR EL PERÚ,12.216,10.177,1979964,07845838,RAFAEL BERNARDO LÓPEZ ALIAGA CAZORLA,35,RENOVACIÓN POPULAR,11.656,9.71,1889178,PERU,2026-05-06T23:00:06.036592+00:00,19455717,16207643,90786
4213,99.953,4215,74979,2026-05-06T18:00:07.681678+00:00,1778,38899,-0.498,JORGE NIETO MONTESINOS,18.643,164018,16002918,ROBERTO HELBERT SANCHEZ PALOMINO,10,JUNTOS POR EL PERÚ,10.087,8.931,88744,07845838,RAFAEL BERNARDO LÓPEZ ALIAGA CAZORLA,35,RENOVACIÓN POPULAR,10.585,9.372,93121,040000,2026-05-06T23:00:07.182074+00:00,993652,879774,-4377
3868,97.113,3983,95979,2026-05-06T18:00:08.222042+00:00,1779,47243,18.133,ROBERTO HELBERT SANCHEZ PALOMINO,22.868,154335,16002918,ROBERTO HELBERT SANCHEZ PALOMINO,10,JUNTOS POR EL PERÚ,22.868,18.864,154335,07845838,RAFAEL BERNARDO LÓPEZ ALIAGA CAZORLA,35,RENOVACIÓN POPULAR,4.735,3.906,31954,070000,2026-05-06T23:00:07.8622+00:00,818125,674903,122381
2476,91.806,2697,78072,2026-05-06T18:00:09.630352+00:00,1780,24583,3.409,KEIKO SOFIA FUJIMORI HIGUCHI,27.929,88143,16002918,ROBERTO HELBERT SANCHEZ PALOMINO,10,JUNTOS POR EL PERÚ,10.092,7.615,31849,07845838,RAFAEL BERNARDO LÓPEZ ALIAGA CAZORLA,35,RENOVACIÓN POPULAR,6.683,5.042,21090,150000,2026-05-06T23:00:09.04259+00:00,418249,315594,10759
5162,97.747,5281,178781,2026-05-06T18:00:10.373707+00:00,1781,81803,4.623,KEIKO SOFIA FUJIMORI HIGUCHI,27.989,241274,16002918,ROBERTO HELBERT SANCHEZ PALOMINO,10,JUNTOS POR EL PERÚ,11.342,8.71,97774,07845838,RAFAEL BERNARDO LÓPEZ ALIAGA CAZORLA,35,RENOVACIÓN POPULAR,6.719,5.16,57922,190000,2026-05-06T23:00:09.855735+00:00,1122613,862029,39852
88809,98.433,90223,2260704,2026-05-06T18:45:03.908473+00:00,1782,989341,0.557,KEIKO SOFIA FUJIMORI HIGUCHI,17.144,2779738,16002918,ROBERTO HELBERT SANCHEZ PALOMINO,10,JUNTOS POR EL PERÚ,12.214,10.174,1980335,07845838,RAFAEL BERNARDO LÓPEZ ALIAGA CAZORLA,35,RENOVACIÓN POPULAR,11.657,9.711,1890153,PERU,2026-05-06T23:45:03.0698+00:00,19464339,16214294,90182
28729,98.229,29247,545932,2026-05-06T18:45:06.333425+00:00,1783,253914,-16.644,RAFAEL BERNARDO LÓPEZ ALIAGA CAZORLA,19.919,1192250,16002918,ROBERTO HELBERT SANCHEZ PALOMINO,10,JUNTOS POR EL PERÚ,3.275,2.889,196043,07845838,RAFAEL BERNARDO LÓPEZ ALIAGA CAZORLA,35,RENOVACIÓN POPULAR,19.919,17.571,1192250,140000,2026-05-06T23:45:05.91658+00:00,6785199,5985353,-996207
2489,92.288,2697,78783,2026-05-06T18:45:06.558757+00:00,1784,24706,3.395,KEIKO SOFIA FUJIMORI HIGUCHI,28.03,88730,16002918,ROBERTO HELBERT SANCHEZ PALOMINO,10,JUNTOS POR EL PERÚ,10.077,7.594,31899,07845838,RAFAEL BERNARDO LÓPEZ ALIAGA CAZORLA,35,RENOVACIÓN POPULAR,6.682,5.035,21151,150000,2026-05-06T23:45:06.050942+00:00,420047,316558,10748
3379,99.47,3397,77413,2026-05-06T18:45:07.462043+00:00,1785,40419,23.022,ROBERTO HELBERT SANCHEZ PALOMINO,24.938,161364,16002918,ROBERTO HELBERT SANCHEZ PALOMINO,10,JUNTOS POR EL PERÚ,24.938,21.096,161364,07845838,RAFAEL BERNARDO LÓPEZ ALIAGA CAZORLA,35,RENOVACIÓN POPULAR,1.916,1.621,12397,200000,2026-05-06T23:45:07.017037+00:00,764897,647065,148967
2855,98.516,2898,61589,2026-05-06T18:45:08.058768+00:00,1786,29359,-12.036,KEIKO SOFIA FUJIMORI HIGUCHI,20.665,117881,16002918,ROBERTO HELBERT SANCHEZ PALOMINO,10,JUNTOS POR EL PERÚ,3.002,2.589,17126,07845838,RAFAEL BERNARDO LÓPEZ ALIAGA CAZORLA,35,RENOVACIÓN POPULAR,15.038,12.97,85780,240000,2026-05-06T23:45:07.687938+00:00,661379,570431,-68654
88851,98.479,90223,2260704,2026-05-06T19:00:06.207389+00:00,1787,989341,0.557,KEIKO SOFIA FUJIMORI HIGUCHI,17.144,2779738,16002918,ROBERTO HELBERT SANCHEZ PALOMINO,10,JUNTOS POR EL PERÚ,12.214,10.174,1980335,07845838,RAFAEL BERNARDO LÓPEZ ALIAGA CAZORLA,35,RENOVACIÓN POPULAR,11.657,9.711,1890153,PERU,2026-05-07T00:00:05.753671+00:00,19464339,16214294,90182
91282,98.4,92766,2332018,2026-05-06T19:00:06.48306+00:00,1788,1011459,0.144,KEIKO SOFIA FUJIMORI HIGUCHI,17.14,2829881,16002918,ROBERTO HELBERT SANCHEZ PALOMINO,10,JUNTOS POR EL PERÚ,12.041,10.013,1988032,07845838,RAFAEL BERNARDO LÓPEZ ALIAGA CAZORLA,35,RENOVACIÓN POPULAR,11.897,9.894,1964326,TOTAL,2026-05-07T00:00:05.795716+00:00,19854194,16510717,23706
5166,97.822,5281,178911,2026-05-06T19:00:09.821069+00:00,1789,81862,4.633,KEIKO SOFIA FUJIMORI HIGUCHI,27.989,241415,16002918,ROBERTO HELBERT SANCHEZ PALOMINO,10,JUNTOS POR EL PERÚ,11.351,8.716,97912,07845838,RAFAEL BERNARDO LÓPEZ ALIAGA CAZORLA,35,RENOVACIÓN POPULAR,6.718,5.158,57944,190000,2026-05-07T00:00:09.445187+00:00,1123322,862549,39968
3379,99.47,3397,77448,2026-05-06T19:00:10.123007+00:00,1790,40444,23.011,ROBERTO HELBERT SANCHEZ PALOMINO,24.927,161468,16002918,ROBERTO HELBERT SANCHEZ PALOMINO,10,JUNTOS POR EL PERÚ,24.927,21.089,161468,07845838,RAFAEL BERNARDO LÓPEZ ALIAGA CAZORLA,35,RENOVACIÓN POPULAR,1.916,1.621,12412,200000,2026-05-07T00:00:09.500599+00:00,765655,647763,149056
88873,98.504,90223,2261667,2026-05-06T20:00:06.837764+00:00,1791,989581,0.558,KEIKO SOFIA FUJIMORI HIGUCHI,17.146,2780504,16002918,ROBERTO HELBERT SANCHEZ PALOMINO,10,JUNTOS POR EL PERÚ,12.214,10.174,1980702,07845838,RAFAEL BERNARDO LÓPEZ ALIAGA CAZORLA,35,RENOVACIÓN POPULAR,11.656,9.71,1890277,PERU,2026-05-07T01:00:05.931467+00:00,19468024,16216776,90425
91282,98.4,92766,2332981,2026-05-06T20:00:07.150781+00:00,1792,1011699,0.145,KEIKO SOFIA FUJIMORI HIGUCHI,17.142,2830647,16002918,ROBERTO HELBERT SANCHEZ PALOMINO,10,JUNTOS POR EL PERÚ,12.041,10.013,1988399,07845838,RAFAEL BERNARDO LÓPEZ ALIAGA CAZORLA,35,RENOVACIÓN POPULAR,11.896,9.893,1964450,TOTAL,2026-05-07T01:00:05.985312+00:00,19857879,16513199,23949
3870,97.163,3983,96024,2026-05-06T20:00:08.35499+00:00,1793,47258,18.131,ROBERTO HELBERT SANCHEZ PALOMINO,22.864,154403,16002918,ROBERTO HELBERT SANCHEZ PALOMINO,10,JUNTOS POR EL PERÚ,22.864,18.862,154403,07845838,RAFAEL BERNARDO LÓPEZ ALIAGA CAZORLA,35,RENOVACIÓN POPULAR,4.733,3.905,31964,070000,2026-05-07T01:00:07.875745+00:00,818580,675298,122439
2501,92.733,2697,78783,2026-05-06T20:00:09.73362+00:00,1794,24706,3.395,KEIKO SOFIA FUJIMORI HIGUCHI,28.03,88730,16002918,ROBERTO HELBERT SANCHEZ PALOMINO,10,JUNTOS POR EL PERÚ,10.077,7.594,31899,07845838,RAFAEL BERNARDO LÓPEZ ALIAGA CAZORLA,35,RENOVACIÓN POPULAR,6.682,5.035,21151,150000,2026-05-07T01:00:09.290567+00:00,420047,316558,10748
5173,97.955,5281,179186,2026-05-06T20:00:10.442408+00:00,1795,81919,4.647,KEIKO SOFIA FUJIMORI HIGUCHI,27.989,241699,16002918,ROBERTO HELBERT SANCHEZ PALOMINO,10,JUNTOS POR EL PERÚ,11.363,8.725,98126,07845838,RAFAEL BERNARDO LÓPEZ ALIAGA CAZORLA,35,RENOVACIÓN POPULAR,6.716,5.157,57997,190000,2026-05-07T01:00:09.925784+00:00,1124670,863565,40129
3380,99.5,3397,77448,2026-05-06T20:00:10.720574+00:00,1796,40444,23.011,ROBERTO HELBERT SANCHEZ PALOMINO,24.927,161468,16002918,ROBERTO HELBERT SANCHEZ PALOMINO,10,JUNTOS POR EL PERÚ,24.927,21.089,161468,07845838,RAFAEL BERNARDO LÓPEZ ALIAGA CAZORLA,35,RENOVACIÓN POPULAR,1.916,1.621,12412,200000,2026-05-07T01:00:10.108338+00:00,765655,647763,149056
91304,98.424,92766,2332981,2026-05-06T20:15:03.846681+00:00,1797,1011699,0.145,KEIKO SOFIA FUJIMORI HIGUCHI,17.142,2830647,16002918,ROBERTO HELBERT SANCHEZ PALOMINO,10,JUNTOS POR EL PERÚ,12.041,10.013,1988399,07845838,RAFAEL BERNARDO LÓPEZ ALIAGA CAZORLA,35,RENOVACIÓN POPULAR,11.896,9.893,1964450,TOTAL,2026-05-07T01:15:03.232705+00:00,19857879,16513199,23949
2501,92.733,2697,79412,2026-05-06T20:15:06.657173+00:00,1798,24863,3.387,KEIKO SOFIA FUJIMORI HIGUCHI,28.098,89191,16002918,ROBERTO HELBERT SANCHEZ PALOMINO,10,JUNTOS POR EL PERÚ,10.068,7.579,31960,07845838,RAFAEL BERNARDO LÓPEZ ALIAGA CAZORLA,35,RENOVACIÓN POPULAR,6.681,5.029,21207,150000,2026-05-07T01:15:06.171306+00:00,421701,317426,10753
3380,99.5,3397,77462,2026-05-06T20:15:07.45195+00:00,1799,40455,23.007,ROBERTO HELBERT SANCHEZ PALOMINO,24.923,161492,16002918,ROBERTO HELBERT SANCHEZ PALOMINO,10,JUNTOS POR EL PERÚ,24.923,21.086,161492,07845838,RAFAEL BERNARDO LÓPEZ ALIAGA CAZORLA,35,RENOVACIÓN POPULAR,1.916,1.621,12417,200000,2026-05-07T01:15:07.112982+00:00,765883,647966,149075
91304,98.424,92766,2333715,2026-05-06T21:00:06.335224+00:00,1800,1011959,0.147,KEIKO SOFIA FUJIMORI HIGUCHI,17.143,2831485,16002918,ROBERTO HELBERT SANCHEZ PALOMINO,10,JUNTOS POR EL PERÚ,12.042,10.013,1988892,07845838,RAFAEL BERNARDO LÓPEZ ALIAGA CAZORLA,35,RENOVACIÓN POPULAR,11.895,9.892,1964741,TOTAL,2026-05-07T02:00:05.603037+00:00,19862481,16516807,24151
88893,98.526,90223,2262401,2026-05-06T21:00:06.760971+00:00,1801,989841,0.558,KEIKO SOFIA FUJIMORI HIGUCHI,17.147,2781342,16002918,ROBERTO HELBERT SANCHEZ PALOMINO,10,JUNTOS POR EL PERÚ,12.214,10.174,1981195,07845838,RAFAEL BERNARDO LÓPEZ ALIAGA CAZORLA,35,RENOVACIÓN POPULAR,11.656,9.709,1890568,PERU,2026-05-07T02:00:05.645469+00:00,19472626,16220384,90627
4197,98.986,4240,123417,2026-05-06T21:00:07.868465+00:00,1802,53201,38.38,ROBERTO HELBERT SANCHEZ PALOMINO,41.626,266200,16002918,ROBERTO HELBERT SANCHEZ PALOMINO,10,JUNTOS POR EL PERÚ,41.626,32.618,266200,07845838,RAFAEL BERNARDO LÓPEZ ALIAGA CAZORLA,35,RENOVACIÓN POPULAR,3.246,2.544,20759,060000,2026-05-07T02:00:07.52295+00:00,816119,639501,245441
5182,98.125,5281,179186,2026-05-06T21:00:10.010936+00:00,1803,81919,4.647,KEIKO SOFIA FUJIMORI HIGUCHI,27.989,241699,16002918,ROBERTO HELBERT SANCHEZ PALOMINO,10,JUNTOS POR EL PERÚ,11.363,8.725,98126,07845838,RAFAEL BERNARDO LÓPEZ ALIAGA CAZORLA,35,RENOVACIÓN POPULAR,6.716,5.157,57997,190000,2026-05-07T02:00:09.522216+00:00,1124670,863565,40129
2478,97.79,2534,102331,2026-05-06T21:00:10.515708+00:00,1804,37965,17.858,ROBERTO HELBERT SANCHEZ PALOMINO,23.746,90707,16002918,ROBERTO HELBERT SANCHEZ PALOMINO,10,JUNTOS POR EL PERÚ,23.746,17.367,90707,07845838,RAFAEL BERNARDO LÓPEZ ALIAGA CAZORLA,35,RENOVACIÓN POPULAR,5.888,4.306,22491,210000,2026-05-07T02:00:09.733882+00:00,522287,381991,68216
91324,98.446,92766,2333715,2026-05-06T21:15:04.624754+00:00,1805,1011959,0.147,KEIKO SOFIA FUJIMORI HIGUCHI,17.143,2831485,16002918,ROBERTO HELBERT SANCHEZ PALOMINO,10,JUNTOS POR EL PERÚ,12.042,10.013,1988892,07845838,RAFAEL BERNARDO LÓPEZ ALIAGA CAZORLA,35,RENOVACIÓN POPULAR,11.895,9.892,1964741,TOTAL,2026-05-07T02:15:03.761412+00:00,19862481,16516807,24151
3463,99.741,3472,104099,2026-05-06T21:15:05.413854+00:00,1806,49638,8.935,KEIKO SOFIA FUJIMORI HIGUCHI,17.997,97532,16002918,ROBERTO HELBERT SANCHEZ PALOMINO,10,JUNTOS POR EL PERÚ,14.977,11.667,81162,07845838,RAFAEL BERNARDO LÓPEZ ALIAGA CAZORLA,35,RENOVACIÓN POPULAR,6.042,4.707,32742,020000,2026-05-07T02:15:04.933207+00:00,695658,541921,48420
4199,99.033,4240,123417,2026-05-06T21:15:06.1554+00:00,1807,53201,38.38,ROBERTO HELBERT SANCHEZ PALOMINO,41.626,266200,16002918,ROBERTO HELBERT SANCHEZ PALOMINO,10,JUNTOS POR EL PERÚ,41.626,32.618,266200,07845838,RAFAEL BERNARDO LÓPEZ ALIAGA CAZORLA,35,RENOVACIÓN POPULAR,3.246,2.544,20759,060000,2026-05-07T02:15:05.697256+00:00,816119,639501,245441
28734,98.246,29247,546047,2026-05-06T21:15:07.568208+00:00,1808,253942,-16.644,RAFAEL BERNARDO LÓPEZ ALIAGA CAZORLA,19.919,1192435,16002918,ROBERTO HELBERT SANCHEZ PALOMINO,10,JUNTOS POR EL PERÚ,3.275,2.889,196071,07845838,RAFAEL BERNARDO LÓPEZ ALIAGA CAZORLA,35,RENOVACIÓN POPULAR,19.919,17.571,1192435,140000,2026-05-07T02:15:07.063486+00:00,6786373,5986384,-996364
494,97.436,507,17892,2026-05-06T21:15:08.04176+00:00,1809,5021,19.97,ROBERTO HELBERT SANCHEZ PALOMINO,23.36,18404,16002918,ROBERTO HELBERT SANCHEZ PALOMINO,10,JUNTOS POR EL PERÚ,23.36,18.097,18404,07845838,RAFAEL BERNARDO LÓPEZ ALIAGA CAZORLA,35,RENOVACIÓN POPULAR,3.39,2.626,2671,160000,2026-05-07T02:15:07.383067+00:00,101698,78785,15733
5182,98.125,5281,179630,2026-05-06T21:15:08.623786+00:00,1810,82048,4.643,KEIKO SOFIA FUJIMORI HIGUCHI,28.0,242227,16002918,ROBERTO HELBERT SANCHEZ PALOMINO,10,JUNTOS POR EL PERÚ,11.357,8.719,98247,07845838,RAFAEL BERNARDO LÓPEZ ALIAGA CAZORLA,35,RENOVACIÓN POPULAR,6.714,5.155,58081,190000,2026-05-07T02:15:07.881905+00:00,1126759,865081,40166
3383,99.588,3397,77552,2026-05-06T21:15:08.90914+00:00,1811,40548,23.017,ROBERTO HELBERT SANCHEZ PALOMINO,24.932,161665,16002918,ROBERTO HELBERT SANCHEZ PALOMINO,10,JUNTOS POR EL PERÚ,24.932,21.091,161665,07845838,RAFAEL BERNARDO LÓPEZ ALIAGA CAZORLA,35,RENOVACIÓN POPULAR,1.915,1.62,12417,200000,2026-05-07T02:15:08.173146+00:00,766516,648416,149248
2478,97.79,2534,102296,2026-05-06T21:15:09.192951+00:00,1812,37943,17.852,ROBERTO HELBERT SANCHEZ PALOMINO,23.74,90664,16002918,ROBERTO HELBERT SANCHEZ PALOMINO,10,JUNTOS POR EL PERÚ,23.74,17.364,90664,07845838,RAFAEL BERNARDO LÓPEZ ALIAGA CAZORLA,35,RENOVACIÓN POPULAR,5.888,4.307,22488,210000,2026-05-07T02:15:08.320318+00:00,522140,381901,68176
91324,98.446,92766,2333819,2026-05-06T22:00:06.596425+00:00,1813,1011990,0.146,KEIKO SOFIA FUJIMORI HIGUCHI,17.143,2831637,16002918,ROBERTO HELBERT SANCHEZ PALOMINO,10,JUNTOS POR EL PERÚ,12.042,10.013,1988994,07845838,RAFAEL BERNARDO LÓPEZ ALIAGA CAZORLA,35,RENOVACIÓN POPULAR,11.896,9.892,1964875,TOTAL,2026-05-07T03:00:05.832369+00:00,19863490,16517681,24119
88898,98.531,90223,2262505,2026-05-06T22:00:06.936383+00:00,1814,989872,0.558,KEIKO SOFIA FUJIMORI HIGUCHI,17.147,2781494,16002918,ROBERTO HELBERT SANCHEZ PALOMINO,10,JUNTOS POR EL PERÚ,12.214,10.174,1981297,07845838,RAFAEL BERNARDO LÓPEZ ALIAGA CAZORLA,35,RENOVACIÓN POPULAR,11.656,9.709,1890702,PERU,2026-05-07T03:00:05.873646+00:00,19473635,16221258,90595
91329,98.451,92766,2333819,2026-05-06T22:15:03.891003+00:00,1815,1011990,0.146,KEIKO SOFIA FUJIMORI HIGUCHI,17.143,2831637,16002918,ROBERTO HELBERT SANCHEZ PALOMINO,10,JUNTOS POR EL PERÚ,12.042,10.013,1988994,07845838,RAFAEL BERNARDO LÓPEZ ALIAGA CAZORLA,35,RENOVACIÓN POPULAR,11.896,9.892,1964875,TOTAL,2026-05-07T03:15:03.198673+00:00,19863490,16517681,24119
4201,99.08,4240,123470,2026-05-06T22:15:05.072732+00:00,1816,53214,38.375,ROBERTO HELBERT SANCHEZ PALOMINO,41.622,266296,16002918,ROBERTO HELBERT SANCHEZ PALOMINO,10,JUNTOS POR EL PERÚ,41.622,32.615,266296,07845838,RAFAEL BERNARDO LÓPEZ ALIAGA CAZORLA,35,RENOVACIÓN POPULAR,3.247,2.544,20774,060000,2026-05-07T03:15:04.745471+00:00,816485,639801,245522
28737,98.256,29247,546098,2026-05-06T22:15:06.373174+00:00,1817,253960,-16.644,RAFAEL BERNARDO LÓPEZ ALIAGA CAZORLA,19.919,1192554,16002918,ROBERTO HELBERT SANCHEZ PALOMINO,10,JUNTOS POR EL PERÚ,3.275,2.889,196077,07845838,RAFAEL BERNARDO LÓPEZ ALIAGA CAZORLA,35,RENOVACIÓN POPULAR,19.919,17.571,1192554,140000,2026-05-07T03:15:05.933961+00:00,6787016,5986958,-996477
88899,98.533,90223,2262546,2026-05-06T23:00:06.795928+00:00,1818,989893,0.558,KEIKO SOFIA FUJIMORI HIGUCHI,17.147,2781505,16002918,ROBERTO HELBERT SANCHEZ PALOMINO,10,JUNTOS POR EL PERÚ,12.214,10.174,1981330,07845838,RAFAEL BERNARDO LÓPEZ ALIAGA CAZORLA,35,RENOVACIÓN POPULAR,11.656,9.709,1890722,PERU,2026-05-07T04:00:06.32401+00:00,19473872,16221433,90608
91329,98.451,92766,2333860,2026-05-06T23:00:07.045431+00:00,1819,1012011,0.146,KEIKO SOFIA FUJIMORI HIGUCHI,17.143,2831648,16002918,ROBERTO HELBERT SANCHEZ PALOMINO,10,JUNTOS POR EL PERÚ,12.042,10.013,1989027,07845838,RAFAEL BERNARDO LÓPEZ ALIAGA CAZORLA,35,RENOVACIÓN POPULAR,11.896,9.892,1964895,TOTAL,2026-05-07T04:00:06.325523+00:00,19863727,16517856,24132
3463,99.741,3472,104150,2026-05-06T23:00:07.578424+00:00,1820,49659,8.937,KEIKO SOFIA FUJIMORI HIGUCHI,17.996,97553,16002918,ROBERTO HELBERT SANCHEZ PALOMINO,10,JUNTOS POR EL PERÚ,14.979,11.669,81201,07845838,RAFAEL BERNARDO LÓPEZ ALIAGA CAZORLA,35,RENOVACIÓN POPULAR,6.042,4.707,32753,020000,2026-05-07T04:00:07.26255+00:00,695893,542084,48448
3685,99.837,3691,107299,2026-05-06T23:00:09.207244+00:00,1821,42110,4.719,KEIKO SOFIA FUJIMORI HIGUCHI,17.077,108430,16002918,ROBERTO HELBERT SANCHEZ PALOMINO,10,JUNTOS POR EL PERÚ,12.302,9.958,78108,07845838,RAFAEL BERNARDO LÓPEZ ALIAGA CAZORLA,35,RENOVACIÓN POPULAR,7.583,6.139,48149,110000,2026-05-07T04:00:08.663292+00:00,784351,634942,29959
28737,98.256,29247,546115,2026-05-06T23:00:09.82154+00:00,1822,253965,-16.644,RAFAEL BERNARDO LÓPEZ ALIAGA CAZORLA,19.919,1192593,16002918,ROBERTO HELBERT SANCHEZ PALOMINO,10,JUNTOS POR EL PERÚ,3.275,2.889,196079,07845838,RAFAEL BERNARDO LÓPEZ ALIAGA CAZORLA,35,RENOVACIÓN POPULAR,19.919,17.571,1192593,140000,2026-05-07T04:00:09.346137+00:00,6787245,5987165,-996514
91330,98.452,92766,2333860,2026-05-06T23:15:04.290764+00:00,1823,1012011,0.146,KEIKO SOFIA FUJIMORI HIGUCHI,17.143,2831648,16002918,ROBERTO HELBERT SANCHEZ PALOMINO,10,JUNTOS POR EL PERÚ,12.042,10.013,1989027,07845838,RAFAEL BERNARDO LÓPEZ ALIAGA CAZORLA,35,RENOVACIÓN POPULAR,11.896,9.892,1964895,TOTAL,2026-05-07T04:15:03.463358+00:00,19863727,16517856,24132
3464,99.77,3472,104150,2026-05-06T23:15:04.983712+00:00,1824,49659,8.937,KEIKO SOFIA FUJIMORI HIGUCHI,17.996,97553,16002918,ROBERTO HELBERT SANCHEZ PALOMINO,10,JUNTOS POR EL PERÚ,14.979,11.669,81201,07845838,RAFAEL BERNARDO LÓPEZ ALIAGA CAZORLA,35,RENOVACIÓN POPULAR,6.042,4.707,32753,020000,2026-05-07T04:15:04.538659+00:00,695893,542084,48448
28738,98.26,29247,546115,2026-05-06T23:15:06.802755+00:00,1825,253965,-16.644,RAFAEL BERNARDO LÓPEZ ALIAGA CAZORLA,19.919,1192593,16002918,ROBERTO HELBERT SANCHEZ PALOMINO,10,JUNTOS POR EL PERÚ,3.275,2.889,196079,07845838,RAFAEL BERNARDO LÓPEZ ALIAGA CAZORLA,35,RENOVACIÓN POPULAR,19.919,17.571,1192593,140000,2026-05-07T04:15:06.408303+00:00,6787245,5987165,-996514
88900,98.534,90223,2262561,2026-05-07T01:30:05.015981+00:00,1826,989898,0.558,KEIKO SOFIA FUJIMORI HIGUCHI,17.147,2781529,16002918,ROBERTO HELBERT SANCHEZ PALOMINO,10,JUNTOS POR EL PERÚ,12.214,10.174,1981332,07845838,RAFAEL BERNARDO LÓPEZ ALIAGA CAZORLA,35,RENOVACIÓN POPULAR,11.656,9.709,1890777,PERU,2026-05-07T06:30:04.643983+00:00,19474083,16221624,90555
91331,98.453,92766,2333875,2026-05-07T01:30:05.345527+00:00,1827,1012016,0.146,KEIKO SOFIA FUJIMORI HIGUCHI,17.143,2831672,16002918,ROBERTO HELBERT SANCHEZ PALOMINO,10,JUNTOS POR EL PERÚ,12.042,10.013,1989029,07845838,RAFAEL BERNARDO LÓPEZ ALIAGA CAZORLA,35,RENOVACIÓN POPULAR,11.896,9.892,1964950,TOTAL,2026-05-07T06:30:04.686154+00:00,19863938,16518047,24079
28739,98.263,29247,546130,2026-05-07T01:30:07.541597+00:00,1828,253970,-16.644,RAFAEL BERNARDO LÓPEZ ALIAGA CAZORLA,19.919,1192648,16002918,ROBERTO HELBERT SANCHEZ PALOMINO,10,JUNTOS POR EL PERÚ,3.275,2.889,196081,07845838,RAFAEL BERNARDO LÓPEZ ALIAGA CAZORLA,35,RENOVACIÓN POPULAR,19.919,17.571,1192648,140000,2026-05-07T06:30:07.187667+00:00,6787456,5987356,-996567
91332,98.454,92766,2333884,2026-05-07T02:15:03.90684+00:00,1829,1012019,0.145,KEIKO SOFIA FUJIMORI HIGUCHI,17.143,2831702,16002918,ROBERTO HELBERT SANCHEZ PALOMINO,10,JUNTOS POR EL PERÚ,12.041,10.013,1989030,07845838,RAFAEL BERNARDO LÓPEZ ALIAGA CAZORLA,35,RENOVACIÓN POPULAR,11.896,9.892,1965019,TOTAL,2026-05-07T07:15:03.205145+00:00,19864157,16518254,24011
88901,98.535,90223,2262570,2026-05-07T02:15:04.232136+00:00,1830,989901,0.558,KEIKO SOFIA FUJIMORI HIGUCHI,17.147,2781559,16002918,ROBERTO HELBERT SANCHEZ PALOMINO,10,JUNTOS POR EL PERÚ,12.214,10.174,1981333,07845838,RAFAEL BERNARDO LÓPEZ ALIAGA CAZORLA,35,RENOVACIÓN POPULAR,11.656,9.709,1890846,PERU,2026-05-07T07:15:03.246869+00:00,19474302,16221831,90487
28740,98.266,29247,546139,2026-05-07T02:15:06.402255+00:00,1831,253973,-16.645,RAFAEL BERNARDO LÓPEZ ALIAGA CAZORLA,19.92,1192717,16002918,ROBERTO HELBERT SANCHEZ PALOMINO,10,JUNTOS POR EL PERÚ,3.275,2.889,196082,07845838,RAFAEL BERNARDO LÓPEZ ALIAGA CAZORLA,35,RENOVACIÓN POPULAR,19.92,17.572,1192717,140000,2026-05-07T07:15:06.002602+00:00,6787675,5987563,-996635
88903,98.537,90223,2262584,2026-05-07T09:30:05.880541+00:00,1832,990210,0.558,KEIKO SOFIA FUJIMORI HIGUCHI,17.147,2781594,16002918,ROBERTO HELBERT SANCHEZ PALOMINO,10,JUNTOS POR EL PERÚ,12.214,10.174,1981333,07845838,RAFAEL BERNARDO LÓPEZ ALIAGA CAZORLA,35,RENOVACIÓN POPULAR,11.656,9.71,1890914,PERU,2026-05-07T14:30:04.904935+00:00,19474807,16222013,90419
91334,98.456,92766,2333898,2026-05-07T09:30:06.189055+00:00,1833,1012328,0.145,KEIKO SOFIA FUJIMORI HIGUCHI,17.143,2831737,16002918,ROBERTO HELBERT SANCHEZ PALOMINO,10,JUNTOS POR EL PERÚ,12.041,10.013,1989030,07845838,RAFAEL BERNARDO LÓPEZ ALIAGA CAZORLA,35,RENOVACIÓN POPULAR,11.896,9.892,1965087,TOTAL,2026-05-07T14:30:04.907452+00:00,19864662,16518436,23943
28742,98.273,29247,546153,2026-05-07T09:30:08.398928+00:00,1834,254282,-16.645,RAFAEL BERNARDO LÓPEZ ALIAGA CAZORLA,19.92,1192785,16002918,ROBERTO HELBERT SANCHEZ PALOMINO,10,JUNTOS POR EL PERÚ,3.275,2.889,196082,07845838,RAFAEL BERNARDO LÓPEZ ALIAGA CAZORLA,35,RENOVACIÓN POPULAR,19.92,17.571,1192785,140000,2026-05-07T14:30:07.948717+00:00,6788180,5987745,-996703
88906,98.54,90223,2262650,2026-05-07T10:30:06.881962+00:00,1835,990232,0.558,KEIKO SOFIA FUJIMORI HIGUCHI,17.147,2781707,16002918,ROBERTO HELBERT SANCHEZ PALOMINO,10,JUNTOS POR EL PERÚ,12.214,10.174,1981374,07845838,RAFAEL BERNARDO LÓPEZ ALIAGA CAZORLA,35,RENOVACIÓN POPULAR,11.656,9.71,1890974,PERU,2026-05-07T15:30:06.088637+00:00,19475499,16222617,90400
91337,98.46,92766,2333964,2026-05-07T10:30:07.347716+00:00,1836,1012350,0.145,KEIKO SOFIA FUJIMORI HIGUCHI,17.143,2831850,16002918,ROBERTO HELBERT SANCHEZ PALOMINO,10,JUNTOS POR EL PERÚ,12.041,10.013,1989071,07845838,RAFAEL BERNARDO LÓPEZ ALIAGA CAZORLA,35,RENOVACIÓN POPULAR,11.896,9.892,1965147,TOTAL,2026-05-07T15:30:06.129477+00:00,19865354,16519040,23924
28744,98.28,29247,546195,2026-05-07T10:30:09.749104+00:00,1837,254299,-16.645,RAFAEL BERNARDO LÓPEZ ALIAGA CAZORLA,19.92,1192833,16002918,ROBERTO HELBERT SANCHEZ PALOMINO,10,JUNTOS POR EL PERÚ,3.275,2.889,196107,07845838,RAFAEL BERNARDO LÓPEZ ALIAGA CAZORLA,35,RENOVACIÓN POPULAR,19.92,17.571,1192833,140000,2026-05-07T15:30:09.277622+00:00,6788671,5988177,-996726
2856,98.551,2898,61613,2026-05-07T10:30:11.435228+00:00,1838,29364,-12.031,KEIKO SOFIA FUJIMORI HIGUCHI,20.666,117918,16002918,ROBERTO HELBERT SANCHEZ PALOMINO,10,JUNTOS POR EL PERÚ,3.004,2.591,17142,07845838,RAFAEL BERNARDO LÓPEZ ALIAGA CAZORLA,35,RENOVACIÓN POPULAR,15.035,12.968,85792,240000,2026-05-07T15:30:11.012704+00:00,661580,570603,-68650
91340,98.463,92766,2333996,2026-05-07T11:30:05.510271+00:00,1839,1012385,0.144,KEIKO SOFIA FUJIMORI HIGUCHI,17.143,2831921,16002918,ROBERTO HELBERT SANCHEZ PALOMINO,10,JUNTOS POR EL PERÚ,12.041,10.013,1989091,07845838,RAFAEL BERNARDO LÓPEZ ALIAGA CAZORLA,35,RENOVACIÓN POPULAR,11.897,9.893,1965304,TOTAL,2026-05-07T16:30:05.015473+00:00,19866033,16519652,23787
88909,98.544,90223,2262682,2026-05-07T11:30:05.883445+00:00,1840,990267,0.556,KEIKO SOFIA FUJIMORI HIGUCHI,17.147,2781778,16002918,ROBERTO HELBERT SANCHEZ PALOMINO,10,JUNTOS POR EL PERÚ,12.213,10.173,1981394,07845838,RAFAEL BERNARDO LÓPEZ ALIAGA CAZORLA,35,RENOVACIÓN POPULAR,11.657,9.71,1891131,PERU,2026-05-07T16:30:05.016958+00:00,19476178,16223229,90263
4214,99.976,4215,75000,2026-05-07T11:30:06.792193+00:00,1841,38931,-0.498,JORGE NIETO MONTESINOS,18.642,164040,16002918,ROBERTO HELBERT SANCHEZ PALOMINO,10,JUNTOS POR EL PERÚ,10.087,8.931,88762,07845838,RAFAEL BERNARDO LÓPEZ ALIAGA CAZORLA,35,RENOVACIÓN POPULAR,10.585,9.372,93146,040000,2026-05-07T16:30:06.348875+00:00,993898,879967,-4384
4201,99.08,4240,123470,2026-05-07T11:30:07.254644+00:00,1842,53214,38.375,ROBERTO HELBERT SANCHEZ PALOMINO,41.622,266296,16002918,ROBERTO HELBERT SANCHEZ PALOMINO,10,JUNTOS POR EL PERÚ,41.622,32.615,266296,07845838,RAFAEL BERNARDO LÓPEZ ALIAGA CAZORLA,35,RENOVACIÓN POPULAR,3.247,2.544,20773,060000,2026-05-07T16:30:06.627415+00:00,816485,639801,245523
28746,98.287,29247,546206,2026-05-07T11:30:08.574054+00:00,1843,254302,-16.646,RAFAEL BERNARDO LÓPEZ ALIAGA CAZORLA,19.921,1192966,16002918,ROBERTO HELBERT SANCHEZ PALOMINO,10,JUNTOS POR EL PERÚ,3.275,2.889,196109,07845838,RAFAEL BERNARDO LÓPEZ ALIAGA CAZORLA,35,RENOVACIÓN POPULAR,19.921,17.572,1192966,140000,2026-05-07T16:30:08.142911+00:00,6789104,5988596,-996857
91364,98.489,92766,2334742,2026-05-07T12:15:03.910071+00:00,1844,1012658,0.142,KEIKO SOFIA FUJIMORI HIGUCHI,17.143,2832377,16002918,ROBERTO HELBERT SANCHEZ PALOMINO,10,JUNTOS POR EL PERÚ,12.04,10.012,1989272,07845838,RAFAEL BERNARDO LÓPEZ ALIAGA CAZORLA,35,RENOVACIÓN POPULAR,11.898,9.894,1965910,TOTAL,2026-05-07T17:15:03.520138+00:00,19869826,16522426,23362
88909,98.544,90223,2262755,2026-05-07T12:15:04.331331+00:00,1845,990301,0.557,KEIKO SOFIA FUJIMORI HIGUCHI,17.147,2781823,16002918,ROBERTO HELBERT SANCHEZ PALOMINO,10,JUNTOS POR EL PERÚ,12.214,10.174,1981511,07845838,RAFAEL BERNARDO LÓPEZ ALIAGA CAZORLA,35,RENOVACIÓN POPULAR,11.657,9.71,1891140,PERU,2026-05-07T17:15:03.52076+00:00,19476675,16223619,90371
2431,95.596,2543,71987,2026-05-07T12:15:04.588202+00:00,1846,22357,-22.426,RAFAEL BERNARDO LÓPEZ ALIAGA CAZORLA,25.023,74770,16002918,ROBERTO HELBERT SANCHEZ PALOMINO,10,JUNTOS POR EL PERÚ,2.597,1.974,7761,07845838,RAFAEL BERNARDO LÓPEZ ALIAGA CAZORLA,35,RENOVACIÓN POPULAR,25.023,19.018,74770,EXTRANJERO,2026-05-07T17:15:03.6193+00:00,393151,298807,-67009
799,99.626,802,22142,2026-05-07T12:15:07.467074+00:00,1847,8047,12.046,KEIKO SOFIA FUJIMORI HIGUCHI,18.853,21842,16002918,ROBERTO HELBERT SANCHEZ PALOMINO,10,JUNTOS POR EL PERÚ,18.649,14.794,21606,07845838,RAFAEL BERNARDO LÓPEZ ALIAGA CAZORLA,35,RENOVACIÓN POPULAR,6.603,5.238,7650,180000,2026-05-07T17:15:07.094274+00:00,146044,115855,13956
88912,98.547,90223,2262755,2026-05-07T12:30:05.829942+00:00,1848,990301,0.557,KEIKO SOFIA FUJIMORI HIGUCHI,17.147,2781823,16002918,ROBERTO HELBERT SANCHEZ PALOMINO,10,JUNTOS POR EL PERÚ,12.214,10.174,1981511,07845838,RAFAEL BERNARDO LÓPEZ ALIAGA CAZORLA,35,RENOVACIÓN POPULAR,11.657,9.71,1891140,PERU,2026-05-07T17:30:05.418293+00:00,19476675,16223619,90371
2452,96.422,2543,71987,2026-05-07T12:30:06.045413+00:00,1849,22357,-22.426,RAFAEL BERNARDO LÓPEZ ALIAGA CAZORLA,25.023,74770,16002918,ROBERTO HELBERT SANCHEZ PALOMINO,10,JUNTOS POR EL PERÚ,2.597,1.974,7761,07845838,RAFAEL BERNARDO LÓPEZ ALIAGA CAZORLA,35,RENOVACIÓN POPULAR,25.023,19.018,74770,EXTRANJERO,2026-05-07T17:30:05.581147+00:00,393151,298807,-67009
802,100.0,802,22142,2026-05-07T12:30:08.88226+00:00,1850,8047,12.046,KEIKO SOFIA FUJIMORI HIGUCHI,18.853,21842,16002918,ROBERTO HELBERT SANCHEZ PALOMINO,10,JUNTOS POR EL PERÚ,18.649,14.794,21606,07845838,RAFAEL BERNARDO LÓPEZ ALIAGA CAZORLA,35,RENOVACIÓN POPULAR,6.603,5.238,7650,180000,2026-05-07T17:30:08.412241+00:00,146044,115855,13956
88912,98.547,90223,2263233,2026-05-07T13:15:03.811562+00:00,1851,990502,0.553,KEIKO SOFIA FUJIMORI HIGUCHI,17.147,2782591,16002918,ROBERTO HELBERT SANCHEZ PALOMINO,10,JUNTOS POR EL PERÚ,12.212,10.173,1981806,07845838,RAFAEL BERNARDO LÓPEZ ALIAGA CAZORLA,35,RENOVACIÓN POPULAR,11.659,9.712,1892005,PERU,2026-05-07T18:15:03.170816+00:00,19481866,16228131,89801
91406,98.534,92766,2335920,2026-05-07T13:15:04.262392+00:00,1852,1013343,0.135,KEIKO SOFIA FUJIMORI HIGUCHI,17.143,2833546,16002918,ROBERTO HELBERT SANCHEZ PALOMINO,10,JUNTOS POR EL PERÚ,12.037,10.009,1989617,07845838,RAFAEL BERNARDO LÓPEZ ALIAGA CAZORLA,35,RENOVACIÓN POPULAR,11.902,9.897,1967273,TOTAL,2026-05-07T18:15:03.212565+00:00,19878278,16529015,22344
2452,96.422,2543,72687,2026-05-07T13:15:04.547508+00:00,1853,22841,-22.42,RAFAEL BERNARDO LÓPEZ ALIAGA CAZORLA,25.016,75268,16002918,ROBERTO HELBERT SANCHEZ PALOMINO,10,JUNTOS POR EL PERÚ,2.596,1.97,7811,07845838,RAFAEL BERNARDO LÓPEZ ALIAGA CAZORLA,35,RENOVACIÓN POPULAR,25.016,18.987,75268,EXTRANJERO,2026-05-07T18:15:03.936216+00:00,396412,300884,-67457
28746,98.287,29247,546525,2026-05-07T13:15:07.034732+00:00,1854,254442,-16.649,RAFAEL BERNARDO LÓPEZ ALIAGA CAZORLA,19.923,1193815,16002918,ROBERTO HELBERT SANCHEZ PALOMINO,10,JUNTOS POR EL PERÚ,3.274,2.888,196192,07845838,RAFAEL BERNARDO LÓPEZ ALIAGA CAZORLA,35,RENOVACIÓN POPULAR,19.923,17.574,1193815,140000,2026-05-07T18:15:06.344439+00:00,6793213,5992246,-997623
3386,99.676,3397,77630,2026-05-07T13:15:08.102333+00:00,1855,40586,23.015,ROBERTO HELBERT SANCHEZ PALOMINO,24.93,161806,16002918,ROBERTO HELBERT SANCHEZ PALOMINO,10,JUNTOS POR EL PERÚ,24.93,21.089,161806,07845838,RAFAEL BERNARDO LÓPEZ ALIAGA CAZORLA,35,RENOVACIÓN POPULAR,1.915,1.62,12426,200000,2026-05-07T18:15:07.722178+00:00,767246,649030,149380
88934,98.571,90223,2263233,2026-05-07T13:30:05.850447+00:00,1856,990502,0.553,KEIKO SOFIA FUJIMORI HIGUCHI,17.147,2782591,16002918,ROBERTO HELBERT SANCHEZ PALOMINO,10,JUNTOS POR EL PERÚ,12.212,10.173,1981806,07845838,RAFAEL BERNARDO LÓPEZ ALIAGA CAZORLA,35,RENOVACIÓN POPULAR,11.659,9.712,1892005,PERU,2026-05-07T18:30:05.026442+00:00,19481866,16228131,89801
2472,97.208,2543,72687,2026-05-07T13:30:06.449545+00:00,1857,22841,-22.42,RAFAEL BERNARDO LÓPEZ ALIAGA CAZORLA,25.016,75268,16002918,ROBERTO HELBERT SANCHEZ PALOMINO,10,JUNTOS POR EL PERÚ,2.596,1.97,7811,07845838,RAFAEL BERNARDO LÓPEZ ALIAGA CAZORLA,35,RENOVACIÓN POPULAR,25.016,18.987,75268,EXTRANJERO,2026-05-07T18:30:05.079827+00:00,396412,300884,-67457
2317,98.975,2341,72402,2026-05-07T13:30:07.967975+00:00,1858,24367,24.051,ROBERTO HELBERT SANCHEZ PALOMINO,29.934,101517,16002918,ROBERTO HELBERT SANCHEZ PALOMINO,10,JUNTOS POR EL PERÚ,29.934,23.289,101517,07845838,RAFAEL BERNARDO LÓPEZ ALIAGA CAZORLA,35,RENOVACIÓN POPULAR,5.883,4.577,19952,090000,2026-05-07T18:30:07.591842+00:00,435901,339132,81565
28763,98.345,29247,546525,2026-05-07T13:30:08.865854+00:00,1859,254442,-16.649,RAFAEL BERNARDO LÓPEZ ALIAGA CAZORLA,19.923,1193815,16002918,ROBERTO HELBERT SANCHEZ PALOMINO,10,JUNTOS POR EL PERÚ,3.274,2.888,196192,07845838,RAFAEL BERNARDO LÓPEZ ALIAGA CAZORLA,35,RENOVACIÓN POPULAR,19.923,17.574,1193815,140000,2026-05-07T18:30:08.422215+00:00,6793213,5992246,-997623
88944,98.582,90223,2263477,2026-05-07T14:30:04.954967+00:00,1860,990610,0.552,KEIKO SOFIA FUJIMORI HIGUCHI,17.147,2783064,16002918,ROBERTO HELBERT SANCHEZ PALOMINO,10,JUNTOS POR EL PERÚ,12.211,10.172,1981871,07845838,RAFAEL BERNARDO LÓPEZ ALIAGA CAZORLA,35,RENOVACIÓN POPULAR,11.659,9.712,1892291,PERU,2026-05-07T19:30:04.46716+00:00,19484325,16230238,89580
91417,98.546,92766,2336224,2026-05-07T14:30:05.180439+00:00,1861,1013454,0.134,KEIKO SOFIA FUJIMORI HIGUCHI,17.144,2834067,16002918,ROBERTO HELBERT SANCHEZ PALOMINO,10,JUNTOS POR EL PERÚ,12.036,10.008,1989684,07845838,RAFAEL BERNARDO LÓPEZ ALIAGA CAZORLA,35,RENOVACIÓN POPULAR,11.902,9.897,1967568,TOTAL,2026-05-07T19:30:04.508725+00:00,19880896,16531218,22116
2473,97.247,2543,72747,2026-05-07T14:30:05.509972+00:00,1862,22844,-22.415,RAFAEL BERNARDO LÓPEZ ALIAGA CAZORLA,25.011,75277,16002918,ROBERTO HELBERT SANCHEZ PALOMINO,10,JUNTOS POR EL PERÚ,2.596,1.97,7813,07845838,RAFAEL BERNARDO LÓPEZ ALIAGA CAZORLA,35,RENOVACIÓN POPULAR,25.011,18.982,75277,EXTRANJERO,2026-05-07T19:30:04.562889+00:00,396571,300980,-67464
28773,98.379,29247,546769,2026-05-07T14:30:07.667587+00:00,1863,254550,-16.646,RAFAEL BERNARDO LÓPEZ ALIAGA CAZORLA,19.92,1194101,16002918,ROBERTO HELBERT SANCHEZ PALOMINO,10,JUNTOS POR EL PERÚ,3.274,2.888,196257,07845838,RAFAEL BERNARDO LÓPEZ ALIAGA CAZORLA,35,RENOVACIÓN POPULAR,19.92,17.571,1194101,140000,2026-05-07T19:30:07.215756+00:00,6795672,5994353,-997844
91417,98.546,92766,2336258,2026-05-07T16:00:06.1905+00:00,1864,1013476,0.134,KEIKO SOFIA FUJIMORI HIGUCHI,17.144,2834150,16002918,ROBERTO HELBERT SANCHEZ PALOMINO,10,JUNTOS POR EL PERÚ,12.036,10.008,1989688,07845838,RAFAEL BERNARDO LÓPEZ ALIAGA CAZORLA,35,RENOVACIÓN POPULAR,11.902,9.897,1967654,TOTAL,2026-05-07T21:00:05.738607+00:00,19881406,16531672,22034
88946,98.585,90223,2263511,2026-05-07T16:00:06.629537+00:00,1865,990632,0.552,KEIKO SOFIA FUJIMORI HIGUCHI,17.147,2783147,16002918,ROBERTO HELBERT SANCHEZ PALOMINO,10,JUNTOS POR EL PERÚ,12.211,10.171,1981875,07845838,RAFAEL BERNARDO LÓPEZ ALIAGA CAZORLA,35,RENOVACIÓN POPULAR,11.659,9.712,1892377,PERU,2026-05-07T21:00:05.780231+00:00,19484835,16230692,89498
28775,98.386,29247,546769,2026-05-07T16:00:08.985057+00:00,1866,254550,-16.646,RAFAEL BERNARDO LÓPEZ ALIAGA CAZORLA,19.92,1194101,16002918,ROBERTO HELBERT SANCHEZ PALOMINO,10,JUNTOS POR EL PERÚ,3.274,2.888,196257,07845838,RAFAEL BERNARDO LÓPEZ ALIAGA CAZORLA,35,RENOVACIÓN POPULAR,19.92,17.571,1194101,140000,2026-05-07T21:00:08.536807+00:00,6795672,5994353,-997844
91419,98.548,92766,2336258,2026-05-07T16:15:03.99712+00:00,1867,1013476,0.134,KEIKO SOFIA FUJIMORI HIGUCHI,17.144,2834150,16002918,ROBERTO HELBERT SANCHEZ PALOMINO,10,JUNTOS POR EL PERÚ,12.036,10.008,1989688,07845838,RAFAEL BERNARDO LÓPEZ ALIAGA CAZORLA,35,RENOVACIÓN POPULAR,11.902,9.897,1967654,TOTAL,2026-05-07T21:15:03.171461+00:00,19881406,16531672,22034
28775,98.386,29247,546803,2026-05-07T16:15:06.699438+00:00,1868,254572,-16.646,RAFAEL BERNARDO LÓPEZ ALIAGA CAZORLA,19.92,1194187,16002918,ROBERTO HELBERT SANCHEZ PALOMINO,10,JUNTOS POR EL PERÚ,3.274,2.888,196261,07845838,RAFAEL BERNARDO LÓPEZ ALIAGA CAZORLA,35,RENOVACIÓN POPULAR,19.92,17.571,1194187,140000,2026-05-07T21:15:06.191073+00:00,6796182,5994807,-997926
88984,98.627,90223,2264570,2026-05-07T17:30:05.977145+00:00,1869,991000,0.556,KEIKO SOFIA FUJIMORI HIGUCHI,17.148,2784074,16002918,ROBERTO HELBERT SANCHEZ PALOMINO,10,JUNTOS POR EL PERÚ,12.214,10.174,1982977,07845838,RAFAEL BERNARDO LÓPEZ ALIAGA CAZORLA,35,RENOVACIÓN POPULAR,11.658,9.711,1892697,PERU,2026-05-07T22:30:05.026451+00:00,19490870,16235300,90280
91457,98.589,92766,2337317,2026-05-07T17:30:06.330339+00:00,1870,1013844,0.138,KEIKO SOFIA FUJIMORI HIGUCHI,17.145,2835077,16002918,ROBERTO HELBERT SANCHEZ PALOMINO,10,JUNTOS POR EL PERÚ,12.039,10.01,1990790,07845838,RAFAEL BERNARDO LÓPEZ ALIAGA CAZORLA,35,RENOVACIÓN POPULAR,11.901,9.896,1967974,TOTAL,2026-05-07T22:30:05.027932+00:00,19887441,16536280,22816
1259,98.513,1278,35598,2026-05-07T17:30:06.741+00:00,1871,14951,32.515,ROBERTO HELBERT SANCHEZ PALOMINO,36.221,58364,16002918,ROBERTO HELBERT SANCHEZ PALOMINO,10,JUNTOS POR EL PERÚ,36.221,27.572,58364,07845838,RAFAEL BERNARDO LÓPEZ ALIAGA CAZORLA,35,RENOVACIÓN POPULAR,3.706,2.821,5972,010000,2026-05-07T22:30:06.154348+00:00,211682,161133,52392
1267,99.529,1273,32738,2026-05-07T17:30:07.980786+00:00,1872,11884,41.08,ROBERTO HELBERT SANCHEZ PALOMINO,43.429,74909,16002918,ROBERTO HELBERT SANCHEZ PALOMINO,10,JUNTOS POR EL PERÚ,43.429,34.503,74909,07845838,RAFAEL BERNARDO LÓPEZ ALIAGA CAZORLA,35,RENOVACIÓN POPULAR,2.349,1.866,4052,080000,2026-05-07T22:30:07.50614+00:00,217109,172487,70857
28776,98.39,29247,546828,2026-05-07T17:30:09.019743+00:00,1873,254579,-16.646,RAFAEL BERNARDO LÓPEZ ALIAGA CAZORLA,19.92,1194218,16002918,ROBERTO HELBERT SANCHEZ PALOMINO,10,JUNTOS POR EL PERÚ,3.274,2.888,196270,07845838,RAFAEL BERNARDO LÓPEZ ALIAGA CAZORLA,35,RENOVACIÓN POPULAR,19.92,17.571,1194218,140000,2026-05-07T22:30:08.59801+00:00,6796400,5994993,-997948
2523,93.548,2697,80091,2026-05-07T17:30:09.318889+00:00,1874,25086,3.463,KEIKO SOFIA FUJIMORI HIGUCHI,28.124,89833,16002918,ROBERTO HELBERT SANCHEZ PALOMINO,10,JUNTOS POR EL PERÚ,10.134,7.624,32369,07845838,RAFAEL BERNARDO LÓPEZ ALIAGA CAZORLA,35,RENOVACIÓN POPULAR,6.671,5.018,21307,150000,2026-05-07T22:30:08.811804+00:00,424592,319415,11062
3392,99.853,3397,77785,2026-05-07T17:30:10.226935+00:00,1875,40654,23.044,ROBERTO HELBERT SANCHEZ PALOMINO,24.957,162229,16002918,ROBERTO HELBERT SANCHEZ PALOMINO,10,JUNTOS POR EL PERÚ,24.957,21.11,162229,07845838,RAFAEL BERNARDO LÓPEZ ALIAGA CAZORLA,35,RENOVACIÓN POPULAR,1.913,1.618,12433,200000,2026-05-07T22:30:09.891545+00:00,768478,650039,149796
2860,98.689,2898,61665,2026-05-07T17:30:11.118864+00:00,1876,29382,-12.045,KEIKO SOFIA FUJIMORI HIGUCHI,20.664,118041,16002918,ROBERTO HELBERT SANCHEZ PALOMINO,10,JUNTOS POR EL PERÚ,3.001,2.588,17143,07845838,RAFAEL BERNARDO LÓPEZ ALIAGA CAZORLA,35,RENOVACIÓN POPULAR,15.046,12.978,85952,240000,2026-05-07T22:30:10.654534+00:00,662297,571250,-68809
89013,98.659,90223,2265262,2026-05-07T19:00:07.711211+00:00,1877,991357,0.558,KEIKO SOFIA FUJIMORI HIGUCHI,17.148,2784765,16002918,ROBERTO HELBERT SANCHEZ PALOMINO,10,JUNTOS POR EL PERÚ,12.215,10.175,1983757,07845838,RAFAEL BERNARDO LÓPEZ ALIAGA CAZORLA,35,RENOVACIÓN POPULAR,11.657,9.71,1893124,PERU,2026-05-08T00:00:06.726193+00:00,19496511,16239892,90633
91499,98.634,92766,2338426,2026-05-07T19:00:08.137236+00:00,1878,1014321,0.138,KEIKO SOFIA FUJIMORI HIGUCHI,17.144,2836040,16002918,ROBERTO HELBERT SANCHEZ PALOMINO,10,JUNTOS POR EL PERÚ,12.039,10.011,1991601,07845838,RAFAEL BERNARDO LÓPEZ ALIAGA CAZORLA,35,RENOVACIÓN POPULAR,11.901,9.896,1968736,TOTAL,2026-05-08T00:00:06.727675+00:00,19895024,16542277,22865
2486,97.759,2543,73164,2026-05-07T19:00:08.46246+00:00,1879,22964,-22.411,RAFAEL BERNARDO LÓPEZ ALIAGA CAZORLA,25.005,75612,16002918,ROBERTO HELBERT SANCHEZ PALOMINO,10,JUNTOS POR EL PERÚ,2.594,1.968,7844,07845838,RAFAEL BERNARDO LÓPEZ ALIAGA CAZORLA,35,RENOVACIÓN POPULAR,25.005,18.974,75612,EXTRANJERO,2026-05-08T00:00:06.82475+00:00,398513,302385,-67768
1271,99.452,1278,35987,2026-05-07T19:00:08.735869+00:00,1880,15144,32.517,ROBERTO HELBERT SANCHEZ PALOMINO,36.213,58843,16002918,ROBERTO HELBERT SANCHEZ PALOMINO,10,JUNTOS POR EL PERÚ,36.213,27.545,58843,07845838,RAFAEL BERNARDO LÓPEZ ALIAGA CAZORLA,35,RENOVACIÓN POPULAR,3.696,2.811,6005,010000,2026-05-08T00:00:07.881672+00:00,213624,162493,52838
3465,99.798,3472,104182,2026-05-07T19:00:09.064757+00:00,1881,49677,8.943,KEIKO SOFIA FUJIMORI HIGUCHI,17.998,97591,16002918,ROBERTO HELBERT SANCHEZ PALOMINO,10,JUNTOS POR EL PERÚ,14.983,11.672,81246,07845838,RAFAEL BERNARDO LÓPEZ ALIAGA CAZORLA,35,RENOVACIÓN POPULAR,6.04,4.705,32754,020000,2026-05-08T00:00:08.224911+00:00,696101,542242,48492
2320,99.103,2341,72475,2026-05-07T19:00:10.194946+00:00,1882,24383,24.045,ROBERTO HELBERT SANCHEZ PALOMINO,29.929,101639,16002918,ROBERTO HELBERT SANCHEZ PALOMINO,10,JUNTOS POR EL PERÚ,29.929,23.287,101639,07845838,RAFAEL BERNARDO LÓPEZ ALIAGA CAZORLA,35,RENOVACIÓN POPULAR,5.884,4.579,19984,090000,2026-05-08T00:00:09.854994+00:00,436464,339606,81655
3680,99.702,3691,107094,2026-05-07T19:00:10.619934+00:00,1883,42038,4.704,KEIKO SOFIA FUJIMORI HIGUCHI,17.07,108266,16002918,ROBERTO HELBERT SANCHEZ PALOMINO,10,JUNTOS POR EL PERÚ,12.291,9.951,77957,07845838,RAFAEL BERNARDO LÓPEZ ALIAGA CAZORLA,35,RENOVACIÓN POPULAR,7.587,6.142,48119,110000,2026-05-08T00:00:10.037724+00:00,783396,634264,29838
5301,99.981,5302,159324,2026-05-07T19:00:10.870568+00:00,1884,73916,1.261,KEIKO SOFIA FUJIMORI HIGUCHI,20.249,188952,16002918,ROBERTO HELBERT SANCHEZ PALOMINO,10,JUNTOS POR EL PERÚ,9.46,7.568,88275,07845838,RAFAEL BERNARDO LÓPEZ ALIAGA CAZORLA,35,RENOVACIÓN POPULAR,8.199,6.56,76509,120000,2026-05-08T00:00:10.300669+00:00,1166376,933136,11766
28785,98.42,29247,546969,2026-05-07T19:00:11.301467+00:00,1885,254640,-16.645,RAFAEL BERNARDO LÓPEZ ALIAGA CAZORLA,19.919,1194508,16002918,ROBERTO HELBERT SANCHEZ PALOMINO,10,JUNTOS POR EL PERÚ,3.274,2.888,196308,07845838,RAFAEL BERNARDO LÓPEZ ALIAGA CAZORLA,35,RENOVACIÓN POPULAR,19.919,17.57,1194508,140000,2026-05-08T00:00:10.725146+00:00,6798401,5996792,-998200
2526,93.66,2697,80206,2026-05-07T19:00:11.56353+00:00,1886,25106,3.473,KEIKO SOFIA FUJIMORI HIGUCHI,28.124,89921,16002918,ROBERTO HELBERT SANCHEZ PALOMINO,10,JUNTOS POR EL PERÚ,10.143,7.63,32429,07845838,RAFAEL BERNARDO LÓPEZ ALIAGA CAZORLA,35,RENOVACIÓN POPULAR,6.67,5.017,21325,150000,2026-05-08T00:00:11.009546+00:00,425044,319732,11104
3395,99.941,3397,77844,2026-05-07T19:00:12.427542+00:00,1887,40696,23.046,ROBERTO HELBERT SANCHEZ PALOMINO,24.958,162394,16002918,ROBERTO HELBERT SANCHEZ PALOMINO,10,JUNTOS POR EL PERÚ,24.958,21.112,162394,07845838,RAFAEL BERNARDO LÓPEZ ALIAGA CAZORLA,35,RENOVACIÓN POPULAR,1.912,1.617,12438,200000,2026-05-08T00:00:11.870013+00:00,769199,650659,149956
2861,98.723,2898,61683,2026-05-07T19:00:13.358641+00:00,1888,29432,-12.049,KEIKO SOFIA FUJIMORI HIGUCHI,20.663,118071,16002918,ROBERTO HELBERT SANCHEZ PALOMINO,10,JUNTOS POR EL PERÚ,3.001,2.588,17147,07845838,RAFAEL BERNARDO LÓPEZ ALIAGA CAZORLA,35,RENOVACIÓN POPULAR,15.05,12.98,86000,240000,2026-05-08T00:00:12.960023+00:00,662537,571422,-68853
91536,98.674,92766,2339717,2026-05-07T20:00:06.350462+00:00,1889,1014803,0.143,KEIKO SOFIA FUJIMORI HIGUCHI,17.146,2837334,16002918,ROBERTO HELBERT SANCHEZ PALOMINO,10,JUNTOS POR EL PERÚ,12.042,10.012,1992767,07845838,RAFAEL BERNARDO LÓPEZ ALIAGA CAZORLA,35,RENOVACIÓN POPULAR,11.899,9.894,1969159,TOTAL,2026-05-08T01:00:06.07436+00:00,19903020,16548500,23608
89050,98.7,90223,2266553,2026-05-07T20:00:06.760212+00:00,1890,991839,0.563,KEIKO SOFIA FUJIMORI HIGUCHI,17.149,2786059,16002918,ROBERTO HELBERT SANCHEZ PALOMINO,10,JUNTOS POR EL PERÚ,12.218,10.177,1984923,07845838,RAFAEL BERNARDO LÓPEZ ALIAGA CAZORLA,35,RENOVACIÓN POPULAR,11.655,9.708,1893547,PERU,2026-05-08T01:00:06.177257+00:00,19504507,16246115,91376
1276,99.844,1278,36243,2026-05-07T20:00:07.053168+00:00,1891,15211,32.514,ROBERTO HELBERT SANCHEZ PALOMINO,36.207,59134,16002918,ROBERTO HELBERT SANCHEZ PALOMINO,10,JUNTOS POR EL PERÚ,36.207,27.533,59134,07845838,RAFAEL BERNARDO LÓPEZ ALIAGA CAZORLA,35,RENOVACIÓN POPULAR,3.693,2.809,6032,010000,2026-05-08T01:00:06.468551+00:00,214774,163320,53102
1269,99.686,1273,32774,2026-05-07T20:00:08.688255+00:00,1892,11895,41.078,ROBERTO HELBERT SANCHEZ PALOMINO,43.432,75013,16002918,ROBERTO HELBERT SANCHEZ PALOMINO,10,JUNTOS POR EL PERÚ,43.432,34.508,75013,07845838,RAFAEL BERNARDO LÓPEZ ALIAGA CAZORLA,35,RENOVACIÓN POPULAR,2.354,1.87,4066,080000,2026-05-08T01:00:08.128158+00:00,217381,172712,70947
2334,99.701,2341,73033,2026-05-07T20:00:08.932341+00:00,1893,24542,24.01,ROBERTO HELBERT SANCHEZ PALOMINO,29.894,102167,16002918,ROBERTO HELBERT SANCHEZ PALOMINO,10,JUNTOS POR EL PERÚ,29.894,23.254,102167,07845838,RAFAEL BERNARDO LÓPEZ ALIAGA CAZORLA,35,RENOVACIÓN POPULAR,5.884,4.577,20109,090000,2026-05-08T01:00:08.28218+00:00,439344,341769,82058
28787,98.427,29247,546986,2026-05-07T20:00:09.696296+00:00,1894,254670,-16.645,RAFAEL BERNARDO LÓPEZ ALIAGA CAZORLA,19.919,1194580,16002918,ROBERTO HELBERT SANCHEZ PALOMINO,10,JUNTOS POR EL PERÚ,3.274,2.888,196319,07845838,RAFAEL BERNARDO LÓPEZ ALIAGA CAZORLA,35,RENOVACIÓN POPULAR,19.919,17.57,1194580,140000,2026-05-08T01:00:09.202998+00:00,6798842,5997186,-998261
5185,98.182,5281,179759,2026-05-07T20:00:10.600959+00:00,1895,82125,4.644,KEIKO SOFIA FUJIMORI HIGUCHI,27.999,242362,16002918,ROBERTO HELBERT SANCHEZ PALOMINO,10,JUNTOS POR EL PERÚ,11.356,8.718,98299,07845838,RAFAEL BERNARDO LÓPEZ ALIAGA CAZORLA,35,RENOVACIÓN POPULAR,6.712,5.153,58101,190000,2026-05-08T01:00:09.980028+00:00,1127486,865602,40198
3396,99.971,3397,77864,2026-05-07T20:00:10.838137+00:00,1896,40713,23.05,ROBERTO HELBERT SANCHEZ PALOMINO,24.962,162455,16002918,ROBERTO HELBERT SANCHEZ PALOMINO,10,JUNTOS POR EL PERÚ,24.962,21.115,162455,07845838,RAFAEL BERNARDO LÓPEZ ALIAGA CAZORLA,35,RENOVACIÓN POPULAR,1.912,1.617,12441,200000,2026-05-08T01:00:10.222402+00:00,769390,650813,150014
2871,99.068,2898,61958,2026-05-07T20:00:11.337953+00:00,1897,29553,-12.017,KEIKO SOFIA FUJIMORI HIGUCHI,20.665,118487,16002918,ROBERTO HELBERT SANCHEZ PALOMINO,10,JUNTOS POR EL PERÚ,3.011,2.597,17266,07845838,RAFAEL BERNARDO LÓPEZ ALIAGA CAZORLA,35,RENOVACIÓN POPULAR,15.028,12.959,86162,240000,2026-05-08T01:00:10.946765+00:00,664872,573361,-68896
89050,98.7,90223,2267286,2026-05-07T21:00:06.966668+00:00,1898,992145,0.561,KEIKO SOFIA FUJIMORI HIGUCHI,17.149,2786901,16002918,ROBERTO HELBERT SANCHEZ PALOMINO,10,JUNTOS POR EL PERÚ,12.217,10.176,1985432,07845838,RAFAEL BERNARDO LÓPEZ ALIAGA CAZORLA,35,RENOVACIÓN POPULAR,11.656,9.708,1894139,PERU,2026-05-08T02:00:06.100196+00:00,19510394,16250963,91293
91536,98.674,92766,2340450,2026-05-07T21:00:07.618623+00:00,1899,1015109,0.143,KEIKO SOFIA FUJIMORI HIGUCHI,17.146,2838176,16002918,ROBERTO HELBERT SANCHEZ PALOMINO,10,JUNTOS POR EL PERÚ,12.042,10.012,1993276,07845838,RAFAEL BERNARDO LÓPEZ ALIAGA CAZORLA,35,RENOVACIÓN POPULAR,11.899,9.894,1969751,TOTAL,2026-05-08T02:00:07.133482+00:00,19908907,16553348,23525
1887,99.316,1900,52594,2026-05-07T21:00:08.533063+00:00,1900,18832,28.6,ROBERTO HELBERT SANCHEZ PALOMINO,31.334,88549,16002918,ROBERTO HELBERT SANCHEZ PALOMINO,10,JUNTOS POR EL PERÚ,31.334,25.012,88549,07845838,RAFAEL BERNARDO LÓPEZ ALIAGA CAZORLA,35,RENOVACIÓN POPULAR,2.734,2.182,7726,050000,2026-05-08T02:00:07.912657+00:00,354026,282600,80823
2334,99.701,2341,73197,2026-05-07T21:00:09.330948+00:00,1901,24563,23.985,ROBERTO HELBERT SANCHEZ PALOMINO,29.869,102284,16002918,ROBERTO HELBERT SANCHEZ PALOMINO,10,JUNTOS POR EL PERÚ,29.869,23.236,102284,07845838,RAFAEL BERNARDO LÓPEZ ALIAGA CAZORLA,35,RENOVACIÓN POPULAR,5.884,4.577,20150,090000,2026-05-08T02:00:08.696526+00:00,440199,342439,82134
91563,98.703,92766,2340450,2026-05-07T21:15:04.774412+00:00,1902,1015109,0.143,KEIKO SOFIA FUJIMORI HIGUCHI,17.146,2838176,16002918,ROBERTO HELBERT SANCHEZ PALOMINO,10,JUNTOS POR EL PERÚ,12.042,10.012,1993276,07845838,RAFAEL BERNARDO LÓPEZ ALIAGA CAZORLA,35,RENOVACIÓN POPULAR,11.899,9.894,1969751,TOTAL,2026-05-08T02:15:03.856089+00:00,19908907,16553348,23525
89077,98.73,90223,2267286,2026-05-07T21:15:05.026193+00:00,1903,992145,0.561,KEIKO SOFIA FUJIMORI HIGUCHI,17.149,2786901,16002918,ROBERTO HELBERT SANCHEZ PALOMINO,10,JUNTOS POR EL PERÚ,12.217,10.176,1985432,07845838,RAFAEL BERNARDO LÓPEZ ALIAGA CAZORLA,35,RENOVACIÓN POPULAR,11.656,9.708,1894139,PERU,2026-05-08T02:15:03.900706+00:00,19510394,16250963,91293
1889,99.421,1900,52594,2026-05-07T21:15:06.028885+00:00,1904,18832,28.6,ROBERTO HELBERT SANCHEZ PALOMINO,31.334,88549,16002918,ROBERTO HELBERT SANCHEZ PALOMINO,10,JUNTOS POR EL PERÚ,31.334,25.012,88549,07845838,RAFAEL BERNARDO LÓPEZ ALIAGA CAZORLA,35,RENOVACIÓN POPULAR,2.734,2.182,7726,050000,2026-05-08T02:15:05.629053+00:00,354026,282600,80823
2338,99.872,2341,73197,2026-05-07T21:15:06.680283+00:00,1905,24563,23.985,ROBERTO HELBERT SANCHEZ PALOMINO,29.869,102284,16002918,ROBERTO HELBERT SANCHEZ PALOMINO,10,JUNTOS POR EL PERÚ,29.869,23.236,102284,07845838,RAFAEL BERNARDO LÓPEZ ALIAGA CAZORLA,35,RENOVACIÓN POPULAR,5.884,4.577,20150,090000,2026-05-08T02:15:06.3342+00:00,440199,342439,82134
5302,100.0,5302,159363,2026-05-07T21:15:07.184257+00:00,1906,73916,1.261,KEIKO SOFIA FUJIMORI HIGUCHI,20.25,188993,16002918,ROBERTO HELBERT SANCHEZ PALOMINO,10,JUNTOS POR EL PERÚ,9.46,7.568,88291,07845838,RAFAEL BERNARDO LÓPEZ ALIAGA CAZORLA,35,RENOVACIÓN POPULAR,8.199,6.559,76520,120000,2026-05-08T02:15:06.811662+00:00,1166594,933315,11771
28806,98.492,29247,547390,2026-05-07T21:15:07.633463+00:00,1907,254914,-16.641,RAFAEL BERNARDO LÓPEZ ALIAGA CAZORLA,19.916,1195112,16002918,ROBERTO HELBERT SANCHEZ PALOMINO,10,JUNTOS POR EL PERÚ,3.275,2.889,196506,07845838,RAFAEL BERNARDO LÓPEZ ALIAGA CAZORLA,35,RENOVACIÓN POPULAR,19.916,17.567,1195112,140000,2026-05-08T02:15:07.290301+00:00,6802973,6000669,-998606
5186,98.201,5281,179810,2026-05-07T21:15:08.464108+00:00,1908,82144,4.645,KEIKO SOFIA FUJIMORI HIGUCHI,27.997,242398,16002918,ROBERTO HELBERT SANCHEZ PALOMINO,10,JUNTOS POR EL PERÚ,11.356,8.718,98321,07845838,RAFAEL BERNARDO LÓPEZ ALIAGA CAZORLA,35,RENOVACIÓN POPULAR,6.711,5.152,58106,190000,2026-05-08T02:15:08.122355+00:00,1127740,865786,40215
91563,98.703,92766,2340910,2026-05-07T22:00:07.278499+00:00,1909,1015331,0.142,KEIKO SOFIA FUJIMORI HIGUCHI,17.146,2838706,16002918,ROBERTO HELBERT SANCHEZ PALOMINO,10,JUNTOS POR EL PERÚ,12.042,10.012,1993696,07845838,RAFAEL BERNARDO LÓPEZ ALIAGA CAZORLA,35,RENOVACIÓN POPULAR,11.9,9.894,1970196,TOTAL,2026-05-08T03:00:06.545371+00:00,19912738,16556497,23500
89077,98.73,90223,2267746,2026-05-07T22:00:07.71702+00:00,1910,992367,0.562,KEIKO SOFIA FUJIMORI HIGUCHI,17.149,2787431,16002918,ROBERTO HELBERT SANCHEZ PALOMINO,10,JUNTOS POR EL PERÚ,12.218,10.176,1985852,07845838,RAFAEL BERNARDO LÓPEZ ALIAGA CAZORLA,35,RENOVACIÓN POPULAR,11.656,9.709,1894584,PERU,2026-05-08T03:00:06.607655+00:00,19514225,16254112,91268
91579,98.72,92766,2340910,2026-05-07T22:15:04.309123+00:00,1911,1015331,0.142,KEIKO SOFIA FUJIMORI HIGUCHI,17.146,2838706,16002918,ROBERTO HELBERT SANCHEZ PALOMINO,10,JUNTOS POR EL PERÚ,12.042,10.012,1993696,07845838,RAFAEL BERNARDO LÓPEZ ALIAGA CAZORLA,35,RENOVACIÓN POPULAR,11.9,9.894,1970196,TOTAL,2026-05-08T03:15:03.308008+00:00,19912738,16556497,23500
89093,98.748,90223,2267746,2026-05-07T22:15:04.648977+00:00,1912,992367,0.562,KEIKO SOFIA FUJIMORI HIGUCHI,17.149,2787431,16002918,ROBERTO HELBERT SANCHEZ PALOMINO,10,JUNTOS POR EL PERÚ,12.218,10.176,1985852,07845838,RAFAEL BERNARDO LÓPEZ ALIAGA CAZORLA,35,RENOVACIÓN POPULAR,11.656,9.709,1894584,PERU,2026-05-08T03:15:03.349447+00:00,19514225,16254112,91268
1304,99.013,1317,39386,2026-05-07T22:15:05.367075+00:00,1913,14402,37.836,ROBERTO HELBERT SANCHEZ PALOMINO,40.992,81618,16002918,ROBERTO HELBERT SANCHEZ PALOMINO,10,JUNTOS POR EL PERÚ,40.992,32.273,81618,07845838,RAFAEL BERNARDO LÓPEZ ALIAGA CAZORLA,35,RENOVACIÓN POPULAR,3.156,2.484,6283,030000,2026-05-08T03:15:05.013296+00:00,252897,199109,75335
28816,98.526,29247,547638,2026-05-07T22:15:07.065352+00:00,1914,255087,-16.642,RAFAEL BERNARDO LÓPEZ ALIAGA CAZORLA,19.916,1195518,16002918,ROBERTO HELBERT SANCHEZ PALOMINO,10,JUNTOS POR EL PERÚ,3.274,2.888,196552,07845838,RAFAEL BERNARDO LÓPEZ ALIAGA CAZORLA,35,RENOVACIÓN POPULAR,19.916,17.567,1195518,140000,2026-05-08T03:15:06.681466+00:00,6805472,6002747,-998966
2481,97.908,2534,102422,2026-05-07T22:15:08.318388+00:00,1915,37973,17.874,ROBERTO HELBERT SANCHEZ PALOMINO,23.758,90841,16002918,ROBERTO HELBERT SANCHEZ PALOMINO,10,JUNTOS POR EL PERÚ,23.758,17.377,90841,07845838,RAFAEL BERNARDO LÓPEZ ALIAGA CAZORLA,35,RENOVACIÓN POPULAR,5.884,4.304,22498,210000,2026-05-08T03:15:07.887331+00:00,522751,382356,68343
89093,98.748,90223,2268299,2026-05-07T23:15:03.868996+00:00,1916,992755,0.559,KEIKO SOFIA FUJIMORI HIGUCHI,17.15,2788253,16002918,ROBERTO HELBERT SANCHEZ PALOMINO,10,JUNTOS POR EL PERÚ,12.216,10.175,1986114,07845838,RAFAEL BERNARDO LÓPEZ ALIAGA CAZORLA,35,RENOVACIÓN POPULAR,11.657,9.709,1895217,PERU,2026-05-08T04:15:03.205+00:00,19519487,16258433,90897
2482,97.948,2534,102422,2026-05-07T23:15:07.295313+00:00,1917,37973,17.874,ROBERTO HELBERT SANCHEZ PALOMINO,23.758,90841,16002918,ROBERTO HELBERT SANCHEZ PALOMINO,10,JUNTOS POR EL PERÚ,23.758,17.377,90841,07845838,RAFAEL BERNARDO LÓPEZ ALIAGA CAZORLA,35,RENOVACIÓN POPULAR,5.884,4.304,22498,210000,2026-05-08T04:15:06.911928+00:00,522751,382356,68343
91601,98.744,92766,2341463,2026-05-07T23:30:06.169697+00:00,1918,1015719,0.139,KEIKO SOFIA FUJIMORI HIGUCHI,17.146,2839528,16002918,ROBERTO HELBERT SANCHEZ PALOMINO,10,JUNTOS POR EL PERÚ,12.04,10.011,1993958,07845838,RAFAEL BERNARDO LÓPEZ ALIAGA CAZORLA,35,RENOVACIÓN POPULAR,11.901,9.895,1970829,TOTAL,2026-05-08T04:30:05.252817+00:00,19918000,16560818,23129
89115,98.772,90223,2268299,2026-05-07T23:30:06.528597+00:00,1919,992755,0.559,KEIKO SOFIA FUJIMORI HIGUCHI,17.15,2788253,16002918,ROBERTO HELBERT SANCHEZ PALOMINO,10,JUNTOS POR EL PERÚ,12.216,10.175,1986114,07845838,RAFAEL BERNARDO LÓPEZ ALIAGA CAZORLA,35,RENOVACIÓN POPULAR,11.657,9.709,1895217,PERU,2026-05-08T04:30:05.295376+00:00,19519487,16258433,90897
2384,97.585,2443,69667,2026-05-07T23:30:08.431988+00:00,1920,28473,-1.672,KEIKO SOFIA FUJIMORI HIGUCHI,20.326,95743,16002918,ROBERTO HELBERT SANCHEZ PALOMINO,10,JUNTOS POR EL PERÚ,7.72,6.389,36362,07845838,RAFAEL BERNARDO LÓPEZ ALIAGA CAZORLA,35,RENOVACIÓN POPULAR,9.392,7.773,44240,100000,2026-05-08T04:30:08.010556+00:00,569172,471032,-7878
28829,98.571,29247,547940,2026-05-07T23:30:09.123774+00:00,1921,255271,-16.641,RAFAEL BERNARDO LÓPEZ ALIAGA CAZORLA,19.915,1196025,16002918,ROBERTO HELBERT SANCHEZ PALOMINO,10,JUNTOS POR EL PERÚ,3.274,2.888,196628,07845838,RAFAEL BERNARDO LÓPEZ ALIAGA CAZORLA,35,RENOVACIÓN POPULAR,19.915,17.566,1196025,140000,2026-05-08T04:30:08.749838+00:00,6808719,6005508,-999397
576,99.654,578,11944,2026-05-07T23:30:09.747926+00:00,1922,5241,7.098,ROBERTO HELBERT SANCHEZ PALOMINO,12.885,14647,16002918,ROBERTO HELBERT SANCHEZ PALOMINO,10,JUNTOS POR EL PERÚ,12.885,11.193,14647,07845838,RAFAEL BERNARDO LÓPEZ ALIAGA CAZORLA,35,RENOVACIÓN POPULAR,5.787,5.027,6578,170000,2026-05-08T04:30:09.364894+00:00,130857,113672,8069
2482,97.948,2534,102463,2026-05-07T23:30:10.43439+00:00,1923,37984,17.88,ROBERTO HELBERT SANCHEZ PALOMINO,23.762,90894,16002918,ROBERTO HELBERT SANCHEZ PALOMINO,10,JUNTOS POR EL PERÚ,23.762,17.381,90894,07845838,RAFAEL BERNARDO LÓPEZ ALIAGA CAZORLA,35,RENOVACIÓN POPULAR,5.882,4.302,22498,210000,2026-05-08T04:30:10.016655+00:00,522963,382516,68396
2872,99.103,2898,62000,2026-05-07T23:30:11.008477+00:00,1924,29561,-12.014,KEIKO SOFIA FUJIMORI HIGUCHI,20.666,118529,16002918,ROBERTO HELBERT SANCHEZ PALOMINO,10,JUNTOS POR EL PERÚ,3.013,2.598,17279,07845838,RAFAEL BERNARDO LÓPEZ ALIAGA CAZORLA,35,RENOVACIÓN POPULAR,15.027,12.959,86188,240000,2026-05-08T04:30:10.640242+00:00,665107,573546,-68909
91617,98.761,92766,2341900,2026-05-08T00:30:06.670529+00:00,1925,1015944,0.138,KEIKO SOFIA FUJIMORI HIGUCHI,17.147,2840180,16002918,ROBERTO HELBERT SANCHEZ PALOMINO,10,JUNTOS POR EL PERÚ,12.039,10.01,1994099,07845838,RAFAEL BERNARDO LÓPEZ ALIAGA CAZORLA,35,RENOVACIÓN POPULAR,11.901,9.895,1971231,TOTAL,2026-05-08T05:30:06.325928+00:00,19921804,16563960,22868
89131,98.79,90223,2268736,2026-05-08T00:30:06.952184+00:00,1926,992980,0.557,KEIKO SOFIA FUJIMORI HIGUCHI,17.15,2788905,16002918,ROBERTO HELBERT SANCHEZ PALOMINO,10,JUNTOS POR EL PERÚ,12.214,10.174,1986255,07845838,RAFAEL BERNARDO LÓPEZ ALIAGA CAZORLA,35,RENOVACIÓN POPULAR,11.657,9.71,1895619,PERU,2026-05-08T05:30:06.367676+00:00,19523291,16261575,90636
2390,97.831,2443,69869,2026-05-08T00:30:08.454929+00:00,1927,28582,-1.674,KEIKO SOFIA FUJIMORI HIGUCHI,20.334,96000,16002918,ROBERTO HELBERT SANCHEZ PALOMINO,10,JUNTOS POR EL PERÚ,7.716,6.385,36430,07845838,RAFAEL BERNARDO LÓPEZ ALIAGA CAZORLA,35,RENOVACIÓN POPULAR,9.39,7.77,44330,100000,2026-05-08T05:30:08.078472+00:00,570560,472109,-7900
28839,98.605,29247,548175,2026-05-08T00:30:09.131152+00:00,1928,255387,-16.64,RAFAEL BERNARDO LÓPEZ ALIAGA CAZORLA,19.914,1196337,16002918,ROBERTO HELBERT SANCHEZ PALOMINO,10,JUNTOS POR EL PERÚ,3.274,2.888,196701,07845838,RAFAEL BERNARDO LÓPEZ ALIAGA CAZORLA,35,RENOVACIÓN POPULAR,19.914,17.564,1196337,140000,2026-05-08T05:30:08.630031+00:00,6811135,6007573,-999636
89131,98.79,90223,2268773,2026-05-08T01:30:05.772159+00:00,1929,992999,0.557,KEIKO SOFIA FUJIMORI HIGUCHI,17.15,2788959,16002918,ROBERTO HELBERT SANCHEZ PALOMINO,10,JUNTOS POR EL PERÚ,12.214,10.174,1986269,07845838,RAFAEL BERNARDO LÓPEZ ALIAGA CAZORLA,35,RENOVACIÓN POPULAR,11.657,9.709,1895628,PERU,2026-05-08T06:30:04.874137+00:00,19523526,16261754,90641
91617,98.761,92766,2342021,2026-05-08T01:30:06.058158+00:00,1930,1015991,0.137,KEIKO SOFIA FUJIMORI HIGUCHI,17.147,2840294,16002918,ROBERTO HELBERT SANCHEZ PALOMINO,10,JUNTOS POR EL PERÚ,12.038,10.009,1994117,07845838,RAFAEL BERNARDO LÓPEZ ALIAGA CAZORLA,35,RENOVACIÓN POPULAR,11.901,9.895,1971347,TOTAL,2026-05-08T06:30:04.875578+00:00,19922581,16564569,22770
2486,97.759,2543,73248,2026-05-08T01:30:06.284288+00:00,1931,22992,-22.413,RAFAEL BERNARDO LÓPEZ ALIAGA CAZORLA,25.005,75719,16002918,ROBERTO HELBERT SANCHEZ PALOMINO,10,JUNTOS POR EL PERÚ,2.592,1.967,7848,07845838,RAFAEL BERNARDO LÓPEZ ALIAGA CAZORLA,35,RENOVACIÓN POPULAR,25.005,18.975,75719,EXTRANJERO,2026-05-08T06:30:05.893533+00:00,399055,302815,-67871
3465,99.798,3472,104219,2026-05-08T01:30:06.696734+00:00,1932,49696,8.941,KEIKO SOFIA FUJIMORI HIGUCHI,18.002,97645,16002918,ROBERTO HELBERT SANCHEZ PALOMINO,10,JUNTOS POR EL PERÚ,14.981,11.67,81260,07845838,RAFAEL BERNARDO LÓPEZ ALIAGA CAZORLA,35,RENOVACIÓN POPULAR,6.04,4.705,32763,020000,2026-05-08T06:30:06.394657+00:00,696336,542421,48497
91622,98.767,92766,2342021,2026-05-08T01:45:03.85718+00:00,1933,1015991,0.137,KEIKO SOFIA FUJIMORI HIGUCHI,17.147,2840294,16002918,ROBERTO HELBERT SANCHEZ PALOMINO,10,JUNTOS POR EL PERÚ,12.038,10.009,1994117,07845838,RAFAEL BERNARDO LÓPEZ ALIAGA CAZORLA,35,RENOVACIÓN POPULAR,11.901,9.895,1971347,TOTAL,2026-05-08T06:45:03.435418+00:00,19922581,16564569,22770
89132,98.791,90223,2268773,2026-05-08T01:45:04.154221+00:00,1934,992999,0.557,KEIKO SOFIA FUJIMORI HIGUCHI,17.15,2788959,16002918,ROBERTO HELBERT SANCHEZ PALOMINO,10,JUNTOS POR EL PERÚ,12.214,10.174,1986269,07845838,RAFAEL BERNARDO LÓPEZ ALIAGA CAZORLA,35,RENOVACIÓN POPULAR,11.657,9.709,1895628,PERU,2026-05-08T06:45:03.436903+00:00,19523526,16261754,90641
2490,97.916,2543,73248,2026-05-08T01:45:04.384433+00:00,1935,22992,-22.413,RAFAEL BERNARDO LÓPEZ ALIAGA CAZORLA,25.005,75719,16002918,ROBERTO HELBERT SANCHEZ PALOMINO,10,JUNTOS POR EL PERÚ,2.592,1.967,7848,07845838,RAFAEL BERNARDO LÓPEZ ALIAGA CAZORLA,35,RENOVACIÓN POPULAR,25.005,18.975,75719,EXTRANJERO,2026-05-08T06:45:03.942245+00:00,399055,302815,-67871
3466,99.827,3472,104219,2026-05-08T01:45:04.756059+00:00,1936,49696,8.941,KEIKO SOFIA FUJIMORI HIGUCHI,18.002,97645,16002918,ROBERTO HELBERT SANCHEZ PALOMINO,10,JUNTOS POR EL PERÚ,14.981,11.67,81260,07845838,RAFAEL BERNARDO LÓPEZ ALIAGA CAZORLA,35,RENOVACIÓN POPULAR,6.04,4.705,32763,020000,2026-05-08T06:45:04.238718+00:00,696336,542421,48497
91667,98.815,92766,2343328,2026-05-08T02:45:04.664875+00:00,1937,1017004,0.131,KEIKO SOFIA FUJIMORI HIGUCHI,17.148,2841583,16002918,ROBERTO HELBERT SANCHEZ PALOMINO,10,JUNTOS POR EL PERÚ,12.035,10.006,1994288,07845838,RAFAEL BERNARDO LÓPEZ ALIAGA CAZORLA,35,RENOVACIÓN POPULAR,11.904,9.897,1972496,TOTAL,2026-05-08T07:45:04.038654+00:00,19930827,16570495,21792
89145,98.805,90223,2268947,2026-05-08T02:45:04.967645+00:00,1938,993362,0.555,KEIKO SOFIA FUJIMORI HIGUCHI,17.151,2789451,16002918,ROBERTO HELBERT SANCHEZ PALOMINO,10,JUNTOS POR EL PERÚ,12.213,10.173,1986321,07845838,RAFAEL BERNARDO LÓPEZ ALIAGA CAZORLA,35,RENOVACIÓN POPULAR,11.658,9.71,1896000,PERU,2026-05-08T07:45:04.040136+00:00,19526337,16264028,90321
28851,98.646,29247,548175,2026-05-08T02:45:07.375649+00:00,1939,255387,-16.64,RAFAEL BERNARDO LÓPEZ ALIAGA CAZORLA,19.914,1196337,16002918,ROBERTO HELBERT SANCHEZ PALOMINO,10,JUNTOS POR EL PERÚ,3.274,2.888,196701,07845838,RAFAEL BERNARDO LÓPEZ ALIAGA CAZORLA,35,RENOVACIÓN POPULAR,19.914,17.564,1196337,140000,2026-05-08T07:45:06.944338+00:00,6811135,6007573,-999636
2527,93.697,2697,80206,2026-05-08T02:45:07.601992+00:00,1940,25106,3.473,KEIKO SOFIA FUJIMORI HIGUCHI,28.124,89921,16002918,ROBERTO HELBERT SANCHEZ PALOMINO,10,JUNTOS POR EL PERÚ,10.143,7.63,32429,07845838,RAFAEL BERNARDO LÓPEZ ALIAGA CAZORLA,35,RENOVACIÓN POPULAR,6.67,5.017,21325,150000,2026-05-08T07:45:07.082268+00:00,425044,319732,11104
2522,99.174,2543,74381,2026-05-08T03:00:07.402368+00:00,1941,23642,-22.361,RAFAEL BERNARDO LÓPEZ ALIAGA CAZORLA,24.961,76496,16002918,ROBERTO HELBERT SANCHEZ PALOMINO,10,JUNTOS POR EL PERÚ,2.6,1.97,7967,07845838,RAFAEL BERNARDO LÓPEZ ALIAGA CAZORLA,35,RENOVACIÓN POPULAR,24.961,18.912,76496,EXTRANJERO,2026-05-08T08:00:07.005157+00:00,404490,306467,-68529
28851,98.646,29247,548328,2026-05-08T03:00:09.56859+00:00,1942,255739,-16.639,RAFAEL BERNARDO LÓPEZ ALIAGA CAZORLA,19.913,1196698,16002918,ROBERTO HELBERT SANCHEZ PALOMINO,10,JUNTOS POR EL PERÚ,3.274,2.888,196750,07845838,RAFAEL BERNARDO LÓPEZ ALIAGA CAZORLA,35,RENOVACIÓN POPULAR,19.913,17.563,1196698,140000,2026-05-08T08:00:09.17535+00:00,6813806,6009739,-999948
2527,93.697,2697,80227,2026-05-08T03:00:09.927796+00:00,1943,25117,3.469,KEIKO SOFIA FUJIMORI HIGUCHI,28.126,89957,16002918,ROBERTO HELBERT SANCHEZ PALOMINO,10,JUNTOS POR EL PERÚ,10.14,7.628,32432,07845838,RAFAEL BERNARDO LÓPEZ ALIAGA CAZORLA,35,RENOVACIÓN POPULAR,6.671,5.018,21336,150000,2026-05-08T08:00:09.310048+00:00,425184,319840,11096
89185,98.85,90223,2270047,2026-05-08T03:45:04.638233+00:00,1944,994106,0.554,KEIKO SOFIA FUJIMORI HIGUCHI,17.155,2791083,16002918,ROBERTO HELBERT SANCHEZ PALOMINO,10,JUNTOS POR EL PERÚ,12.21,10.17,1986538,07845838,RAFAEL BERNARDO LÓPEZ ALIAGA CAZORLA,35,RENOVACIÓN POPULAR,11.656,9.708,1896447,PERU,2026-05-08T08:45:03.455415+00:00,19533943,16269790,90091
91707,98.858,92766,2344428,2026-05-08T03:45:04.974421+00:00,1945,1017748,0.13,KEIKO SOFIA FUJIMORI HIGUCHI,17.152,2843215,16002918,ROBERTO HELBERT SANCHEZ PALOMINO,10,JUNTOS POR EL PERÚ,12.032,10.003,1994505,07845838,RAFAEL BERNARDO LÓPEZ ALIAGA CAZORLA,35,RENOVACIÓN POPULAR,11.902,9.895,1972943,TOTAL,2026-05-08T08:45:03.45691+00:00,19938433,16576257,21562
28851,98.646,29247,548392,2026-05-08T03:45:07.405072+00:00,1946,255789,-16.638,RAFAEL BERNARDO LÓPEZ ALIAGA CAZORLA,19.912,1196802,16002918,ROBERTO HELBERT SANCHEZ PALOMINO,10,JUNTOS POR EL PERÚ,3.274,2.888,196773,07845838,RAFAEL BERNARDO LÓPEZ ALIAGA CAZORLA,35,RENOVACIÓN POPULAR,19.912,17.562,1196802,140000,2026-05-08T08:45:06.945995+00:00,6814604,6010423,-1000029
2563,95.032,2697,81263,2026-05-08T03:45:07.657171+00:00,1947,25811,3.369,KEIKO SOFIA FUJIMORI HIGUCHI,28.144,91446,16002918,ROBERTO HELBERT SANCHEZ PALOMINO,10,JUNTOS POR EL PERÚ,10.041,7.552,32626,07845838,RAFAEL BERNARDO LÓPEZ ALIAGA CAZORLA,35,RENOVACIÓN POPULAR,6.672,5.018,21679,150000,2026-05-08T08:45:07.131752+00:00,431992,324918,10947
28855,98.66,29247,548392,2026-05-08T04:00:09.524809+00:00,1948,255789,-16.638,RAFAEL BERNARDO LÓPEZ ALIAGA CAZORLA,19.912,1196802,16002918,ROBERTO HELBERT SANCHEZ PALOMINO,10,JUNTOS POR EL PERÚ,3.274,2.888,196773,07845838,RAFAEL BERNARDO LÓPEZ ALIAGA CAZORLA,35,RENOVACIÓN POPULAR,19.912,17.562,1196802,140000,2026-05-08T09:00:09.121167+00:00,6814604,6010423,-1000029
91763,98.919,92766,2346130,2026-05-08T07:30:06.066701+00:00,1949,1018436,0.129,KEIKO SOFIA FUJIMORI HIGUCHI,17.158,2845372,16002918,ROBERTO HELBERT SANCHEZ PALOMINO,10,JUNTOS POR EL PERÚ,12.029,10.0,1994847,07845838,RAFAEL BERNARDO LÓPEZ ALIAGA CAZORLA,35,RENOVACIÓN POPULAR,11.9,9.893,1973456,TOTAL,2026-05-08T12:30:05.346029+00:00,19948300,16583734,21391
89241,98.912,90223,2271749,2026-05-08T07:30:06.391235+00:00,1950,994794,0.552,KEIKO SOFIA FUJIMORI HIGUCHI,17.16,2793240,16002918,ROBERTO HELBERT SANCHEZ PALOMINO,10,JUNTOS POR EL PERÚ,12.206,10.166,1986880,07845838,RAFAEL BERNARDO LÓPEZ ALIAGA CAZORLA,35,RENOVACIÓN POPULAR,11.654,9.706,1896960,PERU,2026-05-08T12:30:05.388263+00:00,19543810,16277267,89920
2619,97.108,2697,82965,2026-05-08T07:30:08.762737+00:00,1951,26499,3.242,KEIKO SOFIA FUJIMORI HIGUCHI,28.16,93603,16002918,ROBERTO HELBERT SANCHEZ PALOMINO,10,JUNTOS POR EL PERÚ,9.918,7.461,32968,07845838,RAFAEL BERNARDO LÓPEZ ALIAGA CAZORLA,35,RENOVACIÓN POPULAR,6.676,5.022,22192,150000,2026-05-08T12:30:08.421256+00:00,441859,332395,10776
89241,98.912,90223,2272542,2026-05-08T08:30:05.396973+00:00,1952,994919,0.552,KEIKO SOFIA FUJIMORI HIGUCHI,17.163,2794122,16002918,ROBERTO HELBERT SANCHEZ PALOMINO,10,JUNTOS POR EL PERÚ,12.205,10.165,1987022,07845838,RAFAEL BERNARDO LÓPEZ ALIAGA CAZORLA,35,RENOVACIÓN POPULAR,11.653,9.705,1897145,PERU,2026-05-08T13:30:04.937258+00:00,19547477,16280016,89877
91763,98.919,92766,2346923,2026-05-08T08:30:05.80003+00:00,1953,1018561,0.129,KEIKO SOFIA FUJIMORI HIGUCHI,17.16,2846254,16002918,ROBERTO HELBERT SANCHEZ PALOMINO,10,JUNTOS POR EL PERÚ,12.028,9.999,1994989,07845838,RAFAEL BERNARDO LÓPEZ ALIAGA CAZORLA,35,RENOVACIÓN POPULAR,11.899,9.892,1973641,TOTAL,2026-05-08T13:30:04.978584+00:00,19951967,16586483,21348
91785,98.943,92766,2346923,2026-05-08T08:45:04.068577+00:00,1954,1018561,0.129,KEIKO SOFIA FUJIMORI HIGUCHI,17.16,2846254,16002918,ROBERTO HELBERT SANCHEZ PALOMINO,10,JUNTOS POR EL PERÚ,12.028,9.999,1994989,07845838,RAFAEL BERNARDO LÓPEZ ALIAGA CAZORLA,35,RENOVACIÓN POPULAR,11.899,9.892,1973641,TOTAL,2026-05-08T13:45:03.150623+00:00,19951967,16586483,21348
89263,98.936,90223,2272542,2026-05-08T08:45:04.285504+00:00,1955,994919,0.552,KEIKO SOFIA FUJIMORI HIGUCHI,17.163,2794122,16002918,ROBERTO HELBERT SANCHEZ PALOMINO,10,JUNTOS POR EL PERÚ,12.205,10.165,1987022,07845838,RAFAEL BERNARDO LÓPEZ ALIAGA CAZORLA,35,RENOVACIÓN POPULAR,11.653,9.705,1897145,PERU,2026-05-08T13:45:03.191763+00:00,19547477,16280016,89877
2641,97.924,2697,83758,2026-05-08T08:45:06.671081+00:00,1956,26624,3.202,KEIKO SOFIA FUJIMORI HIGUCHI,28.192,94485,16002918,ROBERTO HELBERT SANCHEZ PALOMINO,10,JUNTOS POR EL PERÚ,9.879,7.432,33110,07845838,RAFAEL BERNARDO LÓPEZ ALIAGA CAZORLA,35,RENOVACIÓN POPULAR,6.677,5.023,22377,150000,2026-05-08T13:45:06.248836+00:00,445526,335144,10733
89263,98.936,90223,2272582,2026-05-08T09:30:05.75934+00:00,1957,994949,0.552,KEIKO SOFIA FUJIMORI HIGUCHI,17.163,2794215,16002918,ROBERTO HELBERT SANCHEZ PALOMINO,10,JUNTOS POR EL PERÚ,12.205,10.165,1987052,07845838,RAFAEL BERNARDO LÓPEZ ALIAGA CAZORLA,35,RENOVACIÓN POPULAR,11.653,9.705,1897167,PERU,2026-05-08T14:30:05.267815+00:00,19547919,16280388,89885
91785,98.943,92766,2346963,2026-05-08T09:30:06.099259+00:00,1958,1018591,0.129,KEIKO SOFIA FUJIMORI HIGUCHI,17.16,2846347,16002918,ROBERTO HELBERT SANCHEZ PALOMINO,10,JUNTOS POR EL PERÚ,12.028,9.999,1995019,07845838,RAFAEL BERNARDO LÓPEZ ALIAGA CAZORLA,35,RENOVACIÓN POPULAR,11.899,9.892,1973663,TOTAL,2026-05-08T14:30:05.269232+00:00,19952409,16586855,21356
91787,98.945,92766,2346963,2026-05-08T09:45:04.158006+00:00,1959,1018591,0.129,KEIKO SOFIA FUJIMORI HIGUCHI,17.16,2846347,16002918,ROBERTO HELBERT SANCHEZ PALOMINO,10,JUNTOS POR EL PERÚ,12.028,9.999,1995019,07845838,RAFAEL BERNARDO LÓPEZ ALIAGA CAZORLA,35,RENOVACIÓN POPULAR,11.899,9.892,1973663,TOTAL,2026-05-08T14:45:03.416276+00:00,19952409,16586855,21356
89265,98.938,90223,2272582,2026-05-08T09:45:04.453374+00:00,1960,994949,0.552,KEIKO SOFIA FUJIMORI HIGUCHI,17.163,2794215,16002918,ROBERTO HELBERT SANCHEZ PALOMINO,10,JUNTOS POR EL PERÚ,12.205,10.165,1987052,07845838,RAFAEL BERNARDO LÓPEZ ALIAGA CAZORLA,35,RENOVACIÓN POPULAR,11.653,9.705,1897167,PERU,2026-05-08T14:45:03.458241+00:00,19547919,16280388,89885
2874,99.172,2898,62040,2026-05-08T09:45:08.395384+00:00,1961,29591,-12.005,KEIKO SOFIA FUJIMORI HIGUCHI,20.669,118622,16002918,ROBERTO HELBERT SANCHEZ PALOMINO,10,JUNTOS POR EL PERÚ,3.016,2.601,17309,07845838,RAFAEL BERNARDO LÓPEZ ALIAGA CAZORLA,35,RENOVACIÓN POPULAR,15.021,12.953,86210,240000,2026-05-08T14:45:08.069204+00:00,665549,573918,-68901
89267,98.94,90223,2272630,2026-05-08T10:30:05.330103+00:00,1962,994968,0.552,KEIKO SOFIA FUJIMORI HIGUCHI,17.163,2794292,16002918,ROBERTO HELBERT SANCHEZ PALOMINO,10,JUNTOS POR EL PERÚ,12.205,10.165,1987072,07845838,RAFAEL BERNARDO LÓPEZ ALIAGA CAZORLA,35,RENOVACIÓN POPULAR,11.653,9.705,1897214,PERU,2026-05-08T15:30:05.017064+00:00,19548383,16280785,89858
91789,98.947,92766,2347011,2026-05-08T10:30:05.608626+00:00,1963,1018610,0.129,KEIKO SOFIA FUJIMORI HIGUCHI,17.16,2846424,16002918,ROBERTO HELBERT SANCHEZ PALOMINO,10,JUNTOS POR EL PERÚ,12.028,9.999,1995039,07845838,RAFAEL BERNARDO LÓPEZ ALIAGA CAZORLA,35,RENOVACIÓN POPULAR,11.899,9.892,1973710,TOTAL,2026-05-08T15:30:05.059064+00:00,19952873,16587252,21329
3467,99.856,3472,104249,2026-05-08T10:30:06.141647+00:00,1964,49708,8.936,KEIKO SOFIA FUJIMORI HIGUCHI,18.0,97669,16002918,ROBERTO HELBERT SANCHEZ PALOMINO,10,JUNTOS POR EL PERÚ,14.978,11.668,81275,07845838,RAFAEL BERNARDO LÓPEZ ALIAGA CAZORLA,35,RENOVACIÓN POPULAR,6.042,4.707,32785,020000,2026-05-08T15:30:05.738822+00:00,696570,542613,48490
28856,98.663,29247,548410,2026-05-08T10:30:08.123297+00:00,1965,255796,-16.638,RAFAEL BERNARDO LÓPEZ ALIAGA CAZORLA,19.912,1196827,16002918,ROBERTO HELBERT SANCHEZ PALOMINO,10,JUNTOS POR EL PERÚ,3.274,2.887,196778,07845838,RAFAEL BERNARDO LÓPEZ ALIAGA CAZORLA,35,RENOVACIÓN POPULAR,19.912,17.562,1196827,140000,2026-05-08T15:30:07.690476+00:00,6814834,6010628,-1000049
91792,98.95,92766,2347068,2026-05-08T11:30:06.225296+00:00,1966,1018630,0.128,KEIKO SOFIA FUJIMORI HIGUCHI,17.16,2846539,16002918,ROBERTO HELBERT SANCHEZ PALOMINO,10,JUNTOS POR EL PERÚ,12.027,9.999,1995075,07845838,RAFAEL BERNARDO LÓPEZ ALIAGA CAZORLA,35,RENOVACIÓN POPULAR,11.899,9.892,1973829,TOTAL,2026-05-08T16:30:05.527056+00:00,19953583,16587885,21246
89270,98.944,90223,2272687,2026-05-08T11:30:06.671028+00:00,1967,994988,0.552,KEIKO SOFIA FUJIMORI HIGUCHI,17.163,2794407,16002918,ROBERTO HELBERT SANCHEZ PALOMINO,10,JUNTOS POR EL PERÚ,12.205,10.165,1987108,07845838,RAFAEL BERNARDO LÓPEZ ALIAGA CAZORLA,35,RENOVACIÓN POPULAR,11.653,9.705,1897333,PERU,2026-05-08T16:30:05.568108+00:00,19549093,16281418,89775
3468,99.885,3472,104276,2026-05-08T11:30:07.275836+00:00,1968,49719,8.934,KEIKO SOFIA FUJIMORI HIGUCHI,17.999,97702,16002918,ROBERTO HELBERT SANCHEZ PALOMINO,10,JUNTOS POR EL PERÚ,14.977,11.667,81296,07845838,RAFAEL BERNARDO LÓPEZ ALIAGA CAZORLA,35,RENOVACIÓN POPULAR,6.043,4.707,32800,020000,2026-05-08T16:30:06.800043+00:00,696803,542808,48496
28858,98.67,29247,548440,2026-05-08T11:30:09.518252+00:00,1969,255805,-16.638,RAFAEL BERNARDO LÓPEZ ALIAGA CAZORLA,19.912,1196931,16002918,ROBERTO HELBERT SANCHEZ PALOMINO,10,JUNTOS POR EL PERÚ,3.274,2.888,196793,07845838,RAFAEL BERNARDO LÓPEZ ALIAGA CAZORLA,35,RENOVACIÓN POPULAR,19.912,17.562,1196931,140000,2026-05-08T16:30:09.0575+00:00,6815311,6011066,-1000138
91796,98.954,92766,2347164,2026-05-08T12:15:04.065398+00:00,1970,1018701,0.127,KEIKO SOFIA FUJIMORI HIGUCHI,17.16,2846687,16002918,ROBERTO HELBERT SANCHEZ PALOMINO,10,JUNTOS POR EL PERÚ,12.027,9.998,1995103,07845838,RAFAEL BERNARDO LÓPEZ ALIAGA CAZORLA,35,RENOVACIÓN POPULAR,11.9,9.892,1973979,TOTAL,2026-05-08T17:15:03.239715+00:00,19954569,16588704,21124
89270,98.944,90223,2272783,2026-05-08T12:15:04.402618+00:00,1971,995059,0.55,KEIKO SOFIA FUJIMORI HIGUCHI,17.163,2794555,16002918,ROBERTO HELBERT SANCHEZ PALOMINO,10,JUNTOS POR EL PERÚ,12.204,10.164,1987136,07845838,RAFAEL BERNARDO LÓPEZ ALIAGA CAZORLA,35,RENOVACIÓN POPULAR,11.654,9.706,1897483,PERU,2026-05-08T17:15:03.280513+00:00,19550079,16282237,89653
28862,98.684,29247,548536,2026-05-08T12:15:06.745962+00:00,1972,255876,-16.638,RAFAEL BERNARDO LÓPEZ ALIAGA CAZORLA,19.912,1197080,16002918,ROBERTO HELBERT SANCHEZ PALOMINO,10,JUNTOS POR EL PERÚ,3.274,2.888,196821,07845838,RAFAEL BERNARDO LÓPEZ ALIAGA CAZORLA,35,RENOVACIÓN POPULAR,19.912,17.562,1197080,140000,2026-05-08T17:15:06.377528+00:00,6816297,6011885,-1000259
2482,97.948,2534,102463,2026-05-08T12:15:08.018016+00:00,1973,37984,17.88,ROBERTO HELBERT SANCHEZ PALOMINO,23.762,90894,16002918,ROBERTO HELBERT SANCHEZ PALOMINO,10,JUNTOS POR EL PERÚ,23.762,17.381,90894,07845838,RAFAEL BERNARDO LÓPEZ ALIAGA CAZORLA,35,RENOVACIÓN POPULAR,5.882,4.302,22499,210000,2026-05-08T17:15:07.377801+00:00,522963,382516,68395
89274,98.948,90223,2272783,2026-05-08T12:30:05.256956+00:00,1974,995059,0.55,KEIKO SOFIA FUJIMORI HIGUCHI,17.163,2794555,16002918,ROBERTO HELBERT SANCHEZ PALOMINO,10,JUNTOS POR EL PERÚ,12.204,10.164,1987136,07845838,RAFAEL BERNARDO LÓPEZ ALIAGA CAZORLA,35,RENOVACIÓN POPULAR,11.654,9.706,1897483,PERU,2026-05-08T17:30:04.878563+00:00,19550079,16282237,89653
89290,98.966,90223,2273237,2026-05-08T13:30:05.462502+00:00,1975,995323,0.549,KEIKO SOFIA FUJIMORI HIGUCHI,17.164,2795212,16002918,ROBERTO HELBERT SANCHEZ PALOMINO,10,JUNTOS POR EL PERÚ,12.203,10.163,1987356,07845838,RAFAEL BERNARDO LÓPEZ ALIAGA CAZORLA,35,RENOVACIÓN POPULAR,11.654,9.706,1897915,PERU,2026-05-08T18:30:05.044882+00:00,19554075,16285515,89441
91812,98.972,92766,2347618,2026-05-08T13:30:05.761316+00:00,1976,1018965,0.126,KEIKO SOFIA FUJIMORI HIGUCHI,17.161,2847344,16002918,ROBERTO HELBERT SANCHEZ PALOMINO,10,JUNTOS POR EL PERÚ,12.026,9.997,1995323,07845838,RAFAEL BERNARDO LÓPEZ ALIAGA CAZORLA,35,RENOVACIÓN POPULAR,11.9,9.893,1974411,TOTAL,2026-05-08T18:30:05.046356+00:00,19958565,16591982,20912
2397,98.117,2443,70153,2026-05-08T13:30:07.58581+00:00,1977,28654,-1.651,KEIKO SOFIA FUJIMORI HIGUCHI,20.339,96311,16002918,ROBERTO HELBERT SANCHEZ PALOMINO,10,JUNTOS POR EL PERÚ,7.729,6.394,36597,07845838,RAFAEL BERNARDO LÓPEZ ALIAGA CAZORLA,35,RENOVACIÓN POPULAR,9.38,7.761,44417,100000,2026-05-08T18:30:07.17099+00:00,572327,473520,-7820
28871,98.714,29247,548706,2026-05-08T13:30:08.387125+00:00,1978,256068,-16.637,RAFAEL BERNARDO LÓPEZ ALIAGA CAZORLA,19.911,1197425,16002918,ROBERTO HELBERT SANCHEZ PALOMINO,10,JUNTOS POR EL PERÚ,3.274,2.887,196874,07845838,RAFAEL BERNARDO LÓPEZ ALIAGA CAZORLA,35,RENOVACIÓN POPULAR,19.911,17.561,1197425,140000,2026-05-08T18:30:07.914748+00:00,6818526,6013752,-1000551
89306,98.984,90223,2273605,2026-05-08T14:30:05.729237+00:00,1979,995601,0.546,KEIKO SOFIA FUJIMORI HIGUCHI,17.164,2795700,16002918,ROBERTO HELBERT SANCHEZ PALOMINO,10,JUNTOS POR EL PERÚ,12.202,10.162,1987486,07845838,RAFAEL BERNARDO LÓPEZ ALIAGA CAZORLA,35,RENOVACIÓN POPULAR,11.656,9.707,1898553,PERU,2026-05-08T19:30:05.350382+00:00,19557747,16288541,88933
91828,98.989,92766,2347986,2026-05-08T14:30:06.093377+00:00,1980,1019243,0.123,KEIKO SOFIA FUJIMORI HIGUCHI,17.161,2847832,16002918,ROBERTO HELBERT SANCHEZ PALOMINO,10,JUNTOS POR EL PERÚ,12.024,9.996,1995453,07845838,RAFAEL BERNARDO LÓPEZ ALIAGA CAZORLA,35,RENOVACIÓN POPULAR,11.901,9.894,1975049,TOTAL,2026-05-08T19:30:05.391558+00:00,19962237,16595008,20404
2401,98.281,2443,70277,2026-05-08T14:30:07.971528+00:00,1981,28686,-1.649,KEIKO SOFIA FUJIMORI HIGUCHI,20.342,96458,16002918,ROBERTO HELBERT SANCHEZ PALOMINO,10,JUNTOS POR EL PERÚ,7.731,6.396,36659,07845838,RAFAEL BERNARDO LÓPEZ ALIAGA CAZORLA,35,RENOVACIÓN POPULAR,9.38,7.76,44477,100000,2026-05-08T19:30:07.442121+00:00,573153,474190,-7818
28882,98.752,29247,548918,2026-05-08T14:30:08.769631+00:00,1982,256299,-16.64,RAFAEL BERNARDO LÓPEZ ALIAGA CAZORLA,19.913,1197998,16002918,ROBERTO HELBERT SANCHEZ PALOMINO,10,JUNTOS POR EL PERÚ,3.273,2.887,196927,07845838,RAFAEL BERNARDO LÓPEZ ALIAGA CAZORLA,35,RENOVACIÓN POPULAR,19.913,17.563,1197998,140000,2026-05-08T19:30:08.313187+00:00,6821239,6016022,-1001071
2642,97.961,2697,83790,2026-05-08T14:30:09.06046+00:00,1983,26639,3.204,KEIKO SOFIA FUJIMORI HIGUCHI,28.193,94513,16002918,ROBERTO HELBERT SANCHEZ PALOMINO,10,JUNTOS POR EL PERÚ,9.881,7.433,33125,07845838,RAFAEL BERNARDO LÓPEZ ALIAGA CAZORLA,35,RENOVACIÓN POPULAR,6.677,5.022,22382,150000,2026-05-08T19:30:08.558043+00:00,445659,335230,10743
91837,98.999,92766,2348238,2026-05-08T15:15:04.440995+00:00,1984,1019333,0.123,KEIKO SOFIA FUJIMORI HIGUCHI,17.161,2848171,16002918,ROBERTO HELBERT SANCHEZ PALOMINO,10,JUNTOS POR EL PERÚ,12.024,9.996,1995524,07845838,RAFAEL BERNARDO LÓPEZ ALIAGA CAZORLA,35,RENOVACIÓN POPULAR,11.901,9.894,1975191,TOTAL,2026-05-08T20:15:03.689629+00:00,19963930,16596359,20333
89306,98.984,90223,2273857,2026-05-08T15:15:04.793441+00:00,1985,995691,0.545,KEIKO SOFIA FUJIMORI HIGUCHI,17.164,2796039,16002918,ROBERTO HELBERT SANCHEZ PALOMINO,10,JUNTOS POR EL PERÚ,12.201,10.162,1987557,07845838,RAFAEL BERNARDO LÓPEZ ALIAGA CAZORLA,35,RENOVACIÓN POPULAR,11.656,9.707,1898695,PERU,2026-05-08T20:15:03.731545+00:00,19559440,16289892,88862
28884,98.759,29247,548918,2026-05-08T15:15:07.124677+00:00,1986,256299,-16.64,RAFAEL BERNARDO LÓPEZ ALIAGA CAZORLA,19.913,1197998,16002918,ROBERTO HELBERT SANCHEZ PALOMINO,10,JUNTOS POR EL PERÚ,3.273,2.887,196927,07845838,RAFAEL BERNARDO LÓPEZ ALIAGA CAZORLA,35,RENOVACIÓN POPULAR,19.913,17.563,1197998,140000,2026-05-08T20:15:06.709055+00:00,6821239,6016022,-1001071
89315,98.994,90223,2273857,2026-05-08T15:30:05.834225+00:00,1987,995691,0.545,KEIKO SOFIA FUJIMORI HIGUCHI,17.164,2796039,16002918,ROBERTO HELBERT SANCHEZ PALOMINO,10,JUNTOS POR EL PERÚ,12.201,10.162,1987557,07845838,RAFAEL BERNARDO LÓPEZ ALIAGA CAZORLA,35,RENOVACIÓN POPULAR,11.656,9.707,1898695,PERU,2026-05-08T20:30:05.14125+00:00,19559440,16289892,88862
28884,98.759,29247,548988,2026-05-08T15:30:08.509367+00:00,1988,256317,-16.64,RAFAEL BERNARDO LÓPEZ ALIAGA CAZORLA,19.913,1198062,16002918,ROBERTO HELBERT SANCHEZ PALOMINO,10,JUNTOS POR EL PERÚ,3.273,2.887,196941,07845838,RAFAEL BERNARDO LÓPEZ ALIAGA CAZORLA,35,RENOVACIÓN POPULAR,19.913,17.562,1198062,140000,2026-05-08T20:30:08.066483+00:00,6821732,6016427,-1001121
2649,98.22,2697,83972,2026-05-08T15:30:08.748533+00:00,1989,26711,3.189,KEIKO SOFIA FUJIMORI HIGUCHI,28.193,94777,16002918,ROBERTO HELBERT SANCHEZ PALOMINO,10,JUNTOS POR EL PERÚ,9.87,7.426,33182,07845838,RAFAEL BERNARDO LÓPEZ ALIAGA CAZORLA,35,RENOVACIÓN POPULAR,6.681,5.026,22460,150000,2026-05-08T20:30:08.208021+00:00,446859,336176,10722
91858,99.021,92766,2348809,2026-05-08T16:00:06.647977+00:00,1990,1019541,0.119,KEIKO SOFIA FUJIMORI HIGUCHI,17.161,2848872,16002918,ROBERTO HELBERT SANCHEZ PALOMINO,10,JUNTOS POR EL PERÚ,12.023,9.995,1995834,07845838,RAFAEL BERNARDO LÓPEZ ALIAGA CAZORLA,35,RENOVACIÓN POPULAR,11.904,9.896,1976049,TOTAL,2026-05-08T21:00:06.238765+00:00,19968718,16600368,19785
89336,99.017,90223,2274428,2026-05-08T16:00:07.18729+00:00,1991,995899,0.542,KEIKO SOFIA FUJIMORI HIGUCHI,17.164,2796740,16002918,ROBERTO HELBERT SANCHEZ PALOMINO,10,JUNTOS POR EL PERÚ,12.2,10.161,1987867,07845838,RAFAEL BERNARDO LÓPEZ ALIAGA CAZORLA,35,RENOVACIÓN POPULAR,11.658,9.709,1899553,PERU,2026-05-08T21:00:06.281074+00:00,19564228,16293901,88314
28899,98.81,29247,549234,2026-05-08T16:00:09.793843+00:00,1992,256468,-16.643,RAFAEL BERNARDO LÓPEZ ALIAGA CAZORLA,19.916,1198889,16002918,ROBERTO HELBERT SANCHEZ PALOMINO,10,JUNTOS POR EL PERÚ,3.273,2.886,197007,07845838,RAFAEL BERNARDO LÓPEZ ALIAGA CAZORLA,35,RENOVACIÓN POPULAR,19.916,17.565,1198889,140000,2026-05-08T21:00:09.413203+00:00,6825316,6019614,-1001882
2488,98.185,2534,102788,2026-05-08T16:00:11.246025+00:00,1993,38041,17.898,ROBERTO HELBERT SANCHEZ PALOMINO,23.775,91138,16002918,ROBERTO HELBERT SANCHEZ PALOMINO,10,JUNTOS POR EL PERÚ,23.775,17.387,91138,07845838,RAFAEL BERNARDO LÓPEZ ALIAGA CAZORLA,35,RENOVACIÓN POPULAR,5.877,4.298,22530,210000,2026-05-08T21:00:10.706964+00:00,524167,383338,68608
89344,99.026,90223,2274579,2026-05-08T16:15:03.863754+00:00,1994,995995,0.541,KEIKO SOFIA FUJIMORI HIGUCHI,17.165,2797113,16002918,ROBERTO HELBERT SANCHEZ PALOMINO,10,JUNTOS POR EL PERÚ,12.199,10.16,1987909,07845838,RAFAEL BERNARDO LÓPEZ ALIAGA CAZORLA,35,RENOVACIÓN POPULAR,11.658,9.71,1899815,PERU,2026-05-08T21:15:03.416263+00:00,19566177,16295603,88094
91866,99.03,92766,2348960,2026-05-08T16:15:04.174025+00:00,1995,1019637,0.118,KEIKO SOFIA FUJIMORI HIGUCHI,17.162,2849245,16002918,ROBERTO HELBERT SANCHEZ PALOMINO,10,JUNTOS POR EL PERÚ,12.022,9.994,1995876,07845838,RAFAEL BERNARDO LÓPEZ ALIAGA CAZORLA,35,RENOVACIÓN POPULAR,11.904,9.896,1976311,TOTAL,2026-05-08T21:15:03.456475+00:00,19970667,16602070,19565
28907,98.837,29247,549385,2026-05-08T16:15:06.583032+00:00,1996,256564,-16.642,RAFAEL BERNARDO LÓPEZ ALIAGA CAZORLA,19.915,1199151,16002918,ROBERTO HELBERT SANCHEZ PALOMINO,10,JUNTOS POR EL PERÚ,3.273,2.886,197049,07845838,RAFAEL BERNARDO LÓPEZ ALIAGA CAZORLA,35,RENOVACIÓN POPULAR,19.915,17.564,1199151,140000,2026-05-08T21:15:06.143658+00:00,6827265,6021316,-1002102
91866,99.03,92766,2349669,2026-05-08T17:00:06.528093+00:00,1997,1023465,0.112,KEIKO SOFIA FUJIMORI HIGUCHI,17.164,2850568,16002918,ROBERTO HELBERT SANCHEZ PALOMINO,10,JUNTOS POR EL PERÚ,12.018,9.989,1996027,07845838,RAFAEL BERNARDO LÓPEZ ALIAGA CAZORLA,35,RENOVACIÓN POPULAR,11.906,9.896,1977387,TOTAL,2026-05-08T22:00:06.052859+00:00,19981351,16608217,18640
89374,99.059,90223,2275113,2026-05-08T17:00:07.142601+00:00,1998,997206,0.536,KEIKO SOFIA FUJIMORI HIGUCHI,17.166,2798254,16002918,ROBERTO HELBERT SANCHEZ PALOMINO,10,JUNTOS POR EL PERÚ,12.196,10.157,1988050,07845838,RAFAEL BERNARDO LÓPEZ ALIAGA CAZORLA,35,RENOVACIÓN POPULAR,11.66,9.711,1900716,PERU,2026-05-08T22:00:06.09469+00:00,19573293,16300974,87334
2651,98.294,2697,83972,2026-05-08T17:00:09.647206+00:00,1999,26711,3.189,KEIKO SOFIA FUJIMORI HIGUCHI,28.193,94777,16002918,ROBERTO HELBERT SANCHEZ PALOMINO,10,JUNTOS POR EL PERÚ,9.87,7.426,33182,07845838,RAFAEL BERNARDO LÓPEZ ALIAGA CAZORLA,35,RENOVACIÓN POPULAR,6.681,5.026,22460,150000,2026-05-08T22:00:09.291583+00:00,446859,336176,10722
91906,99.073,92766,2349669,2026-05-08T17:15:04.152471+00:00,2000,1023465,0.112,KEIKO SOFIA FUJIMORI HIGUCHI,17.164,2850568,16002918,ROBERTO HELBERT SANCHEZ PALOMINO,10,JUNTOS POR EL PERÚ,12.018,9.989,1996027,07845838,RAFAEL BERNARDO LÓPEZ ALIAGA CAZORLA,35,RENOVACIÓN POPULAR,11.906,9.896,1977387,TOTAL,2026-05-08T22:15:03.335837+00:00,19981351,16608217,18640
2532,99.567,2543,74556,2026-05-08T17:15:04.438944+00:00,2001,26259,-22.359,RAFAEL BERNARDO LÓPEZ ALIAGA CAZORLA,24.955,76671,16002918,ROBERTO HELBERT SANCHEZ PALOMINO,10,JUNTOS POR EL PERÚ,2.596,1.955,7977,07845838,RAFAEL BERNARDO LÓPEZ ALIAGA CAZORLA,35,RENOVACIÓN POPULAR,24.955,18.789,76671,EXTRANJERO,2026-05-08T22:15:03.431489+00:00,408058,307243,-68694
28935,98.933,29247,549866,2026-05-08T17:15:06.686413+00:00,2002,257760,-16.641,RAFAEL BERNARDO LÓPEZ ALIAGA CAZORLA,19.913,1200031,16002918,ROBERTO HELBERT SANCHEZ PALOMINO,10,JUNTOS POR EL PERÚ,3.272,2.885,197179,07845838,RAFAEL BERNARDO LÓPEZ ALIAGA CAZORLA,35,RENOVACIÓN POPULAR,19.913,17.56,1200031,140000,2026-05-08T22:15:06.16639+00:00,6834055,6026429,-1002852
2651,98.294,2697,84025,2026-05-08T17:15:06.976063+00:00,2003,26726,3.184,KEIKO SOFIA FUJIMORI HIGUCHI,28.195,94858,16002918,ROBERTO HELBERT SANCHEZ PALOMINO,10,JUNTOS POR EL PERÚ,9.866,7.423,33193,07845838,RAFAEL BERNARDO LÓPEZ ALIAGA CAZORLA,35,RENOVACIÓN POPULAR,6.682,5.027,22481,150000,2026-05-08T22:15:06.352364+00:00,447185,336434,10712
91916,99.084,92766,2349866,2026-05-08T17:30:04.857997+00:00,2004,1024025,0.111,KEIKO SOFIA FUJIMORI HIGUCHI,17.164,2850899,16002918,ROBERTO HELBERT SANCHEZ PALOMINO,10,JUNTOS POR EL PERÚ,12.017,9.989,1996063,07845838,RAFAEL BERNARDO LÓPEZ ALIAGA CAZORLA,35,RENOVACIÓN POPULAR,11.906,9.896,1977586,TOTAL,2026-05-08T22:30:04.491941+00:00,19983559,16609668,18477
89383,99.069,90223,2275298,2026-05-08T17:30:05.242946+00:00,2005,997762,0.535,KEIKO SOFIA FUJIMORI HIGUCHI,17.167,2798566,16002918,ROBERTO HELBERT SANCHEZ PALOMINO,10,JUNTOS POR EL PERÚ,12.195,10.156,1988086,07845838,RAFAEL BERNARDO LÓPEZ ALIAGA CAZORLA,35,RENOVACIÓN POPULAR,11.66,9.711,1900888,PERU,2026-05-08T22:30:04.532641+00:00,19575415,16302355,87198
2533,99.607,2543,74568,2026-05-08T17:30:05.47024+00:00,2006,26263,-22.362,RAFAEL BERNARDO LÓPEZ ALIAGA CAZORLA,24.958,76698,16002918,ROBERTO HELBERT SANCHEZ PALOMINO,10,JUNTOS POR EL PERÚ,2.596,1.954,7977,07845838,RAFAEL BERNARDO LÓPEZ ALIAGA CAZORLA,35,RENOVACIÓN POPULAR,24.958,18.792,76698,EXTRANJERO,2026-05-08T22:30:04.961085+00:00,408144,307313,-68721
28941,98.954,29247,549962,2026-05-08T17:30:07.600265+00:00,2007,258278,-16.64,RAFAEL BERNARDO LÓPEZ ALIAGA CAZORLA,19.912,1200148,16002918,ROBERTO HELBERT SANCHEZ PALOMINO,10,JUNTOS POR EL PERÚ,3.272,2.885,197204,07845838,RAFAEL BERNARDO LÓPEZ ALIAGA CAZORLA,35,RENOVACIÓN POPULAR,19.912,17.557,1200148,140000,2026-05-08T22:30:07.118586+00:00,6835534,6027294,-1002944
2654,98.406,2697,84114,2026-05-08T17:30:07.960024+00:00,2008,26764,3.166,KEIKO SOFIA FUJIMORI HIGUCHI,28.188,94978,16002918,ROBERTO HELBERT SANCHEZ PALOMINO,10,JUNTOS POR EL PERÚ,9.854,7.414,33204,07845838,RAFAEL BERNARDO LÓPEZ ALIAGA CAZORLA,35,RENOVACIÓN POPULAR,6.688,5.032,22536,150000,2026-05-08T22:30:07.214714+00:00,447828,336950,10668
89397,99.084,90223,2275613,2026-05-08T18:00:06.468892+00:00,2009,997912,0.533,KEIKO SOFIA FUJIMORI HIGUCHI,17.167,2799038,16002918,ROBERTO HELBERT SANCHEZ PALOMINO,10,JUNTOS POR EL PERÚ,12.194,10.155,1988305,07845838,RAFAEL BERNARDO LÓPEZ ALIAGA CAZORLA,35,RENOVACIÓN POPULAR,11.661,9.712,1901391,PERU,2026-05-08T23:00:06.025614+00:00,19578632,16305107,86914
91930,99.099,92766,2350181,2026-05-08T18:00:06.766293+00:00,2010,1024175,0.11,KEIKO SOFIA FUJIMORI HIGUCHI,17.164,2851371,16002918,ROBERTO HELBERT SANCHEZ PALOMINO,10,JUNTOS POR EL PERÚ,12.017,9.988,1996282,07845838,RAFAEL BERNARDO LÓPEZ ALIAGA CAZORLA,35,RENOVACIÓN POPULAR,11.907,9.897,1978089,TOTAL,2026-05-08T23:00:06.068022+00:00,19986776,16612420,18193
1278,100.0,1278,36318,2026-05-08T18:00:07.192043+00:00,2011,15232,32.564,ROBERTO HELBERT SANCHEZ PALOMINO,36.253,59302,16002918,ROBERTO HELBERT SANCHEZ PALOMINO,10,JUNTOS POR EL PERÚ,36.253,27.566,59302,07845838,RAFAEL BERNARDO LÓPEZ ALIAGA CAZORLA,35,RENOVACIÓN POPULAR,3.689,2.805,6034,010000,2026-05-08T23:00:06.834847+00:00,215129,163579,53268
28946,98.971,29247,550064,2026-05-08T18:00:09.298128+00:00,2012,258328,-16.641,RAFAEL BERNARDO LÓPEZ ALIAGA CAZORLA,19.913,1200425,16002918,ROBERTO HELBERT SANCHEZ PALOMINO,10,JUNTOS POR EL PERÚ,3.272,2.885,197228,07845838,RAFAEL BERNARDO LÓPEZ ALIAGA CAZORLA,35,RENOVACIÓN POPULAR,19.913,17.558,1200425,140000,2026-05-08T23:00:08.757137+00:00,6836736,6028344,-1003197
577,99.827,578,11968,2026-05-08T18:00:09.851947+00:00,2013,5263,7.076,ROBERTO HELBERT SANCHEZ PALOMINO,12.87,14655,16002918,ROBERTO HELBERT SANCHEZ PALOMINO,10,JUNTOS POR EL PERÚ,12.87,11.179,14655,07845838,RAFAEL BERNARDO LÓPEZ ALIAGA CAZORLA,35,RENOVACIÓN POPULAR,5.794,5.032,6597,170000,2026-05-08T23:00:09.410512+00:00,131099,113868,8058
2880,99.379,2898,62154,2026-05-08T18:00:10.947061+00:00,2014,29648,-12.011,KEIKO SOFIA FUJIMORI HIGUCHI,20.669,118883,16002918,ROBERTO HELBERT SANCHEZ PALOMINO,10,JUNTOS POR EL PERÚ,3.013,2.598,17328,07845838,RAFAEL BERNARDO LÓPEZ ALIAGA CAZORLA,35,RENOVACIÓN POPULAR,15.024,12.956,86415,240000,2026-05-08T23:00:10.551246+00:00,666967,575165,-69087
89402,99.09,90223,2275686,2026-05-08T18:15:03.834704+00:00,2015,997945,0.531,KEIKO SOFIA FUJIMORI HIGUCHI,17.167,2799200,16002918,ROBERTO HELBERT SANCHEZ PALOMINO,10,JUNTOS POR EL PERÚ,12.194,10.155,1988321,07845838,RAFAEL BERNARDO LÓPEZ ALIAGA CAZORLA,35,RENOVACIÓN POPULAR,11.663,9.713,1901718,PERU,2026-05-08T23:15:03.444663+00:00,19579745,16306114,86603
91935,99.104,92766,2350254,2026-05-08T18:15:04.1307+00:00,2016,1024208,0.107,KEIKO SOFIA FUJIMORI HIGUCHI,17.164,2851533,16002918,ROBERTO HELBERT SANCHEZ PALOMINO,10,JUNTOS POR EL PERÚ,12.016,9.988,1996298,07845838,RAFAEL BERNARDO LÓPEZ ALIAGA CAZORLA,35,RENOVACIÓN POPULAR,11.909,9.898,1978416,TOTAL,2026-05-08T23:15:03.445329+00:00,19987889,16613427,17882
28951,98.988,29247,550137,2026-05-08T18:15:06.734538+00:00,2017,258361,-16.644,RAFAEL BERNARDO LÓPEZ ALIAGA CAZORLA,19.915,1200752,16002918,ROBERTO HELBERT SANCHEZ PALOMINO,10,JUNTOS POR EL PERÚ,3.271,2.885,197244,07845838,RAFAEL BERNARDO LÓPEZ ALIAGA CAZORLA,35,RENOVACIÓN POPULAR,19.915,17.56,1200752,140000,2026-05-08T23:15:06.065434+00:00,6837849,6029351,-1003508
91935,99.104,92766,2350404,2026-05-08T18:30:05.474712+00:00,2018,1024493,0.106,KEIKO SOFIA FUJIMORI HIGUCHI,17.164,2851882,16002918,ROBERTO HELBERT SANCHEZ PALOMINO,10,JUNTOS POR EL PERÚ,12.015,9.987,1996348,07845838,RAFAEL BERNARDO LÓPEZ ALIAGA CAZORLA,35,RENOVACIÓN POPULAR,11.909,9.899,1978745,TOTAL,2026-05-08T23:30:05.142093+00:00,19990057,16615160,17603
89411,99.1,90223,2275836,2026-05-08T18:30:05.804557+00:00,2019,998230,0.53,KEIKO SOFIA FUJIMORI HIGUCHI,17.167,2799549,16002918,ROBERTO HELBERT SANCHEZ PALOMINO,10,JUNTOS POR EL PERÚ,12.193,10.154,1988371,07845838,RAFAEL BERNARDO LÓPEZ ALIAGA CAZORLA,35,RENOVACIÓN POPULAR,11.663,9.713,1902047,PERU,2026-05-08T23:30:05.142721+00:00,19581913,16307847,86324
91944,99.114,92766,2350404,2026-05-08T18:45:03.904718+00:00,2020,1024493,0.106,KEIKO SOFIA FUJIMORI HIGUCHI,17.164,2851882,16002918,ROBERTO HELBERT SANCHEZ PALOMINO,10,JUNTOS POR EL PERÚ,12.015,9.987,1996348,07845838,RAFAEL BERNARDO LÓPEZ ALIAGA CAZORLA,35,RENOVACIÓN POPULAR,11.909,9.899,1978745,TOTAL,2026-05-08T23:45:03.456902+00:00,19990057,16615160,17603
28960,99.019,29247,550287,2026-05-08T18:45:06.455943+00:00,2021,258646,-16.644,RAFAEL BERNARDO LÓPEZ ALIAGA CAZORLA,19.915,1201081,16002918,ROBERTO HELBERT SANCHEZ PALOMINO,10,JUNTOS POR EL PERÚ,3.271,2.884,197294,07845838,RAFAEL BERNARDO LÓPEZ ALIAGA CAZORLA,35,RENOVACIÓN POPULAR,19.915,17.56,1201081,140000,2026-05-08T23:45:05.992646+00:00,6840017,6031084,-1003787
91949,99.119,92766,2350505,2026-05-08T19:15:03.7374+00:00,2022,1024641,0.105,KEIKO SOFIA FUJIMORI HIGUCHI,17.164,2851972,16002918,ROBERTO HELBERT SANCHEZ PALOMINO,10,JUNTOS POR EL PERÚ,12.015,9.986,1996373,07845838,RAFAEL BERNARDO LÓPEZ ALIAGA CAZORLA,35,RENOVACIÓN POPULAR,11.91,9.899,1978944,TOTAL,2026-05-09T00:15:03.472969+00:00,19991112,16615966,17429
89414,99.103,90223,2275920,2026-05-08T19:15:04.073219+00:00,2023,998343,0.528,KEIKO SOFIA FUJIMORI HIGUCHI,17.167,2799616,16002918,ROBERTO HELBERT SANCHEZ PALOMINO,10,JUNTOS POR EL PERÚ,12.192,10.154,1988393,07845838,RAFAEL BERNARDO LÓPEZ ALIAGA CAZORLA,35,RENOVACIÓN POPULAR,11.664,9.713,1902136,PERU,2026-05-09T00:15:03.514444+00:00,19582683,16308420,86257
2533,99.607,2543,74585,2026-05-08T19:15:04.328586+00:00,2024,26298,-22.379,RAFAEL BERNARDO LÓPEZ ALIAGA CAZORLA,24.974,76808,16002918,ROBERTO HELBERT SANCHEZ PALOMINO,10,JUNTOS POR EL PERÚ,2.595,1.954,7980,07845838,RAFAEL BERNARDO LÓPEZ ALIAGA CAZORLA,35,RENOVACIÓN POPULAR,24.974,18.806,76808,EXTRANJERO,2026-05-09T00:15:03.864353+00:00,408429,307546,-68828
28963,99.029,29247,550371,2026-05-08T19:15:06.99779+00:00,2025,258759,-16.643,RAFAEL BERNARDO LÓPEZ ALIAGA CAZORLA,19.914,1201170,16002918,ROBERTO HELBERT SANCHEZ PALOMINO,10,JUNTOS POR EL PERÚ,3.271,2.884,197316,07845838,RAFAEL BERNARDO LÓPEZ ALIAGA CAZORLA,35,RENOVACIÓN POPULAR,19.914,17.559,1201170,140000,2026-05-09T00:15:06.503228+00:00,6840787,6031657,-1003854
91949,99.119,92766,2351218,2026-05-08T19:30:05.21644+00:00,2026,1026926,0.104,KEIKO SOFIA FUJIMORI HIGUCHI,17.165,2852719,16002918,ROBERTO HELBERT SANCHEZ PALOMINO,10,JUNTOS POR EL PERÚ,12.014,9.985,1996669,07845838,RAFAEL BERNARDO LÓPEZ ALIAGA CAZORLA,35,RENOVACIÓN POPULAR,11.91,9.898,1979310,TOTAL,2026-05-09T00:30:04.879054+00:00,19997079,16618935,17359
89431,99.122,90223,2276426,2026-05-08T19:30:05.551294+00:00,2027,998603,0.529,KEIKO SOFIA FUJIMORI HIGUCHI,17.168,2800265,16002918,ROBERTO HELBERT SANCHEZ PALOMINO,10,JUNTOS POR EL PERÚ,12.192,10.154,1988675,07845838,RAFAEL BERNARDO LÓPEZ ALIAGA CAZORLA,35,RENOVACIÓN POPULAR,11.663,9.713,1902429,PERU,2026-05-09T00:30:04.920427+00:00,19586002,16310973,86246
2535,99.685,2543,74585,2026-05-08T19:30:05.817941+00:00,2028,26298,-22.379,RAFAEL BERNARDO LÓPEZ ALIAGA CAZORLA,24.974,76808,16002918,ROBERTO HELBERT SANCHEZ PALOMINO,10,JUNTOS POR EL PERÚ,2.595,1.954,7980,07845838,RAFAEL BERNARDO LÓPEZ ALIAGA CAZORLA,35,RENOVACIÓN POPULAR,24.974,18.806,76808,EXTRANJERO,2026-05-09T00:30:04.979754+00:00,408429,307546,-68828
2660,98.628,2697,84114,2026-05-08T19:30:08.43966+00:00,2029,26764,3.166,KEIKO SOFIA FUJIMORI HIGUCHI,28.188,94978,16002918,ROBERTO HELBERT SANCHEZ PALOMINO,10,JUNTOS POR EL PERÚ,9.854,7.414,33204,07845838,RAFAEL BERNARDO LÓPEZ ALIAGA CAZORLA,35,RENOVACIÓN POPULAR,6.688,5.032,22536,150000,2026-05-09T00:30:07.947455+00:00,447828,336950,10668
91974,99.146,92766,2351218,2026-05-08T19:45:04.142532+00:00,2030,1026926,0.104,KEIKO SOFIA FUJIMORI HIGUCHI,17.165,2852719,16002918,ROBERTO HELBERT SANCHEZ PALOMINO,10,JUNTOS POR EL PERÚ,12.014,9.985,1996669,07845838,RAFAEL BERNARDO LÓPEZ ALIAGA CAZORLA,35,RENOVACIÓN POPULAR,11.91,9.898,1979310,TOTAL,2026-05-09T00:45:03.804169+00:00,19997079,16618935,17359
2543,100.0,2543,74792,2026-05-08T19:45:04.56298+00:00,2031,28323,-22.368,RAFAEL BERNARDO LÓPEZ ALIAGA CAZORLA,24.964,76881,16002918,ROBERTO HELBERT SANCHEZ PALOMINO,10,JUNTOS POR EL PERÚ,2.596,1.945,7994,07845838,RAFAEL BERNARDO LÓPEZ ALIAGA CAZORLA,35,RENOVACIÓN POPULAR,24.964,18.702,76881,EXTRANJERO,2026-05-09T00:45:03.904867+00:00,411077,307962,-68887
3871,97.188,3983,96057,2026-05-08T19:45:05.681218+00:00,2032,47323,18.127,ROBERTO HELBERT SANCHEZ PALOMINO,22.86,154409,16002918,ROBERTO HELBERT SANCHEZ PALOMINO,10,JUNTOS POR EL PERÚ,22.86,18.857,154409,07845838,RAFAEL BERNARDO LÓPEZ ALIAGA CAZORLA,35,RENOVACIÓN POPULAR,4.733,3.904,31970,070000,2026-05-09T00:45:05.281565+00:00,818840,675460,122439
2404,98.404,2443,70348,2026-05-08T19:45:06.196574+00:00,2033,28735,-1.658,KEIKO SOFIA FUJIMORI HIGUCHI,20.338,96564,16002918,ROBERTO HELBERT SANCHEZ PALOMINO,10,JUNTOS POR EL PERÚ,7.731,6.396,36708,07845838,RAFAEL BERNARDO LÓPEZ ALIAGA CAZORLA,35,RENOVACIÓN POPULAR,9.389,7.768,44579,100000,2026-05-09T00:45:05.861607+00:00,573879,474796,-7871
28964,99.032,29247,550395,2026-05-08T19:45:06.985498+00:00,2034,258765,-16.644,RAFAEL BERNARDO LÓPEZ ALIAGA CAZORLA,19.915,1201220,16002918,ROBERTO HELBERT SANCHEZ PALOMINO,10,JUNTOS POR EL PERÚ,3.271,2.884,197326,07845838,RAFAEL BERNARDO LÓPEZ ALIAGA CAZORLA,35,RENOVACIÓN POPULAR,19.915,17.559,1201220,140000,2026-05-09T00:45:06.485868+00:00,6841023,6031863,-1003894
2660,98.628,2697,84250,2026-05-08T19:45:07.266646+00:00,2035,26850,3.155,KEIKO SOFIA FUJIMORI HIGUCHI,28.205,95233,16002918,ROBERTO HELBERT SANCHEZ PALOMINO,10,JUNTOS POR EL PERÚ,9.846,7.408,33245,07845838,RAFAEL BERNARDO LÓPEZ ALIAGA CAZORLA,35,RENOVACIÓN POPULAR,6.691,5.035,22593,150000,2026-05-09T00:45:06.786334+00:00,448747,337647,10652
2494,98.421,2534,103030,2026-05-08T19:45:08.31089+00:00,2036,38095,17.882,ROBERTO HELBERT SANCHEZ PALOMINO,23.766,91314,16002918,ROBERTO HELBERT SANCHEZ PALOMINO,10,JUNTOS POR EL PERÚ,23.766,17.382,91314,07845838,RAFAEL BERNARDO LÓPEZ ALIAGA CAZORLA,35,RENOVACIÓN POPULAR,5.884,4.303,22608,210000,2026-05-09T00:45:07.834543+00:00,525345,384220,68706
92000,99.174,92766,2351755,2026-05-08T20:00:06.758673+00:00,2037,1027236,0.103,KEIKO SOFIA FUJIMORI HIGUCHI,17.164,2853298,16002918,ROBERTO HELBERT SANCHEZ PALOMINO,10,JUNTOS POR EL PERÚ,12.013,9.984,1997073,07845838,RAFAEL BERNARDO LÓPEZ ALIAGA CAZORLA,35,RENOVACIÓN POPULAR,11.91,9.898,1979896,TOTAL,2026-05-09T01:00:06.178347+00:00,20003123,16624132,17177
89457,99.151,90223,2276963,2026-05-08T20:00:07.334124+00:00,2038,998913,0.528,KEIKO SOFIA FUJIMORI HIGUCHI,17.166,2800844,16002918,ROBERTO HELBERT SANCHEZ PALOMINO,10,JUNTOS POR EL PERÚ,12.191,10.152,1989079,07845838,RAFAEL BERNARDO LÓPEZ ALIAGA CAZORLA,35,RENOVACIÓN POPULAR,11.663,9.713,1903015,PERU,2026-05-09T01:00:06.875256+00:00,19592046,16316170,86064
3891,97.69,3983,96482,2026-05-08T20:00:08.488808+00:00,2039,47596,18.036,ROBERTO HELBERT SANCHEZ PALOMINO,22.781,154797,16002918,ROBERTO HELBERT SANCHEZ PALOMINO,10,JUNTOS POR EL PERÚ,22.781,18.796,154797,07845838,RAFAEL BERNARDO LÓPEZ ALIAGA CAZORLA,35,RENOVACIÓN POPULAR,4.745,3.915,32242,070000,2026-05-09T01:00:08.03034+00:00,823565,679487,122555
28969,99.049,29247,550467,2026-05-08T20:00:09.853367+00:00,2040,258799,-16.645,RAFAEL BERNARDO LÓPEZ ALIAGA CAZORLA,19.916,1201525,16002918,ROBERTO HELBERT SANCHEZ PALOMINO,10,JUNTOS POR EL PERÚ,3.271,2.884,197337,07845838,RAFAEL BERNARDO LÓPEZ ALIAGA CAZORLA,35,RENOVACIÓN POPULAR,19.916,17.561,1201525,140000,2026-05-09T01:00:09.448595+00:00,6842179,6032913,-1004188
2661,98.665,2697,84290,2026-05-08T20:00:10.459551+00:00,2041,26853,3.152,KEIKO SOFIA FUJIMORI HIGUCHI,28.213,95293,16002918,ROBERTO HELBERT SANCHEZ PALOMINO,10,JUNTOS POR EL PERÚ,9.844,7.407,33250,07845838,RAFAEL BERNARDO LÓPEZ ALIAGA CAZORLA,35,RENOVACIÓN POPULAR,6.692,5.035,22602,150000,2026-05-09T01:00:09.595403+00:00,448910,337767,10648
92033,99.21,92766,2352510,2026-05-08T20:15:03.938145+00:00,2042,1027917,0.1,KEIKO SOFIA FUJIMORI HIGUCHI,17.161,2854010,16002918,ROBERTO HELBERT SANCHEZ PALOMINO,10,JUNTOS POR EL PERÚ,12.011,9.982,1997558,07845838,RAFAEL BERNARDO LÓPEZ ALIAGA CAZORLA,35,RENOVACIÓN POPULAR,11.911,9.899,1980890,TOTAL,2026-05-09T01:15:03.316407+00:00,20010859,16630432,16668
89490,99.188,90223,2277718,2026-05-08T20:15:04.189293+00:00,2043,999594,0.524,KEIKO SOFIA FUJIMORI HIGUCHI,17.164,2801556,16002918,ROBERTO HELBERT SANCHEZ PALOMINO,10,JUNTOS POR EL PERÚ,12.189,10.151,1989564,07845838,RAFAEL BERNARDO LÓPEZ ALIAGA CAZORLA,35,RENOVACIÓN POPULAR,11.665,9.714,1904009,PERU,2026-05-09T01:15:03.317895+00:00,19599782,16322470,85555
3891,97.69,3983,97016,2026-05-08T20:15:05.413137+00:00,2044,47877,17.971,ROBERTO HELBERT SANCHEZ PALOMINO,22.72,155243,16002918,ROBERTO HELBERT SANCHEZ PALOMINO,10,JUNTOS POR EL PERÚ,22.72,18.745,155243,07845838,RAFAEL BERNARDO LÓPEZ ALIAGA CAZORLA,35,RENOVACIÓN POPULAR,4.749,3.918,32449,070000,2026-05-09T01:15:04.995483+00:00,828180,683287,122794
2404,98.404,2443,70390,2026-05-08T20:15:06.013971+00:00,2045,28744,-1.657,KEIKO SOFIA FUJIMORI HIGUCHI,20.342,96620,16002918,ROBERTO HELBERT SANCHEZ PALOMINO,10,JUNTOS POR EL PERÚ,7.731,6.396,36723,07845838,RAFAEL BERNARDO LÓPEZ ALIAGA CAZORLA,35,RENOVACIÓN POPULAR,9.388,7.767,44590,100000,2026-05-09T01:15:05.5782+00:00,574118,474984,-7867
28980,99.087,29247,550621,2026-05-08T20:15:06.670087+00:00,2046,259187,-16.652,RAFAEL BERNARDO LÓPEZ ALIAGA CAZORLA,19.922,1202288,16002918,ROBERTO HELBERT SANCHEZ PALOMINO,10,JUNTOS POR EL PERÚ,3.27,2.883,197359,07845838,RAFAEL BERNARDO LÓPEZ ALIAGA CAZORLA,35,RENOVACIÓN POPULAR,19.922,17.565,1202288,140000,2026-05-09T01:15:06.271915+00:00,6844897,6035089,-1004929
2662,98.702,2697,84315,2026-05-08T20:15:06.941432+00:00,2047,26856,3.148,KEIKO SOFIA FUJIMORI HIGUCHI,28.221,95358,16002918,ROBERTO HELBERT SANCHEZ PALOMINO,10,JUNTOS POR EL PERÚ,9.841,7.405,33252,07845838,RAFAEL BERNARDO LÓPEZ ALIAGA CAZORLA,35,RENOVACIÓN POPULAR,6.693,5.036,22615,150000,2026-05-09T01:15:06.415182+00:00,449074,337903,10637
3911,98.192,3983,97016,2026-05-08T20:30:06.89142+00:00,2048,47877,17.971,ROBERTO HELBERT SANCHEZ PALOMINO,22.72,155243,16002918,ROBERTO HELBERT SANCHEZ PALOMINO,10,JUNTOS POR EL PERÚ,22.72,18.745,155243,07845838,RAFAEL BERNARDO LÓPEZ ALIAGA CAZORLA,35,RENOVACIÓN POPULAR,4.749,3.918,32449,070000,2026-05-09T01:30:06.570464+00:00,828180,683287,122794
2405,98.445,2443,70390,2026-05-08T20:30:07.553942+00:00,2049,28744,-1.657,KEIKO SOFIA FUJIMORI HIGUCHI,20.342,96620,16002918,ROBERTO HELBERT SANCHEZ PALOMINO,10,JUNTOS POR EL PERÚ,7.731,6.396,36723,07845838,RAFAEL BERNARDO LÓPEZ ALIAGA CAZORLA,35,RENOVACIÓN POPULAR,9.388,7.767,44590,100000,2026-05-09T01:30:07.043137+00:00,574118,474984,-7867
89495,99.193,90223,2277809,2026-05-08T20:45:03.622965+00:00,2050,999617,0.523,KEIKO SOFIA FUJIMORI HIGUCHI,17.164,2801737,16002918,ROBERTO HELBERT SANCHEZ PALOMINO,10,JUNTOS POR EL PERÚ,12.189,10.151,1989596,07845838,RAFAEL BERNARDO LÓPEZ ALIAGA CAZORLA,35,RENOVACIÓN POPULAR,11.666,9.715,1904301,PERU,2026-05-09T01:45:03.242028+00:00,19600822,16323396,85295
92038,99.215,92766,2352601,2026-05-08T20:45:03.866956+00:00,2051,1027940,0.099,KEIKO SOFIA FUJIMORI HIGUCHI,17.162,2854191,16002918,ROBERTO HELBERT SANCHEZ PALOMINO,10,JUNTOS POR EL PERÚ,12.011,9.982,1997590,07845838,RAFAEL BERNARDO LÓPEZ ALIAGA CAZORLA,35,RENOVACIÓN POPULAR,11.912,9.9,1981182,TOTAL,2026-05-09T01:45:03.283377+00:00,20011899,16631358,16408
28983,99.097,29247,550652,2026-05-08T20:45:06.112462+00:00,2052,259200,-16.654,RAFAEL BERNARDO LÓPEZ ALIAGA CAZORLA,19.924,1202563,16002918,ROBERTO HELBERT SANCHEZ PALOMINO,10,JUNTOS POR EL PERÚ,3.27,2.883,197363,07845838,RAFAEL BERNARDO LÓPEZ ALIAGA CAZORLA,35,RENOVACIÓN POPULAR,19.924,17.567,1202563,140000,2026-05-09T01:45:05.799252+00:00,6845651,6035799,-1005200
2664,98.776,2697,84375,2026-05-08T20:45:06.42868+00:00,2053,26866,3.149,KEIKO SOFIA FUJIMORI HIGUCHI,28.228,95444,16002918,ROBERTO HELBERT SANCHEZ PALOMINO,10,JUNTOS POR EL PERÚ,9.843,7.406,33280,07845838,RAFAEL BERNARDO LÓPEZ ALIAGA CAZORLA,35,RENOVACIÓN POPULAR,6.694,5.036,22632,150000,2026-05-09T01:45:05.943124+00:00,449360,338119,10648
92038,99.215,92766,2352662,2026-05-08T21:00:06.034451+00:00,2054,1027963,0.099,KEIKO SOFIA FUJIMORI HIGUCHI,17.162,2854347,16002918,ROBERTO HELBERT SANCHEZ PALOMINO,10,JUNTOS POR EL PERÚ,12.011,9.982,1997625,07845838,RAFAEL BERNARDO LÓPEZ ALIAGA CAZORLA,35,RENOVACIÓN POPULAR,11.912,9.9,1981211,TOTAL,2026-05-09T02:00:05.597123+00:00,20012339,16631714,16414
89498,99.196,90223,2277870,2026-05-08T21:00:06.417938+00:00,2055,999640,0.523,KEIKO SOFIA FUJIMORI HIGUCHI,17.165,2801893,16002918,ROBERTO HELBERT SANCHEZ PALOMINO,10,JUNTOS POR EL PERÚ,12.189,10.151,1989631,07845838,RAFAEL BERNARDO LÓPEZ ALIAGA CAZORLA,35,RENOVACIÓN POPULAR,11.666,9.715,1904330,PERU,2026-05-09T02:00:05.707518+00:00,19601262,16323752,85301
89493,99.191,90223,2277558,2026-05-08T21:15:03.969633+00:00,2056,999437,0.523,KEIKO SOFIA FUJIMORI HIGUCHI,17.164,2801650,16002918,ROBERTO HELBERT SANCHEZ PALOMINO,10,JUNTOS POR EL PERÚ,12.189,10.151,1989521,07845838,RAFAEL BERNARDO LÓPEZ ALIAGA CAZORLA,35,RENOVACIÓN POPULAR,11.666,9.716,1904289,PERU,2026-05-09T02:15:03.545001+00:00,19599884,16322889,85232
92036,99.213,92766,2352350,2026-05-08T21:15:04.290376+00:00,2057,1027760,0.098,KEIKO SOFIA FUJIMORI HIGUCHI,17.162,2854104,16002918,ROBERTO HELBERT SANCHEZ PALOMINO,10,JUNTOS POR EL PERÚ,12.011,9.982,1997515,07845838,RAFAEL BERNARDO LÓPEZ ALIAGA CAZORLA,35,RENOVACIÓN POPULAR,11.913,9.9,1981170,TOTAL,2026-05-09T02:15:03.586313+00:00,20010961,16630851,16345
2669,98.962,2697,84436,2026-05-08T21:15:06.680482+00:00,2058,26889,3.148,KEIKO SOFIA FUJIMORI HIGUCHI,28.244,95600,16002918,ROBERTO HELBERT SANCHEZ PALOMINO,10,JUNTOS POR EL PERÚ,9.843,7.407,33315,07845838,RAFAEL BERNARDO LÓPEZ ALIAGA CAZORLA,35,RENOVACIÓN POPULAR,6.695,5.038,22661,150000,2026-05-09T02:15:06.290858+00:00,449800,338475,10654
5179,98.069,5281,179810,2026-05-08T21:15:07.359864+00:00,2059,82144,4.645,KEIKO SOFIA FUJIMORI HIGUCHI,27.997,242398,16002918,ROBERTO HELBERT SANCHEZ PALOMINO,10,JUNTOS POR EL PERÚ,11.356,8.718,98321,07845838,RAFAEL BERNARDO LÓPEZ ALIAGA CAZORLA,35,RENOVACIÓN POPULAR,6.711,5.152,58106,190000,2026-05-09T02:15:07.074553+00:00,1127740,865786,40215
89498,99.196,90223,2277680,2026-05-08T21:30:05.725206+00:00,2060,999465,0.523,KEIKO SOFIA FUJIMORI HIGUCHI,17.165,2801881,16002918,ROBERTO HELBERT SANCHEZ PALOMINO,10,JUNTOS POR EL PERÚ,12.189,10.151,1989604,07845838,RAFAEL BERNARDO LÓPEZ ALIAGA CAZORLA,35,RENOVACIÓN POPULAR,11.666,9.716,1904333,PERU,2026-05-09T02:30:05.245933+00:00,19600705,16323560,85271
92036,99.213,92766,2352472,2026-05-08T21:30:06.037421+00:00,2061,1027788,0.099,KEIKO SOFIA FUJIMORI HIGUCHI,17.162,2854335,16002918,ROBERTO HELBERT SANCHEZ PALOMINO,10,JUNTOS POR EL PERÚ,12.011,9.982,1997598,07845838,RAFAEL BERNARDO LÓPEZ ALIAGA CAZORLA,35,RENOVACIÓN POPULAR,11.912,9.9,1981214,TOTAL,2026-05-09T02:30:05.288279+00:00,20011782,16631522,16384
2406,98.485,2443,70390,2026-05-08T21:30:07.839994+00:00,2062,28744,-1.657,KEIKO SOFIA FUJIMORI HIGUCHI,20.342,96620,16002918,ROBERTO HELBERT SANCHEZ PALOMINO,10,JUNTOS POR EL PERÚ,7.731,6.396,36723,07845838,RAFAEL BERNARDO LÓPEZ ALIAGA CAZORLA,35,RENOVACIÓN POPULAR,9.388,7.767,44590,100000,2026-05-09T02:30:07.512701+00:00,574118,474984,-7867
2669,98.962,2697,84483,2026-05-08T21:30:08.707749+00:00,2063,26893,3.155,KEIKO SOFIA FUJIMORI HIGUCHI,28.252,95684,16002918,ROBERTO HELBERT SANCHEZ PALOMINO,10,JUNTOS POR EL PERÚ,9.846,7.41,33348,07845838,RAFAEL BERNARDO LÓPEZ ALIAGA CAZORLA,35,RENOVACIÓN POPULAR,6.691,5.035,22662,150000,2026-05-09T02:30:08.214445+00:00,450059,338683,10686
5179,98.069,5281,179451,2026-05-08T21:30:09.511668+00:00,2064,81937,4.639,KEIKO SOFIA FUJIMORI HIGUCHI,27.994,242071,16002918,ROBERTO HELBERT SANCHEZ PALOMINO,10,JUNTOS POR EL PERÚ,11.354,8.718,98178,07845838,RAFAEL BERNARDO LÓPEZ ALIAGA CAZORLA,35,RENOVACIÓN POPULAR,6.715,5.156,58064,190000,2026-05-09T02:30:08.940857+00:00,1126103,864715,40114
92041,99.218,92766,2352472,2026-05-08T21:45:03.809158+00:00,2065,1027788,0.099,KEIKO SOFIA FUJIMORI HIGUCHI,17.162,2854335,16002918,ROBERTO HELBERT SANCHEZ PALOMINO,10,JUNTOS POR EL PERÚ,12.011,9.982,1997598,07845838,RAFAEL BERNARDO LÓPEZ ALIAGA CAZORLA,35,RENOVACIÓN POPULAR,11.912,9.9,1981214,TOTAL,2026-05-09T02:45:03.367197+00:00,20011782,16631522,16384
2406,98.485,2443,70406,2026-05-08T21:45:05.610998+00:00,2066,28752,-1.658,KEIKO SOFIA FUJIMORI HIGUCHI,20.34,96656,16002918,ROBERTO HELBERT SANCHEZ PALOMINO,10,JUNTOS POR EL PERÚ,7.731,6.396,36736,07845838,RAFAEL BERNARDO LÓPEZ ALIAGA CAZORLA,35,RENOVACIÓN POPULAR,9.389,7.768,44616,100000,2026-05-09T02:45:05.225129+00:00,574352,475194,-7880
2673,99.11,2697,84589,2026-05-08T21:45:06.512167+00:00,2067,26913,3.167,KEIKO SOFIA FUJIMORI HIGUCHI,28.271,95879,16002918,ROBERTO HELBERT SANCHEZ PALOMINO,10,JUNTOS POR EL PERÚ,9.854,7.416,33418,07845838,RAFAEL BERNARDO LÓPEZ ALIAGA CAZORLA,35,RENOVACIÓN POPULAR,6.687,5.033,22680,150000,2026-05-09T02:45:06.072343+00:00,450646,339144,10738
92049,99.227,92766,2352697,2026-05-08T22:30:05.355633+00:00,2068,1027872,0.099,KEIKO SOFIA FUJIMORI HIGUCHI,17.163,2854687,16002918,ROBERTO HELBERT SANCHEZ PALOMINO,10,JUNTOS POR EL PERÚ,12.011,9.982,1997684,07845838,RAFAEL BERNARDO LÓPEZ ALIAGA CAZORLA,35,RENOVACIÓN POPULAR,11.912,9.9,1981288,TOTAL,2026-05-09T03:30:04.937335+00:00,20013093,16632524,16396
89506,99.205,90223,2277905,2026-05-08T22:30:05.664788+00:00,2069,999549,0.522,KEIKO SOFIA FUJIMORI HIGUCHI,17.166,2802233,16002918,ROBERTO HELBERT SANCHEZ PALOMINO,10,JUNTOS POR EL PERÚ,12.188,10.15,1989690,07845838,RAFAEL BERNARDO LÓPEZ ALIAGA CAZORLA,35,RENOVACIÓN POPULAR,11.666,9.715,1904407,PERU,2026-05-09T03:30:04.9792+00:00,19602016,16324562,85283
28984,99.101,29247,550671,2026-05-08T22:30:07.846341+00:00,2070,259211,-16.654,RAFAEL BERNARDO LÓPEZ ALIAGA CAZORLA,19.924,1202595,16002918,ROBERTO HELBERT SANCHEZ PALOMINO,10,JUNTOS POR EL PERÚ,3.27,2.883,197373,07845838,RAFAEL BERNARDO LÓPEZ ALIAGA CAZORLA,35,RENOVACIÓN POPULAR,19.924,17.567,1202595,140000,2026-05-09T03:30:07.552214+00:00,6845894,6036012,-1005222
2680,99.37,2697,84795,2026-05-08T22:30:08.118836+00:00,2071,26986,3.169,KEIKO SOFIA FUJIMORI HIGUCHI,28.294,96181,16002918,ROBERTO HELBERT SANCHEZ PALOMINO,10,JUNTOS POR EL PERÚ,9.853,7.415,33494,07845838,RAFAEL BERNARDO LÓPEZ ALIAGA CAZORLA,35,RENOVACIÓN POPULAR,6.684,5.03,22722,150000,2026-05-09T03:30:07.685069+00:00,451714,339933,10772
92054,99.232,92766,2352837,2026-05-08T22:45:04.357663+00:00,2072,1027902,0.099,KEIKO SOFIA FUJIMORI HIGUCHI,17.164,2854938,16002918,ROBERTO HELBERT SANCHEZ PALOMINO,10,JUNTOS POR EL PERÚ,12.011,9.982,1997768,07845838,RAFAEL BERNARDO LÓPEZ ALIAGA CAZORLA,35,RENOVACIÓN POPULAR,11.912,9.9,1981329,TOTAL,2026-05-09T03:45:03.622135+00:00,20013913,16633174,16439
89511,99.211,90223,2278045,2026-05-08T22:45:04.677271+00:00,2073,999579,0.522,KEIKO SOFIA FUJIMORI HIGUCHI,17.167,2802484,16002918,ROBERTO HELBERT SANCHEZ PALOMINO,10,JUNTOS POR EL PERÚ,12.188,10.15,1989774,07845838,RAFAEL BERNARDO LÓPEZ ALIAGA CAZORLA,35,RENOVACIÓN POPULAR,11.666,9.715,1904448,PERU,2026-05-09T03:45:03.663359+00:00,19602836,16325212,85326
2685,99.555,2697,84935,2026-05-08T22:45:06.977233+00:00,2074,27016,3.175,KEIKO SOFIA FUJIMORI HIGUCHI,28.314,96432,16002918,ROBERTO HELBERT SANCHEZ PALOMINO,10,JUNTOS POR EL PERÚ,9.859,7.42,33578,07845838,RAFAEL BERNARDO LÓPEZ ALIAGA CAZORLA,35,RENOVACIÓN POPULAR,6.684,5.03,22763,150000,2026-05-09T03:45:06.558375+00:00,452534,340583,10815
92076,99.256,92766,2353375,2026-05-08T23:15:04.615565+00:00,2075,1028144,0.097,KEIKO SOFIA FUJIMORI HIGUCHI,17.166,2855932,16002918,ROBERTO HELBERT SANCHEZ PALOMINO,10,JUNTOS POR EL PERÚ,12.009,9.98,1997906,07845838,RAFAEL BERNARDO LÓPEZ ALIAGA CAZORLA,35,RENOVACIÓN POPULAR,11.912,9.9,1981869,TOTAL,2026-05-09T04:15:03.572363+00:00,20018869,16637350,16037
89533,99.235,90223,2278583,2026-05-08T23:15:04.875193+00:00,2076,999821,0.52,KEIKO SOFIA FUJIMORI HIGUCHI,17.168,2803478,16002918,ROBERTO HELBERT SANCHEZ PALOMINO,10,JUNTOS POR EL PERÚ,12.186,10.149,1989912,07845838,RAFAEL BERNARDO LÓPEZ ALIAGA CAZORLA,35,RENOVACIÓN POPULAR,11.666,9.715,1904988,PERU,2026-05-09T04:15:03.613223+00:00,19607792,16329388,84924
28992,99.128,29247,550857,2026-05-08T23:15:07.218771+00:00,2077,259302,-16.651,RAFAEL BERNARDO LÓPEZ ALIAGA CAZORLA,19.921,1202794,16002918,ROBERTO HELBERT SANCHEZ PALOMINO,10,JUNTOS POR EL PERÚ,3.27,2.883,197456,07845838,RAFAEL BERNARDO LÓPEZ ALIAGA CAZORLA,35,RENOVACIÓN POPULAR,19.921,17.565,1202794,140000,2026-05-09T04:15:06.625221+00:00,6847850,6037691,-1005338
2689,99.703,2697,85027,2026-05-08T23:15:07.462501+00:00,2078,27045,3.168,KEIKO SOFIA FUJIMORI HIGUCHI,28.33,96606,16002918,ROBERTO HELBERT SANCHEZ PALOMINO,10,JUNTOS POR EL PERÚ,9.855,7.417,33606,07845838,RAFAEL BERNARDO LÓPEZ ALIAGA CAZORLA,35,RENOVACIÓN POPULAR,6.687,5.033,22802,150000,2026-05-09T04:15:06.827092+00:00,453076,341004,10804
2890,99.724,2898,62414,2026-05-08T23:15:08.884937+00:00,2079,29770,-12.016,KEIKO SOFIA FUJIMORI HIGUCHI,20.679,119366,16002918,ROBERTO HELBERT SANCHEZ PALOMINO,10,JUNTOS POR EL PERÚ,3.007,2.593,17355,07845838,RAFAEL BERNARDO LÓPEZ ALIAGA CAZORLA,35,RENOVACIÓN POPULAR,15.023,12.954,86717,240000,2026-05-09T04:15:08.349566+00:00,669425,577241,-69362
92076,99.256,92766,2353565,2026-05-08T23:30:06.144762+00:00,2080,1028180,0.096,KEIKO SOFIA FUJIMORI HIGUCHI,17.166,2856098,16002918,ROBERTO HELBERT SANCHEZ PALOMINO,10,JUNTOS POR EL PERÚ,12.008,9.98,1997973,07845838,RAFAEL BERNARDO LÓPEZ ALIAGA CAZORLA,35,RENOVACIÓN POPULAR,11.912,9.9,1981961,TOTAL,2026-05-09T04:30:05.159558+00:00,20019957,16638212,16012
89539,99.242,90223,2278773,2026-05-08T23:30:06.44858+00:00,2081,999857,0.52,KEIKO SOFIA FUJIMORI HIGUCHI,17.168,2803644,16002918,ROBERTO HELBERT SANCHEZ PALOMINO,10,JUNTOS POR EL PERÚ,12.186,10.148,1989979,07845838,RAFAEL BERNARDO LÓPEZ ALIAGA CAZORLA,35,RENOVACIÓN POPULAR,11.666,9.715,1905080,PERU,2026-05-09T04:30:05.201335+00:00,19608880,16330250,84899
2407,98.526,2443,70452,2026-05-08T23:30:08.296974+00:00,2082,28760,-1.655,KEIKO SOFIA FUJIMORI HIGUCHI,20.342,96698,16002918,ROBERTO HELBERT SANCHEZ PALOMINO,10,JUNTOS POR EL PERÚ,7.732,6.397,36757,07845838,RAFAEL BERNARDO LÓPEZ ALIAGA CAZORLA,35,RENOVACIÓN POPULAR,9.387,7.766,44622,100000,2026-05-09T04:30:07.915146+00:00,574585,475373,-7865
28992,99.128,29247,550890,2026-05-08T23:30:08.94714+00:00,2083,259317,-16.651,RAFAEL BERNARDO LÓPEZ ALIAGA CAZORLA,19.921,1202872,16002918,ROBERTO HELBERT SANCHEZ PALOMINO,10,JUNTOS POR EL PERÚ,3.27,2.883,197466,07845838,RAFAEL BERNARDO LÓPEZ ALIAGA CAZORLA,35,RENOVACIÓN POPULAR,19.921,17.564,1202872,140000,2026-05-09T04:30:08.646434+00:00,6848318,6038111,-1005406
2689,99.703,2697,85138,2026-05-08T23:30:09.202091+00:00,2084,27058,3.174,KEIKO SOFIA FUJIMORI HIGUCHI,28.324,96660,16002918,ROBERTO HELBERT SANCHEZ PALOMINO,10,JUNTOS POR EL PERÚ,9.858,7.419,33642,07845838,RAFAEL BERNARDO LÓPEZ ALIAGA CAZORLA,35,RENOVACIÓN POPULAR,6.684,5.03,22810,150000,2026-05-09T04:30:08.703456+00:00,453463,341267,10832
92082,99.263,92766,2353565,2026-05-08T23:45:04.463398+00:00,2085,1028180,0.096,KEIKO SOFIA FUJIMORI HIGUCHI,17.166,2856098,16002918,ROBERTO HELBERT SANCHEZ PALOMINO,10,JUNTOS POR EL PERÚ,12.008,9.98,1997973,07845838,RAFAEL BERNARDO LÓPEZ ALIAGA CAZORLA,35,RENOVACIÓN POPULAR,11.912,9.9,1981961,TOTAL,2026-05-09T04:45:03.618492+00:00,20019957,16638212,16012
28994,99.135,29247,550890,2026-05-08T23:45:06.885457+00:00,2086,259317,-16.651,RAFAEL BERNARDO LÓPEZ ALIAGA CAZORLA,19.921,1202872,16002918,ROBERTO HELBERT SANCHEZ PALOMINO,10,JUNTOS POR EL PERÚ,3.27,2.883,197466,07845838,RAFAEL BERNARDO LÓPEZ ALIAGA CAZORLA,35,RENOVACIÓN POPULAR,19.921,17.564,1202872,140000,2026-05-09T04:45:06.486195+00:00,6848318,6038111,-1005406
2692,99.815,2697,85138,2026-05-08T23:45:07.110787+00:00,2087,27058,3.174,KEIKO SOFIA FUJIMORI HIGUCHI,28.324,96660,16002918,ROBERTO HELBERT SANCHEZ PALOMINO,10,JUNTOS POR EL PERÚ,9.858,7.419,33642,07845838,RAFAEL BERNARDO LÓPEZ ALIAGA CAZORLA,35,RENOVACIÓN POPULAR,6.684,5.03,22810,150000,2026-05-09T04:45:06.614759+00:00,453463,341267,10832
89542,99.245,90223,2278857,2026-05-09T00:00:06.241474+00:00,2088,999900,0.52,KEIKO SOFIA FUJIMORI HIGUCHI,17.169,2803777,16002918,ROBERTO HELBERT SANCHEZ PALOMINO,10,JUNTOS POR EL PERÚ,12.186,10.148,1990004,07845838,RAFAEL BERNARDO LÓPEZ ALIAGA CAZORLA,35,RENOVACIÓN POPULAR,11.666,9.715,1905139,PERU,2026-05-09T05:00:05.727083+00:00,19609600,16330843,84865
92082,99.263,92766,2353649,2026-05-09T00:00:06.453625+00:00,2089,1028223,0.096,KEIKO SOFIA FUJIMORI HIGUCHI,17.166,2856231,16002918,ROBERTO HELBERT SANCHEZ PALOMINO,10,JUNTOS POR EL PERÚ,12.008,9.98,1997998,07845838,RAFAEL BERNARDO LÓPEZ ALIAGA CAZORLA,35,RENOVACIÓN POPULAR,11.912,9.9,1982020,TOTAL,2026-05-09T05:00:05.728534+00:00,20020677,16638805,15978
2410,98.649,2443,70536,2026-05-09T00:00:08.269521+00:00,2090,28803,-1.659,KEIKO SOFIA FUJIMORI HIGUCHI,20.344,96831,16002918,ROBERTO HELBERT SANCHEZ PALOMINO,10,JUNTOS POR EL PERÚ,7.728,6.393,36782,07845838,RAFAEL BERNARDO LÓPEZ ALIAGA CAZORLA,35,RENOVACIÓN POPULAR,9.387,7.766,44681,100000,2026-05-09T05:00:07.931509+00:00,575305,475966,-7899
92085,99.266,92766,2353649,2026-05-09T00:15:03.924806+00:00,2091,1028223,0.096,KEIKO SOFIA FUJIMORI HIGUCHI,17.166,2856231,16002918,ROBERTO HELBERT SANCHEZ PALOMINO,10,JUNTOS POR EL PERÚ,12.008,9.98,1997998,07845838,RAFAEL BERNARDO LÓPEZ ALIAGA CAZORLA,35,RENOVACIÓN POPULAR,11.912,9.9,1982020,TOTAL,2026-05-09T05:15:03.053637+00:00,20020677,16638805,15978
92094,99.276,92766,2353884,2026-05-09T00:45:04.00301+00:00,2092,1028282,0.096,KEIKO SOFIA FUJIMORI HIGUCHI,17.166,2856552,16002918,ROBERTO HELBERT SANCHEZ PALOMINO,10,JUNTOS POR EL PERÚ,12.008,9.979,1998132,07845838,RAFAEL BERNARDO LÓPEZ ALIAGA CAZORLA,35,RENOVACIÓN POPULAR,11.912,9.9,1982220,TOTAL,2026-05-09T05:45:03.159897+00:00,20022766,16640600,15912
89551,99.255,90223,2279092,2026-05-09T00:45:04.456217+00:00,2093,999959,0.519,KEIKO SOFIA FUJIMORI HIGUCHI,17.169,2804098,16002918,ROBERTO HELBERT SANCHEZ PALOMINO,10,JUNTOS POR EL PERÚ,12.185,10.148,1990138,07845838,RAFAEL BERNARDO LÓPEZ ALIAGA CAZORLA,35,RENOVACIÓN POPULAR,11.666,9.715,1905339,PERU,2026-05-09T05:45:03.161335+00:00,19611689,16332638,84799
2418,98.977,2443,70747,2026-05-09T00:45:06.091561+00:00,2094,28842,-1.664,KEIKO SOFIA FUJIMORI HIGUCHI,20.336,97115,16002918,ROBERTO HELBERT SANCHEZ PALOMINO,10,JUNTOS POR EL PERÚ,7.728,6.395,36906,07845838,RAFAEL BERNARDO LÓPEZ ALIAGA CAZORLA,35,RENOVACIÓN POPULAR,9.392,7.771,44850,100000,2026-05-09T05:45:05.632264+00:00,577142,477553,-7944
28994,99.135,29247,550914,2026-05-09T00:45:06.719396+00:00,2095,259337,-16.651,RAFAEL BERNARDO LÓPEZ ALIAGA CAZORLA,19.921,1202903,16002918,ROBERTO HELBERT SANCHEZ PALOMINO,10,JUNTOS POR EL PERÚ,3.27,2.883,197476,07845838,RAFAEL BERNARDO LÓPEZ ALIAGA CAZORLA,35,RENOVACIÓN POPULAR,19.921,17.564,1202903,140000,2026-05-09T05:45:06.290367+00:00,6848570,6038319,-1005427
28995,99.138,29247,550914,2026-05-09T01:00:08.755343+00:00,2096,259337,-16.651,RAFAEL BERNARDO LÓPEZ ALIAGA CAZORLA,19.921,1202903,16002918,ROBERTO HELBERT SANCHEZ PALOMINO,10,JUNTOS POR EL PERÚ,3.27,2.883,197476,07845838,RAFAEL BERNARDO LÓPEZ ALIAGA CAZORLA,35,RENOVACIÓN POPULAR,19.921,17.564,1202903,140000,2026-05-09T06:00:08.363147+00:00,6848570,6038319,-1005427
92096,99.278,92766,2353910,2026-05-09T01:15:03.961714+00:00,2097,1028310,0.095,KEIKO SOFIA FUJIMORI HIGUCHI,17.166,2856626,16002918,ROBERTO HELBERT SANCHEZ PALOMINO,10,JUNTOS POR EL PERÚ,12.007,9.979,1998143,07845838,RAFAEL BERNARDO LÓPEZ ALIAGA CAZORLA,35,RENOVACIÓN POPULAR,11.912,9.9,1982274,TOTAL,2026-05-09T06:15:03.171752+00:00,20023212,16640992,15869
89553,99.257,90223,2279118,2026-05-09T01:15:04.181032+00:00,2098,999987,0.519,KEIKO SOFIA FUJIMORI HIGUCHI,17.169,2804172,16002918,ROBERTO HELBERT SANCHEZ PALOMINO,10,JUNTOS POR EL PERÚ,12.185,10.148,1990149,07845838,RAFAEL BERNARDO LÓPEZ ALIAGA CAZORLA,35,RENOVACIÓN POPULAR,11.666,9.715,1905393,PERU,2026-05-09T06:15:03.213955+00:00,19612135,16333030,84756
28995,99.138,29247,550940,2026-05-09T01:15:06.385669+00:00,2099,259365,-16.651,RAFAEL BERNARDO LÓPEZ ALIAGA CAZORLA,19.921,1202957,16002918,ROBERTO HELBERT SANCHEZ PALOMINO,10,JUNTOS POR EL PERÚ,3.27,2.883,197487,07845838,RAFAEL BERNARDO LÓPEZ ALIAGA CAZORLA,35,RENOVACIÓN POPULAR,19.921,17.564,1202957,140000,2026-05-09T06:15:06.013021+00:00,6849016,6038711,-1005470
28997,99.145,29247,550940,2026-05-09T01:30:07.669745+00:00,2100,259365,-16.651,RAFAEL BERNARDO LÓPEZ ALIAGA CAZORLA,19.921,1202957,16002918,ROBERTO HELBERT SANCHEZ PALOMINO,10,JUNTOS POR EL PERÚ,3.27,2.883,197487,07845838,RAFAEL BERNARDO LÓPEZ ALIAGA CAZORLA,35,RENOVACIÓN POPULAR,19.921,17.564,1202957,140000,2026-05-09T06:30:07.287362+00:00,6849016,6038711,-1005470
92099,99.281,92766,2353975,2026-05-09T02:00:06.43756+00:00,2101,1028333,0.095,KEIKO SOFIA FUJIMORI HIGUCHI,17.166,2856741,16002918,ROBERTO HELBERT SANCHEZ PALOMINO,10,JUNTOS POR EL PERÚ,12.007,9.979,1998177,07845838,RAFAEL BERNARDO LÓPEZ ALIAGA CAZORLA,35,RENOVACIÓN POPULAR,11.912,9.9,1982342,TOTAL,2026-05-09T07:00:05.972939+00:00,20023895,16641587,15835
89556,99.261,90223,2279183,2026-05-09T02:00:06.639775+00:00,2102,1000010,0.519,KEIKO SOFIA FUJIMORI HIGUCHI,17.169,2804287,16002918,ROBERTO HELBERT SANCHEZ PALOMINO,10,JUNTOS POR EL PERÚ,12.185,10.147,1990183,07845838,RAFAEL BERNARDO LÓPEZ ALIAGA CAZORLA,35,RENOVACIÓN POPULAR,11.666,9.715,1905461,PERU,2026-05-09T07:00:06.015341+00:00,19612818,16333625,84722
2419,99.018,2443,70776,2026-05-09T02:00:08.296423+00:00,2103,28852,-1.661,KEIKO SOFIA FUJIMORI HIGUCHI,20.334,97148,16002918,ROBERTO HELBERT SANCHEZ PALOMINO,10,JUNTOS POR EL PERÚ,7.729,6.395,36925,07845838,RAFAEL BERNARDO LÓPEZ ALIAGA CAZORLA,35,RENOVACIÓN POPULAR,9.39,7.77,44864,100000,2026-05-09T07:00:07.890487+00:00,577391,477763,-7939
28999,99.152,29247,550976,2026-05-09T02:00:08.954244+00:00,2104,259378,-16.65,RAFAEL BERNARDO LÓPEZ ALIAGA CAZORLA,19.92,1203011,16002918,ROBERTO HELBERT SANCHEZ PALOMINO,10,JUNTOS POR EL PERÚ,3.27,2.883,197502,07845838,RAFAEL BERNARDO LÓPEZ ALIAGA CAZORLA,35,RENOVACIÓN POPULAR,19.92,17.564,1203011,140000,2026-05-09T07:00:08.549129+00:00,6849450,6039096,-1005509
89561,99.266,90223,2279317,2026-05-09T02:45:04.705868+00:00,2105,1000090,0.518,KEIKO SOFIA FUJIMORI HIGUCHI,17.169,2804466,16002918,ROBERTO HELBERT SANCHEZ PALOMINO,10,JUNTOS POR EL PERÚ,12.184,10.147,1990256,07845838,RAFAEL BERNARDO LÓPEZ ALIAGA CAZORLA,35,RENOVACIÓN POPULAR,11.666,9.715,1905529,PERU,2026-05-09T07:45:03.767558+00:00,19613963,16334556,84727
92104,99.286,92766,2354109,2026-05-09T02:45:04.989751+00:00,2106,1028413,0.095,KEIKO SOFIA FUJIMORI HIGUCHI,17.166,2856920,16002918,ROBERTO HELBERT SANCHEZ PALOMINO,10,JUNTOS POR EL PERÚ,12.007,9.979,1998250,07845838,RAFAEL BERNARDO LÓPEZ ALIAGA CAZORLA,35,RENOVACIÓN POPULAR,11.912,9.9,1982410,TOTAL,2026-05-09T07:45:03.769039+00:00,20025040,16642518,15840
2424,99.222,2443,70776,2026-05-09T02:45:06.698377+00:00,2107,28852,-1.661,KEIKO SOFIA FUJIMORI HIGUCHI,20.334,97148,16002918,ROBERTO HELBERT SANCHEZ PALOMINO,10,JUNTOS POR EL PERÚ,7.729,6.395,36925,07845838,RAFAEL BERNARDO LÓPEZ ALIAGA CAZORLA,35,RENOVACIÓN POPULAR,9.39,7.77,44864,100000,2026-05-09T07:45:06.314154+00:00,577391,477763,-7939
2424,99.222,2443,70910,2026-05-09T03:00:08.623671+00:00,2108,28932,-1.657,KEIKO SOFIA FUJIMORI HIGUCHI,20.332,97327,16002918,ROBERTO HELBERT SANCHEZ PALOMINO,10,JUNTOS POR EL PERÚ,7.729,6.395,36998,07845838,RAFAEL BERNARDO LÓPEZ ALIAGA CAZORLA,35,RENOVACIÓN POPULAR,9.386,7.767,44932,100000,2026-05-09T08:00:08.198725+00:00,578536,478694,-7934
89566,99.272,90223,2279476,2026-05-09T03:30:05.733618+00:00,2109,1000124,0.518,KEIKO SOFIA FUJIMORI HIGUCHI,17.169,2804669,16002918,ROBERTO HELBERT SANCHEZ PALOMINO,10,JUNTOS POR EL PERÚ,12.184,10.147,1990348,07845838,RAFAEL BERNARDO LÓPEZ ALIAGA CAZORLA,35,RENOVACIÓN POPULAR,11.666,9.715,1905641,PERU,2026-05-09T08:30:05.169068+00:00,19615205,16335605,84707
92109,99.292,92766,2354268,2026-05-09T03:30:05.963536+00:00,2110,1028447,0.095,KEIKO SOFIA FUJIMORI HIGUCHI,17.167,2857123,16002918,ROBERTO HELBERT SANCHEZ PALOMINO,10,JUNTOS POR EL PERÚ,12.007,9.979,1998342,07845838,RAFAEL BERNARDO LÓPEZ ALIAGA CAZORLA,35,RENOVACIÓN POPULAR,11.912,9.9,1982522,TOTAL,2026-05-09T08:30:05.210478+00:00,20026282,16643567,15820
2429,99.427,2443,71069,2026-05-09T03:30:07.653518+00:00,2111,28966,-1.658,KEIKO SOFIA FUJIMORI HIGUCHI,20.33,97530,16002918,ROBERTO HELBERT SANCHEZ PALOMINO,10,JUNTOS POR EL PERÚ,7.731,6.397,37090,07845838,RAFAEL BERNARDO LÓPEZ ALIAGA CAZORLA,35,RENOVACIÓN POPULAR,9.389,7.769,45044,100000,2026-05-09T08:30:07.352473+00:00,579778,479743,-7954
89568,99.274,90223,2279515,2026-05-09T08:30:05.307367+00:00,2112,1000157,0.518,KEIKO SOFIA FUJIMORI HIGUCHI,17.169,2804728,16002918,ROBERTO HELBERT SANCHEZ PALOMINO,10,JUNTOS POR EL PERÚ,12.184,10.147,1990364,07845838,RAFAEL BERNARDO LÓPEZ ALIAGA CAZORLA,35,RENOVACIÓN POPULAR,11.666,9.715,1905696,PERU,2026-05-09T13:30:04.818994+00:00,19615696,16336024,84668
92111,99.294,92766,2354307,2026-05-09T08:30:05.577402+00:00,2113,1028480,0.094,KEIKO SOFIA FUJIMORI HIGUCHI,17.166,2857182,16002918,ROBERTO HELBERT SANCHEZ PALOMINO,10,JUNTOS POR EL PERÚ,12.006,9.978,1998358,07845838,RAFAEL BERNARDO LÓPEZ ALIAGA CAZORLA,35,RENOVACIÓN POPULAR,11.912,9.9,1982577,TOTAL,2026-05-09T13:30:04.861327+00:00,20026773,16643986,15781
2431,99.509,2443,71108,2026-05-09T08:30:07.265801+00:00,2114,28999,-1.664,KEIKO SOFIA FUJIMORI HIGUCHI,20.324,97589,16002918,ROBERTO HELBERT SANCHEZ PALOMINO,10,JUNTOS POR EL PERÚ,7.728,6.395,37106,07845838,RAFAEL BERNARDO LÓPEZ ALIAGA CAZORLA,35,RENOVACIÓN POPULAR,9.392,7.772,45099,100000,2026-05-09T13:30:06.957495+00:00,580269,480162,-7993
92111,99.294,92766,2354336,2026-05-09T09:30:05.370656+00:00,2115,1028486,0.094,KEIKO SOFIA FUJIMORI HIGUCHI,17.167,2857233,16002918,ROBERTO HELBERT SANCHEZ PALOMINO,10,JUNTOS POR EL PERÚ,12.006,9.978,1998360,07845838,RAFAEL BERNARDO LÓPEZ ALIAGA CAZORLA,35,RENOVACIÓN POPULAR,11.912,9.9,1982612,TOTAL,2026-05-09T14:30:05.006025+00:00,20027019,16644197,15748
89568,99.274,90223,2279544,2026-05-09T09:30:05.638669+00:00,2116,1000163,0.518,KEIKO SOFIA FUJIMORI HIGUCHI,17.169,2804779,16002918,ROBERTO HELBERT SANCHEZ PALOMINO,10,JUNTOS POR EL PERÚ,12.184,10.147,1990366,07845838,RAFAEL BERNARDO LÓPEZ ALIAGA CAZORLA,35,RENOVACIÓN POPULAR,11.666,9.715,1905731,PERU,2026-05-09T14:30:05.047158+00:00,19615942,16336235,84635
92112,99.295,92766,2354336,2026-05-09T09:45:04.802708+00:00,2117,1028486,0.094,KEIKO SOFIA FUJIMORI HIGUCHI,17.167,2857233,16002918,ROBERTO HELBERT SANCHEZ PALOMINO,10,JUNTOS POR EL PERÚ,12.006,9.978,1998360,07845838,RAFAEL BERNARDO LÓPEZ ALIAGA CAZORLA,35,RENOVACIÓN POPULAR,11.912,9.9,1982612,TOTAL,2026-05-09T14:45:04.371915+00:00,20027019,16644197,15748
89569,99.275,90223,2279544,2026-05-09T09:45:05.072696+00:00,2118,1000163,0.518,KEIKO SOFIA FUJIMORI HIGUCHI,17.169,2804779,16002918,ROBERTO HELBERT SANCHEZ PALOMINO,10,JUNTOS POR EL PERÚ,12.184,10.147,1990366,07845838,RAFAEL BERNARDO LÓPEZ ALIAGA CAZORLA,35,RENOVACIÓN POPULAR,11.666,9.715,1905731,PERU,2026-05-09T14:45:04.413499+00:00,19615942,16336235,84635
29000,99.155,29247,551005,2026-05-09T09:45:07.355684+00:00,2119,259384,-16.65,RAFAEL BERNARDO LÓPEZ ALIAGA CAZORLA,19.92,1203046,16002918,ROBERTO HELBERT SANCHEZ PALOMINO,10,JUNTOS POR EL PERÚ,3.27,2.883,197504,07845838,RAFAEL BERNARDO LÓPEZ ALIAGA CAZORLA,35,RENOVACIÓN POPULAR,19.92,17.563,1203046,140000,2026-05-09T14:45:06.953559+00:00,6849696,6039307,-1005542
92125,99.309,92766,2354626,2026-05-09T10:45:04.276574+00:00,2120,1028720,0.094,KEIKO SOFIA FUJIMORI HIGUCHI,17.167,2857688,16002918,ROBERTO HELBERT SANCHEZ PALOMINO,10,JUNTOS POR EL PERÚ,12.006,9.978,1998595,07845838,RAFAEL BERNARDO LÓPEZ ALIAGA CAZORLA,35,RENOVACIÓN POPULAR,11.912,9.9,1982878,TOTAL,2026-05-09T15:45:03.660404+00:00,20030062,16646716,15717
89582,99.29,90223,2279834,2026-05-09T10:45:04.590026+00:00,2121,1000397,0.518,KEIKO SOFIA FUJIMORI HIGUCHI,17.169,2805234,16002918,ROBERTO HELBERT SANCHEZ PALOMINO,10,JUNTOS POR EL PERÚ,12.183,10.146,1990601,07845838,RAFAEL BERNARDO LÓPEZ ALIAGA CAZORLA,35,RENOVACIÓN POPULAR,11.665,9.715,1905997,PERU,2026-05-09T15:45:03.701368+00:00,19618985,16338754,84604
4202,99.104,4240,123482,2026-05-09T10:45:05.745994+00:00,2122,53218,38.376,ROBERTO HELBERT SANCHEZ PALOMINO,41.623,266348,16002918,ROBERTO HELBERT SANCHEZ PALOMINO,10,JUNTOS POR EL PERÚ,41.623,32.617,266348,07845838,RAFAEL BERNARDO LÓPEZ ALIAGA CAZORLA,35,RENOVACIÓN POPULAR,3.247,2.544,20778,060000,2026-05-09T15:45:05.285494+00:00,816604,639904,245570
2435,99.673,2443,71234,2026-05-09T10:45:06.416009+00:00,2123,29074,-1.664,KEIKO SOFIA FUJIMORI HIGUCHI,20.328,97778,16002918,ROBERTO HELBERT SANCHEZ PALOMINO,10,JUNTOS POR EL PERÚ,7.723,6.391,37149,07845838,RAFAEL BERNARDO LÓPEZ ALIAGA CAZORLA,35,RENOVACIÓN POPULAR,9.387,7.768,45153,100000,2026-05-09T15:45:06.026558+00:00,581302,480994,-8004
29000,99.155,29247,551120,2026-05-09T10:45:07.13904+00:00,2124,259525,-16.648,RAFAEL BERNARDO LÓPEZ ALIAGA CAZORLA,19.919,1203249,16002918,ROBERTO HELBERT SANCHEZ PALOMINO,10,JUNTOS POR EL PERÚ,3.271,2.884,197576,07845838,RAFAEL BERNARDO LÓPEZ ALIAGA CAZORLA,35,RENOVACIÓN POPULAR,19.919,17.562,1203249,140000,2026-05-09T15:45:06.806358+00:00,6851352,6040707,-1005673
1499,95.844,1564,56217,2026-05-09T10:45:08.705053+00:00,2125,16542,7.167,KEIKO SOFIA FUJIMORI HIGUCHI,29.552,64283,16002918,ROBERTO HELBERT SANCHEZ PALOMINO,10,JUNTOS POR EL PERÚ,12.872,9.646,28000,07845838,RAFAEL BERNARDO LÓPEZ ALIAGA CAZORLA,35,RENOVACIÓN POPULAR,5.705,4.275,12409,250000,2026-05-09T15:45:08.523674+00:00,290282,217523,15591
29007,99.179,29247,551120,2026-05-09T11:00:09.223182+00:00,2126,259525,-16.648,RAFAEL BERNARDO LÓPEZ ALIAGA CAZORLA,19.919,1203249,16002918,ROBERTO HELBERT SANCHEZ PALOMINO,10,JUNTOS POR EL PERÚ,3.271,2.884,197576,07845838,RAFAEL BERNARDO LÓPEZ ALIAGA CAZORLA,35,RENOVACIÓN POPULAR,19.919,17.562,1203249,140000,2026-05-09T16:00:08.881722+00:00,6851352,6040707,-1005673
89601,99.311,90223,2280355,2026-05-09T11:45:04.040611+00:00,2127,1000634,0.516,KEIKO SOFIA FUJIMORI HIGUCHI,17.17,2805976,16002918,ROBERTO HELBERT SANCHEZ PALOMINO,10,JUNTOS POR EL PERÚ,12.182,10.145,1990778,07845838,RAFAEL BERNARDO LÓPEZ ALIAGA CAZORLA,35,RENOVACIÓN POPULAR,11.666,9.715,1906500,PERU,2026-05-09T16:45:03.444854+00:00,19623327,16342338,84278
92144,99.329,92766,2355147,2026-05-09T11:45:04.274126+00:00,2128,1028957,0.092,KEIKO SOFIA FUJIMORI HIGUCHI,17.167,2858430,16002918,ROBERTO HELBERT SANCHEZ PALOMINO,10,JUNTOS POR EL PERÚ,12.004,9.977,1998772,07845838,RAFAEL BERNARDO LÓPEZ ALIAGA CAZORLA,35,RENOVACIÓN POPULAR,11.912,9.9,1983381,TOTAL,2026-05-09T16:45:03.485371+00:00,20034404,16650300,15391
3683,99.783,3691,107235,2026-05-09T11:45:06.011049+00:00,2129,42120,4.704,KEIKO SOFIA FUJIMORI HIGUCHI,17.072,108354,16002918,ROBERTO HELBERT SANCHEZ PALOMINO,10,JUNTOS POR EL PERÚ,12.291,9.95,78013,07845838,RAFAEL BERNARDO LÓPEZ ALIAGA CAZORLA,35,RENOVACIÓN POPULAR,7.587,6.142,48156,110000,2026-05-09T16:45:05.624371+00:00,784052,634697,29857
29021,99.227,29247,551424,2026-05-09T12:00:08.997442+00:00,2130,259635,-16.646,RAFAEL BERNARDO LÓPEZ ALIAGA CAZORLA,19.917,1203694,16002918,ROBERTO HELBERT SANCHEZ PALOMINO,10,JUNTOS POR EL PERÚ,3.271,2.884,197679,07845838,RAFAEL BERNARDO LÓPEZ ALIAGA CAZORLA,35,RENOVACIÓN POPULAR,19.917,17.56,1203694,140000,2026-05-09T17:00:08.567936+00:00,6854627,6043568,-1006015
1501,95.972,1564,56293,2026-05-09T12:00:10.509073+00:00,2131,16587,7.156,KEIKO SOFIA FUJIMORI HIGUCHI,29.55,64364,16002918,ROBERTO HELBERT SANCHEZ PALOMINO,10,JUNTOS POR EL PERÚ,12.863,9.638,28018,07845838,RAFAEL BERNARDO LÓPEZ ALIAGA CAZORLA,35,RENOVACIÓN POPULAR,5.707,4.276,12430,250000,2026-05-09T17:00:10.364494+00:00,290693,217813,15588
89619,99.331,90223,2280743,2026-05-09T13:00:06.435052+00:00,2132,1000776,0.514,KEIKO SOFIA FUJIMORI HIGUCHI,17.17,2806623,16002918,ROBERTO HELBERT SANCHEZ PALOMINO,10,JUNTOS POR EL PERÚ,12.181,10.145,1991131,07845838,RAFAEL BERNARDO LÓPEZ ALIAGA CAZORLA,35,RENOVACIÓN POPULAR,11.667,9.716,1906984,PERU,2026-05-09T18:00:05.749069+00:00,19627228,16345709,84147
92144,99.329,92766,2355535,2026-05-09T13:00:06.770613+00:00,2133,1029099,0.092,KEIKO SOFIA FUJIMORI HIGUCHI,17.168,2859077,16002918,ROBERTO HELBERT SANCHEZ PALOMINO,10,JUNTOS POR EL PERÚ,12.004,9.977,1999125,07845838,RAFAEL BERNARDO LÓPEZ ALIAGA CAZORLA,35,RENOVACIÓN POPULAR,11.912,9.9,1983865,TOTAL,2026-05-09T18:00:05.750542+00:00,20038305,16653671,15260
1304,99.013,1317,39430,2026-05-09T13:00:07.461252+00:00,2134,14419,37.826,ROBERTO HELBERT SANCHEZ PALOMINO,40.981,81718,16002918,ROBERTO HELBERT SANCHEZ PALOMINO,10,JUNTOS POR EL PERÚ,40.981,32.267,81718,07845838,RAFAEL BERNARDO LÓPEZ ALIAGA CAZORLA,35,RENOVACIÓN POPULAR,3.155,2.484,6292,030000,2026-05-09T18:00:06.993529+00:00,253253,199404,75426
4204,99.151,4240,123518,2026-05-09T13:00:08.253092+00:00,2135,53235,38.381,ROBERTO HELBERT SANCHEZ PALOMINO,41.628,266459,16002918,ROBERTO HELBERT SANCHEZ PALOMINO,10,JUNTOS POR EL PERÚ,41.628,32.62,266459,07845838,RAFAEL BERNARDO LÓPEZ ALIAGA CAZORLA,35,RENOVACIÓN POPULAR,3.247,2.544,20782,060000,2026-05-09T18:00:07.783328+00:00,816847,640094,245677
29034,99.272,29247,551698,2026-05-09T13:00:09.385041+00:00,2136,259713,-16.645,RAFAEL BERNARDO LÓPEZ ALIAGA CAZORLA,19.916,1204149,16002918,ROBERTO HELBERT SANCHEZ PALOMINO,10,JUNTOS POR EL PERÚ,3.271,2.884,197803,07845838,RAFAEL BERNARDO LÓPEZ ALIAGA CAZORLA,35,RENOVACIÓN POPULAR,19.916,17.559,1204149,140000,2026-05-09T18:00:08.862131+00:00,6857678,6046267,-1006346
1502,96.036,1564,56327,2026-05-09T13:00:10.90961+00:00,2137,16617,7.152,KEIKO SOFIA FUJIMORI HIGUCHI,29.555,64429,16002918,ROBERTO HELBERT SANCHEZ PALOMINO,10,JUNTOS POR EL PERÚ,12.861,9.636,28036,07845838,RAFAEL BERNARDO LÓPEZ ALIAGA CAZORLA,35,RENOVACIÓN POPULAR,5.709,4.278,12446,250000,2026-05-09T18:00:10.621069+00:00,290944,218000,15590
92162,99.349,92766,2355535,2026-05-09T13:15:04.510002+00:00,2138,1029099,0.092,KEIKO SOFIA FUJIMORI HIGUCHI,17.168,2859077,16002918,ROBERTO HELBERT SANCHEZ PALOMINO,10,JUNTOS POR EL PERÚ,12.004,9.977,1999125,07845838,RAFAEL BERNARDO LÓPEZ ALIAGA CAZORLA,35,RENOVACIÓN POPULAR,11.912,9.9,1983865,TOTAL,2026-05-09T18:15:03.377031+00:00,20038305,16653671,15260
1306,99.165,1317,39430,2026-05-09T13:15:05.194454+00:00,2139,14419,37.826,ROBERTO HELBERT SANCHEZ PALOMINO,40.981,81718,16002918,ROBERTO HELBERT SANCHEZ PALOMINO,10,JUNTOS POR EL PERÚ,40.981,32.267,81718,07845838,RAFAEL BERNARDO LÓPEZ ALIAGA CAZORLA,35,RENOVACIÓN POPULAR,3.155,2.484,6292,030000,2026-05-09T18:15:04.77728+00:00,253253,199404,75426
92214,99.405,92766,2357007,2026-05-09T14:15:03.888569+00:00,2140,1029716,0.091,KEIKO SOFIA FUJIMORI HIGUCHI,17.169,2860905,16002918,ROBERTO HELBERT SANCHEZ PALOMINO,10,JUNTOS POR EL PERÚ,12.002,9.974,1999870,07845838,RAFAEL BERNARDO LÓPEZ ALIAGA CAZORLA,35,RENOVACIÓN POPULAR,11.911,9.899,1984864,TOTAL,2026-05-09T19:15:03.305246+00:00,20050175,16663452,15006
89671,99.388,90223,2282215,2026-05-09T14:15:04.167356+00:00,2141,1001393,0.513,KEIKO SOFIA FUJIMORI HIGUCHI,17.171,2808451,16002918,ROBERTO HELBERT SANCHEZ PALOMINO,10,JUNTOS POR EL PERÚ,12.179,10.142,1991876,07845838,RAFAEL BERNARDO LÓPEZ ALIAGA CAZORLA,35,RENOVACIÓN POPULAR,11.666,9.715,1907983,PERU,2026-05-09T19:15:03.347375+00:00,19639098,16355490,83893
3923,98.494,3983,97016,2026-05-09T14:15:05.374968+00:00,2142,47877,17.971,ROBERTO HELBERT SANCHEZ PALOMINO,22.72,155243,16002918,ROBERTO HELBERT SANCHEZ PALOMINO,10,JUNTOS POR EL PERÚ,22.72,18.745,155243,07845838,RAFAEL BERNARDO LÓPEZ ALIAGA CAZORLA,35,RENOVACIÓN POPULAR,4.749,3.918,32449,070000,2026-05-09T19:15:05.004627+00:00,828180,683287,122794
2341,100.0,2341,73197,2026-05-09T14:15:05.733193+00:00,2143,24563,23.985,ROBERTO HELBERT SANCHEZ PALOMINO,29.869,102284,16002918,ROBERTO HELBERT SANCHEZ PALOMINO,10,JUNTOS POR EL PERÚ,29.869,23.236,102284,07845838,RAFAEL BERNARDO LÓPEZ ALIAGA CAZORLA,35,RENOVACIÓN POPULAR,5.884,4.577,20150,090000,2026-05-09T19:15:05.237252+00:00,440199,342439,82134
2439,99.836,2443,71234,2026-05-09T14:15:05.953029+00:00,2144,29074,-1.664,KEIKO SOFIA FUJIMORI HIGUCHI,20.328,97778,16002918,ROBERTO HELBERT SANCHEZ PALOMINO,10,JUNTOS POR EL PERÚ,7.723,6.391,37149,07845838,RAFAEL BERNARDO LÓPEZ ALIAGA CAZORLA,35,RENOVACIÓN POPULAR,9.387,7.768,45153,100000,2026-05-09T19:15:05.544249+00:00,581302,480994,-8004
29034,99.272,29247,552252,2026-05-09T14:15:06.589088+00:00,2145,260055,-16.637,RAFAEL BERNARDO LÓPEZ ALIAGA CAZORLA,19.91,1204837,16002918,ROBERTO HELBERT SANCHEZ PALOMINO,10,JUNTOS POR EL PERÚ,3.273,2.885,198053,07845838,RAFAEL BERNARDO LÓPEZ ALIAGA CAZORLA,35,RENOVACIÓN POPULAR,19.91,17.553,1204837,140000,2026-05-09T19:15:06.172979+00:00,6863835,6051528,-1006784
2695,99.926,2697,85282,2026-05-09T14:15:06.829515+00:00,2146,27069,3.172,KEIKO SOFIA FUJIMORI HIGUCHI,28.325,96719,16002918,ROBERTO HELBERT SANCHEZ PALOMINO,10,JUNTOS POR EL PERÚ,9.854,7.414,33647,07845838,RAFAEL BERNARDO LÓPEZ ALIAGA CAZORLA,35,RENOVACIÓN POPULAR,6.682,5.028,22817,150000,2026-05-09T19:15:06.314944+00:00,453816,341465,10830
1507,96.355,1564,56499,2026-05-09T14:15:08.247389+00:00,2147,16694,7.126,KEIKO SOFIA FUJIMORI HIGUCHI,29.569,64704,16002918,ROBERTO HELBERT SANCHEZ PALOMINO,10,JUNTOS POR EL PERÚ,12.841,9.623,28100,07845838,RAFAEL BERNARDO LÓPEZ ALIAGA CAZORLA,35,RENOVACIÓN POPULAR,5.715,4.283,12506,250000,2026-05-09T19:15:08.041024+00:00,292020,218827,15594
3923,98.494,3983,97345,2026-05-09T14:30:06.970783+00:00,2148,47995,17.937,ROBERTO HELBERT SANCHEZ PALOMINO,22.69,155541,16002918,ROBERTO HELBERT SANCHEZ PALOMINO,10,JUNTOS POR EL PERÚ,22.69,18.721,155541,07845838,RAFAEL BERNARDO LÓPEZ ALIAGA CAZORLA,35,RENOVACIÓN POPULAR,4.753,3.922,32585,070000,2026-05-09T19:30:06.476811+00:00,830856,685516,122956
2341,100.0,2341,73344,2026-05-09T14:30:07.41402+00:00,2149,24590,23.966,ROBERTO HELBERT SANCHEZ PALOMINO,29.851,102366,16002918,ROBERTO HELBERT SANCHEZ PALOMINO,10,JUNTOS POR EL PERÚ,29.851,23.22,102366,07845838,RAFAEL BERNARDO LÓPEZ ALIAGA CAZORLA,35,RENOVACIÓN POPULAR,5.885,4.578,20181,090000,2026-05-09T19:30:06.753195+00:00,440857,342923,82185
2439,99.836,2443,71360,2026-05-09T14:30:07.690554+00:00,2150,29116,-1.668,KEIKO SOFIA FUJIMORI HIGUCHI,20.324,97918,16002918,ROBERTO HELBERT SANCHEZ PALOMINO,10,JUNTOS POR EL PERÚ,7.72,6.388,37195,07845838,RAFAEL BERNARDO LÓPEZ ALIAGA CAZORLA,35,RENOVACIÓN POPULAR,9.388,7.768,45230,100000,2026-05-09T19:30:07.118693+00:00,582252,481776,-8035
29059,99.357,29247,552252,2026-05-09T14:30:08.357325+00:00,2151,260055,-16.637,RAFAEL BERNARDO LÓPEZ ALIAGA CAZORLA,19.91,1204837,16002918,ROBERTO HELBERT SANCHEZ PALOMINO,10,JUNTOS POR EL PERÚ,3.273,2.885,198053,07845838,RAFAEL BERNARDO LÓPEZ ALIAGA CAZORLA,35,RENOVACIÓN POPULAR,19.91,17.553,1204837,140000,2026-05-09T19:30:07.94474+00:00,6863835,6051528,-1006784
92233,99.425,92766,2357354,2026-05-09T15:30:05.667671+00:00,2152,1031313,0.088,KEIKO SOFIA FUJIMORI HIGUCHI,17.17,2861493,16002918,ROBERTO HELBERT SANCHEZ PALOMINO,10,JUNTOS POR EL PERÚ,12.0,9.973,1999983,07845838,RAFAEL BERNARDO LÓPEZ ALIAGA CAZORLA,35,RENOVACIÓN POPULAR,11.912,9.899,1985215,TOTAL,2026-05-09T20:30:05.307703+00:00,20054680,16666013,14768
89690,99.409,90223,2282562,2026-05-09T15:30:05.927437+00:00,2153,1002990,0.511,KEIKO SOFIA FUJIMORI HIGUCHI,17.172,2809039,16002918,ROBERTO HELBERT SANCHEZ PALOMINO,10,JUNTOS POR EL PERÚ,12.177,10.141,1991989,07845838,RAFAEL BERNARDO LÓPEZ ALIAGA CAZORLA,35,RENOVACIÓN POPULAR,11.666,9.715,1908334,PERU,2026-05-09T20:30:05.349602+00:00,19643603,16358051,83655
29075,99.412,29247,552488,2026-05-09T15:30:08.276506+00:00,2154,261629,-16.635,RAFAEL BERNARDO LÓPEZ ALIAGA CAZORLA,19.908,1205164,16002918,ROBERTO HELBERT SANCHEZ PALOMINO,10,JUNTOS POR EL PERÚ,3.273,2.885,198146,07845838,RAFAEL BERNARDO LÓPEZ ALIAGA CAZORLA,35,RENOVACIÓN POPULAR,19.908,17.548,1205164,140000,2026-05-09T20:30:07.838949+00:00,6867845,6053728,-1007018
2697,100.0,2697,85358,2026-05-09T15:30:08.577252+00:00,2155,27081,3.167,KEIKO SOFIA FUJIMORI HIGUCHI,28.338,96815,16002918,ROBERTO HELBERT SANCHEZ PALOMINO,10,JUNTOS POR EL PERÚ,9.851,7.412,33655,07845838,RAFAEL BERNARDO LÓPEZ ALIAGA CAZORLA,35,RENOVACIÓN POPULAR,6.684,5.029,22835,150000,2026-05-09T20:30:07.978338+00:00,454078,341639,10820
1508,96.419,1564,56534,2026-05-09T15:30:10.016947+00:00,2156,16705,7.123,KEIKO SOFIA FUJIMORI HIGUCHI,29.58,64785,16002918,ROBERTO HELBERT SANCHEZ PALOMINO,10,JUNTOS POR EL PERÚ,12.836,9.619,28112,07845838,RAFAEL BERNARDO LÓPEZ ALIAGA CAZORLA,35,RENOVACIÓN POPULAR,5.713,4.281,12512,250000,2026-05-09T20:30:09.717877+00:00,292253,219014,15600
89712,99.434,90223,2283160,2026-05-09T16:30:05.57448+00:00,2157,1003749,0.51,KEIKO SOFIA FUJIMORI HIGUCHI,17.173,2809863,16002918,ROBERTO HELBERT SANCHEZ PALOMINO,10,JUNTOS POR EL PERÚ,12.176,10.14,1992277,07845838,RAFAEL BERNARDO LÓPEZ ALIAGA CAZORLA,35,RENOVACIÓN POPULAR,11.666,9.715,1908776,PERU,2026-05-09T21:30:05.279977+00:00,19648618,16361709,83501
92255,99.449,92766,2357952,2026-05-09T16:30:05.851657+00:00,2158,1032072,0.087,KEIKO SOFIA FUJIMORI HIGUCHI,17.171,2862317,16002918,ROBERTO HELBERT SANCHEZ PALOMINO,10,JUNTOS POR EL PERÚ,11.999,9.972,2000271,07845838,RAFAEL BERNARDO LÓPEZ ALIAGA CAZORLA,35,RENOVACIÓN POPULAR,11.912,9.899,1985657,TOTAL,2026-05-09T21:30:05.322206+00:00,20059695,16669671,14614
1307,99.241,1317,39477,2026-05-09T16:30:06.491122+00:00,2159,14431,37.825,ROBERTO HELBERT SANCHEZ PALOMINO,40.981,81764,16002918,ROBERTO HELBERT SANCHEZ PALOMINO,10,JUNTOS POR EL PERÚ,40.981,32.264,81764,07845838,RAFAEL BERNARDO LÓPEZ ALIAGA CAZORLA,35,RENOVACIÓN POPULAR,3.156,2.484,6296,030000,2026-05-09T21:30:06.074659+00:00,253423,199515,75468
4215,100.0,4215,75007,2026-05-09T16:30:06.753104+00:00,2160,38934,-0.507,JORGE NIETO MONTESINOS,18.642,164086,16002918,ROBERTO HELBERT SANCHEZ PALOMINO,10,JUNTOS POR EL PERÚ,10.085,8.929,88766,07845838,RAFAEL BERNARDO LÓPEZ ALIAGA CAZORLA,35,RENOVACIÓN POPULAR,10.592,9.378,93233,040000,2026-05-09T21:30:06.213289+00:00,994148,880207,-4467
3684,99.81,3691,107262,2026-05-09T16:30:07.836195+00:00,2161,42125,4.699,KEIKO SOFIA FUJIMORI HIGUCHI,17.073,108396,16002918,ROBERTO HELBERT SANCHEZ PALOMINO,10,JUNTOS POR EL PERÚ,12.289,9.948,78021,07845838,RAFAEL BERNARDO LÓPEZ ALIAGA CAZORLA,35,RENOVACIÓN POPULAR,7.59,6.144,48186,110000,2026-05-09T21:30:07.427552+00:00,784279,634892,29835
29085,99.446,29247,552670,2026-05-09T16:30:08.362253+00:00,2162,262192,-16.632,RAFAEL BERNARDO LÓPEZ ALIAGA CAZORLA,19.906,1205350,16002918,ROBERTO HELBERT SANCHEZ PALOMINO,10,JUNTOS POR EL PERÚ,3.274,2.886,198239,07845838,RAFAEL BERNARDO LÓPEZ ALIAGA CAZORLA,35,RENOVACIÓN POPULAR,19.906,17.545,1205350,140000,2026-05-09T21:30:07.956323+00:00,6870091,6055229,-1007111
1517,96.995,1564,56869,2026-05-09T16:30:09.867643+00:00,2163,16881,7.072,KEIKO SOFIA FUJIMORI HIGUCHI,29.58,65260,16002918,ROBERTO HELBERT SANCHEZ PALOMINO,10,JUNTOS POR EL PERÚ,12.804,9.596,28249,07845838,RAFAEL BERNARDO LÓPEZ ALIAGA CAZORLA,35,RENOVACIÓN POPULAR,5.732,4.296,12647,250000,2026-05-09T21:30:09.606681+00:00,294375,220625,15602
92265,99.46,92766,2358334,2026-05-09T17:15:04.451587+00:00,2164,1032184,0.089,KEIKO SOFIA FUJIMORI HIGUCHI,17.172,2862787,16002918,ROBERTO HELBERT SANCHEZ PALOMINO,10,JUNTOS POR EL PERÚ,12.0,9.972,2000575,07845838,RAFAEL BERNARDO LÓPEZ ALIAGA CAZORLA,35,RENOVACIÓN POPULAR,11.911,9.898,1985749,TOTAL,2026-05-09T22:15:03.587415+00:00,20061829,16671311,14826
89722,99.445,90223,2283542,2026-05-09T17:15:04.710425+00:00,2165,1003861,0.511,KEIKO SOFIA FUJIMORI HIGUCHI,17.175,2810333,16002918,ROBERTO HELBERT SANCHEZ PALOMINO,10,JUNTOS POR EL PERÚ,12.177,10.14,1992581,07845838,RAFAEL BERNARDO LÓPEZ ALIAGA CAZORLA,35,RENOVACIÓN POPULAR,11.666,9.714,1908868,PERU,2026-05-09T22:15:03.629199+00:00,19650752,16363349,83713
1527,97.634,1564,57251,2026-05-09T17:15:08.542936+00:00,2166,16993,7.115,KEIKO SOFIA FUJIMORI HIGUCHI,29.573,65730,16002918,ROBERTO HELBERT SANCHEZ PALOMINO,10,JUNTOS POR EL PERÚ,12.846,9.63,28553,07845838,RAFAEL BERNARDO LÓPEZ ALIAGA CAZORLA,35,RENOVACIÓN POPULAR,5.731,4.296,12739,250000,2026-05-09T22:15:08.172322+00:00,296509,222265,15814
92274,99.47,92766,2358624,2026-05-09T18:15:03.925118+00:00,2167,1032317,0.089,KEIKO SOFIA FUJIMORI HIGUCHI,17.173,2863195,16002918,ROBERTO HELBERT SANCHEZ PALOMINO,10,JUNTOS POR EL PERÚ,12.0,9.972,2000769,07845838,RAFAEL BERNARDO LÓPEZ ALIAGA CAZORLA,35,RENOVACIÓN POPULAR,11.911,9.898,1985830,TOTAL,2026-05-09T23:15:03.559933+00:00,20063751,16672810,14939
89731,99.455,90223,2283832,2026-05-09T18:15:04.330727+00:00,2168,1003994,0.512,KEIKO SOFIA FUJIMORI HIGUCHI,17.175,2810741,16002918,ROBERTO HELBERT SANCHEZ PALOMINO,10,JUNTOS POR EL PERÚ,12.177,10.14,1992775,07845838,RAFAEL BERNARDO LÓPEZ ALIAGA CAZORLA,35,RENOVACIÓN POPULAR,11.665,9.713,1908949,PERU,2026-05-09T23:15:03.561395+00:00,19652674,16364848,83826
3686,99.865,3691,107262,2026-05-09T18:15:06.336025+00:00,2169,42125,4.699,KEIKO SOFIA FUJIMORI HIGUCHI,17.073,108396,16002918,ROBERTO HELBERT SANCHEZ PALOMINO,10,JUNTOS POR EL PERÚ,12.289,9.948,78021,07845838,RAFAEL BERNARDO LÓPEZ ALIAGA CAZORLA,35,RENOVACIÓN POPULAR,7.59,6.144,48186,110000,2026-05-09T23:15:05.919254+00:00,784279,634892,29835
5179,98.069,5281,179486,2026-05-09T18:15:07.563662+00:00,2170,81960,4.638,KEIKO SOFIA FUJIMORI HIGUCHI,27.993,242122,16002918,ROBERTO HELBERT SANCHEZ PALOMINO,10,JUNTOS POR EL PERÚ,11.353,8.718,98195,07845838,RAFAEL BERNARDO LÓPEZ ALIAGA CAZORLA,35,RENOVACIÓN POPULAR,6.715,5.156,58081,190000,2026-05-09T23:15:07.105708+00:00,1126371,864925,40114
1532,97.954,1564,57411,2026-05-09T18:15:08.44201+00:00,2171,17061,7.107,KEIKO SOFIA FUJIMORI HIGUCHI,29.581,66003,16002918,ROBERTO HELBERT SANCHEZ PALOMINO,10,JUNTOS POR EL PERÚ,12.838,9.625,28644,07845838,RAFAEL BERNARDO LÓPEZ ALIAGA CAZORLA,35,RENOVACIÓN POPULAR,5.731,4.297,12788,250000,2026-05-09T23:15:08.140703+00:00,297596,223124,15856
2440,99.877,2443,71386,2026-05-09T18:30:07.147933+00:00,2172,29125,-1.663,KEIKO SOFIA FUJIMORI HIGUCHI,20.32,97932,16002918,ROBERTO HELBERT SANCHEZ PALOMINO,10,JUNTOS POR EL PERÚ,7.724,6.391,37224,07845838,RAFAEL BERNARDO LÓPEZ ALIAGA CAZORLA,35,RENOVACIÓN POPULAR,9.387,7.767,45240,100000,2026-05-09T23:30:06.777476+00:00,582467,481956,-8016
3686,99.865,3691,107331,2026-05-09T18:30:07.459676+00:00,2173,42158,4.706,KEIKO SOFIA FUJIMORI HIGUCHI,17.077,108466,16002918,ROBERTO HELBERT SANCHEZ PALOMINO,10,JUNTOS POR EL PERÚ,12.293,9.951,78078,07845838,RAFAEL BERNARDO LÓPEZ ALIAGA CAZORLA,35,RENOVACIÓN POPULAR,7.587,6.142,48191,110000,2026-05-09T23:30:06.837052+00:00,784631,635142,29887
5180,98.087,5281,179486,2026-05-09T18:30:08.733712+00:00,2174,81960,4.638,KEIKO SOFIA FUJIMORI HIGUCHI,27.993,242122,16002918,ROBERTO HELBERT SANCHEZ PALOMINO,10,JUNTOS POR EL PERÚ,11.353,8.718,98195,07845838,RAFAEL BERNARDO LÓPEZ ALIAGA CAZORLA,35,RENOVACIÓN POPULAR,6.715,5.156,58081,190000,2026-05-09T23:30:08.286386+00:00,1126371,864925,40114
89747,99.472,90223,2284368,2026-05-09T19:15:03.955321+00:00,2175,1004183,0.513,KEIKO SOFIA FUJIMORI HIGUCHI,17.176,2811340,16002918,ROBERTO HELBERT SANCHEZ PALOMINO,10,JUNTOS POR EL PERÚ,12.177,10.14,1993134,07845838,RAFAEL BERNARDO LÓPEZ ALIAGA CAZORLA,35,RENOVACIÓN POPULAR,11.664,9.713,1909126,PERU,2026-05-10T00:15:03.623879+00:00,19656162,16367611,84008
92290,99.487,92766,2359160,2026-05-09T19:15:04.377532+00:00,2176,1032506,0.09,KEIKO SOFIA FUJIMORI HIGUCHI,17.174,2863794,16002918,ROBERTO HELBERT SANCHEZ PALOMINO,10,JUNTOS POR EL PERÚ,12.0,9.972,2001128,07845838,RAFAEL BERNARDO LÓPEZ ALIAGA CAZORLA,35,RENOVACIÓN POPULAR,11.91,9.897,1986007,TOTAL,2026-05-10T00:15:03.665579+00:00,20067239,16675573,15121
3923,98.494,3983,97390,2026-05-09T19:15:05.685354+00:00,2177,48023,17.928,ROBERTO HELBERT SANCHEZ PALOMINO,22.682,155577,16002918,ROBERTO HELBERT SANCHEZ PALOMINO,10,JUNTOS POR EL PERÚ,22.682,18.715,155577,07845838,RAFAEL BERNARDO LÓPEZ ALIAGA CAZORLA,35,RENOVACIÓN POPULAR,4.754,3.922,32605,070000,2026-05-10T00:15:05.205237+00:00,831317,685904,122972
3691,100.0,3691,107546,2026-05-09T19:15:06.529309+00:00,2178,42219,4.719,KEIKO SOFIA FUJIMORI HIGUCHI,17.085,108631,16002918,ROBERTO HELBERT SANCHEZ PALOMINO,10,JUNTOS POR EL PERÚ,12.303,9.957,78227,07845838,RAFAEL BERNARDO LÓPEZ ALIAGA CAZORLA,35,RENOVACIÓN POPULAR,7.584,6.138,48223,110000,2026-05-10T00:15:05.879922+00:00,785610,635845,30004
29093,99.473,29247,552908,2026-05-09T19:15:07.322882+00:00,2179,262290,-16.628,RAFAEL BERNARDO LÓPEZ ALIAGA CAZORLA,19.903,1205471,16002918,ROBERTO HELBERT SANCHEZ PALOMINO,10,JUNTOS POR EL PERÚ,3.275,2.887,198378,07845838,RAFAEL BERNARDO LÓPEZ ALIAGA CAZORLA,35,RENOVACIÓN POPULAR,19.903,17.542,1205471,140000,2026-05-10T00:15:06.325144+00:00,6872034,6056836,-1007093
1533,98.018,1564,57449,2026-05-09T19:15:09.046948+00:00,2180,17063,7.119,KEIKO SOFIA FUJIMORI HIGUCHI,29.575,66009,16002918,ROBERTO HELBERT SANCHEZ PALOMINO,10,JUNTOS POR EL PERÚ,12.85,9.633,28679,07845838,RAFAEL BERNARDO LÓPEZ ALIAGA CAZORLA,35,RENOVACIÓN POPULAR,5.731,4.297,12792,250000,2026-05-10T00:15:08.593186+00:00,297701,223189,15887
3925,98.544,3983,97390,2026-05-09T19:30:07.361369+00:00,2181,48023,17.928,ROBERTO HELBERT SANCHEZ PALOMINO,22.682,155577,16002918,ROBERTO HELBERT SANCHEZ PALOMINO,10,JUNTOS POR EL PERÚ,22.682,18.715,155577,07845838,RAFAEL BERNARDO LÓPEZ ALIAGA CAZORLA,35,RENOVACIÓN POPULAR,4.754,3.922,32605,070000,2026-05-10T00:30:07.050755+00:00,831317,685904,122972
89764,99.491,90223,2284705,2026-05-09T20:15:03.816226+00:00,2182,1004470,0.511,KEIKO SOFIA FUJIMORI HIGUCHI,17.176,2811880,16002918,ROBERTO HELBERT SANCHEZ PALOMINO,10,JUNTOS POR EL PERÚ,12.176,10.139,1993388,07845838,RAFAEL BERNARDO LÓPEZ ALIAGA CAZORLA,35,RENOVACIÓN POPULAR,11.665,9.714,1909729,PERU,2026-05-10T01:15:03.555509+00:00,19660163,16370988,83659
92307,99.505,92766,2359497,2026-05-09T20:15:04.098751+00:00,2183,1032793,0.088,KEIKO SOFIA FUJIMORI HIGUCHI,17.173,2864334,16002918,ROBERTO HELBERT SANCHEZ PALOMINO,10,JUNTOS POR EL PERÚ,11.999,9.971,2001382,07845838,RAFAEL BERNARDO LÓPEZ ALIAGA CAZORLA,35,RENOVACIÓN POPULAR,11.911,9.898,1986610,TOTAL,2026-05-10T01:15:03.596131+00:00,20071240,16678950,14772
3925,98.544,3983,97555,2026-05-09T20:15:05.224292+00:00,2184,48150,17.927,ROBERTO HELBERT SANCHEZ PALOMINO,22.679,155751,16002918,ROBERTO HELBERT SANCHEZ PALOMINO,10,JUNTOS POR EL PERÚ,22.679,18.71,155751,07845838,RAFAEL BERNARDO LÓPEZ ALIAGA CAZORLA,35,RENOVACIÓN POPULAR,4.752,3.92,32632,070000,2026-05-10T01:15:04.865116+00:00,832467,686762,123119
29105,99.514,29247,552908,2026-05-09T20:15:06.349253+00:00,2185,262290,-16.628,RAFAEL BERNARDO LÓPEZ ALIAGA CAZORLA,19.903,1205471,16002918,ROBERTO HELBERT SANCHEZ PALOMINO,10,JUNTOS POR EL PERÚ,3.275,2.887,198378,07845838,RAFAEL BERNARDO LÓPEZ ALIAGA CAZORLA,35,RENOVACIÓN POPULAR,19.903,17.542,1205471,140000,2026-05-10T01:15:05.941906+00:00,6872034,6056836,-1007093
3930,98.669,3983,97555,2026-05-09T20:30:07.5256+00:00,2186,48150,17.927,ROBERTO HELBERT SANCHEZ PALOMINO,22.679,155751,16002918,ROBERTO HELBERT SANCHEZ PALOMINO,10,JUNTOS POR EL PERÚ,22.679,18.71,155751,07845838,RAFAEL BERNARDO LÓPEZ ALIAGA CAZORLA,35,RENOVACIÓN POPULAR,4.752,3.92,32632,070000,2026-05-10T01:30:07.114578+00:00,832467,686762,123119
29105,99.514,29247,553080,2026-05-09T20:30:08.697421+00:00,2187,262450,-16.629,RAFAEL BERNARDO LÓPEZ ALIAGA CAZORLA,19.904,1206047,16002918,ROBERTO HELBERT SANCHEZ PALOMINO,10,JUNTOS POR EL PERÚ,3.275,2.887,198458,07845838,RAFAEL BERNARDO LÓPEZ ALIAGA CAZORLA,35,RENOVACIÓN POPULAR,19.904,17.543,1206047,140000,2026-05-10T01:30:08.342344+00:00,6874885,6059355,-1007589
29113,99.542,29247,553080,2026-05-09T21:15:06.942437+00:00,2188,262450,-16.629,RAFAEL BERNARDO LÓPEZ ALIAGA CAZORLA,19.904,1206047,16002918,ROBERTO HELBERT SANCHEZ PALOMINO,10,JUNTOS POR EL PERÚ,3.275,2.887,198458,07845838,RAFAEL BERNARDO LÓPEZ ALIAGA CAZORLA,35,RENOVACIÓN POPULAR,19.904,17.543,1206047,140000,2026-05-10T02:15:06.338396+00:00,6874885,6059355,-1007589
92317,99.516,92766,2359681,2026-05-09T21:30:06.201807+00:00,2189,1033122,0.088,KEIKO SOFIA FUJIMORI HIGUCHI,17.173,2864655,16002918,ROBERTO HELBERT SANCHEZ PALOMINO,10,JUNTOS POR EL PERÚ,11.999,9.971,2001531,07845838,RAFAEL BERNARDO LÓPEZ ALIAGA CAZORLA,35,RENOVACIÓN POPULAR,11.911,9.898,1986833,TOTAL,2026-05-10T02:30:05.728616+00:00,20073518,16680715,14698
89774,99.502,90223,2284889,2026-05-09T21:30:06.596695+00:00,2190,1004799,0.511,KEIKO SOFIA FUJIMORI HIGUCHI,17.176,2812201,16002918,ROBERTO HELBERT SANCHEZ PALOMINO,10,JUNTOS POR EL PERÚ,12.176,10.139,1993537,07845838,RAFAEL BERNARDO LÓPEZ ALIAGA CAZORLA,35,RENOVACIÓN POPULAR,11.665,9.714,1909952,PERU,2026-05-10T02:30:05.769531+00:00,19662441,16372753,83585
3932,98.72,3983,97601,2026-05-09T21:30:08.275809+00:00,2191,48172,17.921,ROBERTO HELBERT SANCHEZ PALOMINO,22.673,155795,16002918,ROBERTO HELBERT SANCHEZ PALOMINO,10,JUNTOS POR EL PERÚ,22.673,18.705,155795,07845838,RAFAEL BERNARDO LÓPEZ ALIAGA CAZORLA,35,RENOVACIÓN POPULAR,4.752,3.921,32655,070000,2026-05-10T02:30:07.843047+00:00,832903,687130,123140
29113,99.542,29247,553218,2026-05-09T21:30:09.50141+00:00,2192,262757,-16.627,RAFAEL BERNARDO LÓPEZ ALIAGA CAZORLA,19.903,1206247,16002918,ROBERTO HELBERT SANCHEZ PALOMINO,10,JUNTOS POR EL PERÚ,3.276,2.887,198563,07845838,RAFAEL BERNARDO LÓPEZ ALIAGA CAZORLA,35,RENOVACIÓN POPULAR,19.903,17.541,1206247,140000,2026-05-10T02:30:08.977159+00:00,6876727,6060752,-1007684
92320,99.519,92766,2359798,2026-05-09T22:15:04.270357+00:00,2193,1033163,0.088,KEIKO SOFIA FUJIMORI HIGUCHI,17.174,2864778,16002918,ROBERTO HELBERT SANCHEZ PALOMINO,10,JUNTOS POR EL PERÚ,11.999,9.971,2001567,07845838,RAFAEL BERNARDO LÓPEZ ALIAGA CAZORLA,35,RENOVACIÓN POPULAR,11.911,9.898,1986876,TOTAL,2026-05-10T03:15:03.411197+00:00,20074269,16681308,14691
89774,99.502,90223,2285006,2026-05-09T22:15:04.637735+00:00,2194,1004840,0.511,KEIKO SOFIA FUJIMORI HIGUCHI,17.176,2812324,16002918,ROBERTO HELBERT SANCHEZ PALOMINO,10,JUNTOS POR EL PERÚ,12.176,10.139,1993573,07845838,RAFAEL BERNARDO LÓPEZ ALIAGA CAZORLA,35,RENOVACIÓN POPULAR,11.665,9.714,1909995,PERU,2026-05-10T03:15:03.452568+00:00,19663192,16373346,83578
2443,100.0,2443,71503,2026-05-09T22:15:06.423406+00:00,2195,29166,-1.663,KEIKO SOFIA FUJIMORI HIGUCHI,20.32,98055,16002918,ROBERTO HELBERT SANCHEZ PALOMINO,10,JUNTOS POR EL PERÚ,7.721,6.389,37260,07845838,RAFAEL BERNARDO LÓPEZ ALIAGA CAZORLA,35,RENOVACIÓN POPULAR,9.384,7.764,45283,100000,2026-05-10T03:15:06.12244+00:00,583218,482549,-8023
89777,99.506,90223,2285006,2026-05-09T22:30:05.784795+00:00,2196,1004840,0.511,KEIKO SOFIA FUJIMORI HIGUCHI,17.176,2812324,16002918,ROBERTO HELBERT SANCHEZ PALOMINO,10,JUNTOS POR EL PERÚ,12.176,10.139,1993573,07845838,RAFAEL BERNARDO LÓPEZ ALIAGA CAZORLA,35,RENOVACIÓN POPULAR,11.665,9.714,1909995,PERU,2026-05-10T03:30:05.433029+00:00,19663192,16373346,83578
89780,99.509,90223,2285046,2026-05-09T23:30:06.218791+00:00,2197,1004889,0.51,KEIKO SOFIA FUJIMORI HIGUCHI,17.176,2812424,16002918,ROBERTO HELBERT SANCHEZ PALOMINO,10,JUNTOS POR EL PERÚ,12.175,10.138,1993580,07845838,RAFAEL BERNARDO LÓPEZ ALIAGA CAZORLA,35,RENOVACIÓN POPULAR,11.665,9.714,1910103,PERU,2026-05-10T04:30:05.339465+00:00,19663912,16373977,83477
92323,99.522,92766,2359838,2026-05-09T23:30:06.540755+00:00,2198,1033212,0.087,KEIKO SOFIA FUJIMORI HIGUCHI,17.174,2864878,16002918,ROBERTO HELBERT SANCHEZ PALOMINO,10,JUNTOS POR EL PERÚ,11.998,9.97,2001574,07845838,RAFAEL BERNARDO LÓPEZ ALIAGA CAZORLA,35,RENOVACIÓN POPULAR,11.911,9.898,1986984,TOTAL,2026-05-10T04:30:05.381347+00:00,20074989,16681939,14590
29116,99.552,29247,553258,2026-05-09T23:30:08.842644+00:00,2199,262806,-16.626,RAFAEL BERNARDO LÓPEZ ALIAGA CAZORLA,19.902,1206355,16002918,ROBERTO HELBERT SANCHEZ PALOMINO,10,JUNTOS POR EL PERÚ,3.276,2.887,198570,07845838,RAFAEL BERNARDO LÓPEZ ALIAGA CAZORLA,35,RENOVACIÓN POPULAR,19.902,17.541,1206355,140000,2026-05-10T04:30:08.408023+00:00,6877447,6061383,-1007785
92334,99.534,92766,2360000,2026-05-10T00:30:05.689232+00:00,2200,1033296,0.085,KEIKO SOFIA FUJIMORI HIGUCHI,17.174,2865292,16002918,ROBERTO HELBERT SANCHEZ PALOMINO,10,JUNTOS POR EL PERÚ,11.997,9.969,2001632,07845838,RAFAEL BERNARDO LÓPEZ ALIAGA CAZORLA,35,RENOVACIÓN POPULAR,11.912,9.899,1987417,TOTAL,2026-05-10T05:30:05.275129+00:00,20077644,16684348,14215
89791,99.521,90223,2285208,2026-05-10T00:30:06.019332+00:00,2201,1004973,0.508,KEIKO SOFIA FUJIMORI HIGUCHI,17.176,2812838,16002918,ROBERTO HELBERT SANCHEZ PALOMINO,10,JUNTOS POR EL PERÚ,12.174,10.137,1993638,07845838,RAFAEL BERNARDO LÓPEZ ALIAGA CAZORLA,35,RENOVACIÓN POPULAR,11.666,9.715,1910536,PERU,2026-05-10T05:30:05.276592+00:00,19666567,16376386,83102
29127,99.59,29247,553420,2026-05-10T00:30:08.21255+00:00,2202,262890,-16.626,RAFAEL BERNARDO LÓPEZ ALIAGA CAZORLA,19.902,1206788,16002918,ROBERTO HELBERT SANCHEZ PALOMINO,10,JUNTOS POR EL PERÚ,3.276,2.887,198628,07845838,RAFAEL BERNARDO LÓPEZ ALIAGA CAZORLA,35,RENOVACIÓN POPULAR,19.902,17.54,1206788,140000,2026-05-10T05:30:07.805196+00:00,6880102,6063792,-1008160
92335,99.535,92766,2360014,2026-05-10T02:30:05.793646+00:00,2203,1033301,0.085,KEIKO SOFIA FUJIMORI HIGUCHI,17.173,2865313,16002918,ROBERTO HELBERT SANCHEZ PALOMINO,10,JUNTOS POR EL PERÚ,11.997,9.969,2001632,07845838,RAFAEL BERNARDO LÓPEZ ALIAGA CAZORLA,35,RENOVACIÓN POPULAR,11.912,9.899,1987495,TOTAL,2026-05-10T07:30:05.032912+00:00,20077865,16684550,14137
89792,99.522,90223,2285222,2026-05-10T02:30:06.064273+00:00,2204,1004978,0.507,KEIKO SOFIA FUJIMORI HIGUCHI,17.176,2812859,16002918,ROBERTO HELBERT SANCHEZ PALOMINO,10,JUNTOS POR EL PERÚ,12.174,10.137,1993638,07845838,RAFAEL BERNARDO LÓPEZ ALIAGA CAZORLA,35,RENOVACIÓN POPULAR,11.667,9.715,1910614,PERU,2026-05-10T07:30:05.075508+00:00,19666788,16376588,83024
29128,99.593,29247,553434,2026-05-10T02:30:08.269624+00:00,2205,262895,-16.626,RAFAEL BERNARDO LÓPEZ ALIAGA CAZORLA,19.902,1206866,16002918,ROBERTO HELBERT SANCHEZ PALOMINO,10,JUNTOS POR EL PERÚ,3.276,2.887,198628,07845838,RAFAEL BERNARDO LÓPEZ ALIAGA CAZORLA,35,RENOVACIÓN POPULAR,19.902,17.541,1206866,140000,2026-05-10T07:30:07.904827+00:00,6880323,6063994,-1008238
92343,99.544,92766,2360115,2026-05-10T03:15:04.232153+00:00,2206,1033574,0.081,KEIKO SOFIA FUJIMORI HIGUCHI,17.173,2865480,16002918,ROBERTO HELBERT SANCHEZ PALOMINO,10,JUNTOS POR EL PERÚ,11.996,9.968,2001640,07845838,RAFAEL BERNARDO LÓPEZ ALIAGA CAZORLA,35,RENOVACIÓN POPULAR,11.915,9.901,1988094,TOTAL,2026-05-10T08:15:03.439008+00:00,20079763,16686074,13546
89800,99.531,90223,2285323,2026-05-10T03:15:04.54652+00:00,2207,1005251,0.504,KEIKO SOFIA FUJIMORI HIGUCHI,17.176,2813026,16002918,ROBERTO HELBERT SANCHEZ PALOMINO,10,JUNTOS POR EL PERÚ,12.173,10.136,1993646,07845838,RAFAEL BERNARDO LÓPEZ ALIAGA CAZORLA,35,RENOVACIÓN POPULAR,11.669,9.717,1911213,PERU,2026-05-10T08:15:03.440421+00:00,19668686,16378112,82433
29136,99.62,29247,553535,2026-05-10T03:15:06.700937+00:00,2208,263168,-16.632,RAFAEL BERNARDO LÓPEZ ALIAGA CAZORLA,19.907,1207465,16002918,ROBERTO HELBERT SANCHEZ PALOMINO,10,JUNTOS POR EL PERÚ,3.275,2.886,198636,07845838,RAFAEL BERNARDO LÓPEZ ALIAGA CAZORLA,35,RENOVACIÓN POPULAR,19.907,17.545,1207465,140000,2026-05-10T08:15:06.284092+00:00,6882221,6065518,-1008829
92348,99.549,92766,2360193,2026-05-10T07:30:05.948922+00:00,2209,1033823,0.079,KEIKO SOFIA FUJIMORI HIGUCHI,17.173,2865593,16002918,ROBERTO HELBERT SANCHEZ PALOMINO,10,JUNTOS POR EL PERÚ,11.995,9.968,2001649,07845838,RAFAEL BERNARDO LÓPEZ ALIAGA CAZORLA,35,RENOVACIÓN POPULAR,11.916,9.902,1988394,TOTAL,2026-05-10T12:30:05.183439+00:00,20080997,16686981,13255
89805,99.537,90223,2285401,2026-05-10T07:30:06.253653+00:00,2210,1005500,0.502,KEIKO SOFIA FUJIMORI HIGUCHI,17.175,2813139,16002918,ROBERTO HELBERT SANCHEZ PALOMINO,10,JUNTOS POR EL PERÚ,12.172,10.136,1993655,07845838,RAFAEL BERNARDO LÓPEZ ALIAGA CAZORLA,35,RENOVACIÓN POPULAR,11.67,9.718,1911513,PERU,2026-05-10T12:30:05.225377+00:00,19669920,16379019,82142
29141,99.638,29247,553613,2026-05-10T07:30:08.508223+00:00,2211,263417,-16.635,RAFAEL BERNARDO LÓPEZ ALIAGA CAZORLA,19.909,1207765,16002918,ROBERTO HELBERT SANCHEZ PALOMINO,10,JUNTOS POR EL PERÚ,3.274,2.886,198645,07845838,RAFAEL BERNARDO LÓPEZ ALIAGA CAZORLA,35,RENOVACIÓN POPULAR,19.909,17.546,1207765,140000,2026-05-10T12:30:08.09209+00:00,6883455,6066425,-1009120
89812,99.544,90223,2285522,2026-05-10T11:15:03.959276+00:00,2212,1005815,0.5,KEIKO SOFIA FUJIMORI HIGUCHI,17.176,2813397,16002918,ROBERTO HELBERT SANCHEZ PALOMINO,10,JUNTOS POR EL PERÚ,12.171,10.135,1993694,07845838,RAFAEL BERNARDO LÓPEZ ALIAGA CAZORLA,35,RENOVACIÓN POPULAR,11.671,9.718,1911740,PERU,2026-05-10T16:15:03.390876+00:00,19671600,16380263,81954
92355,99.557,92766,2360314,2026-05-10T11:15:04.241733+00:00,2213,1034138,0.079,KEIKO SOFIA FUJIMORI HIGUCHI,17.173,2865851,16002918,ROBERTO HELBERT SANCHEZ PALOMINO,10,JUNTOS POR EL PERÚ,11.995,9.967,2001688,07845838,RAFAEL BERNARDO LÓPEZ ALIAGA CAZORLA,35,RENOVACIÓN POPULAR,11.916,9.902,1988621,TOTAL,2026-05-10T16:15:03.432068+00:00,20082677,16688225,13067
29147,99.658,29247,553734,2026-05-10T11:15:06.343411+00:00,2214,263468,-16.635,RAFAEL BERNARDO LÓPEZ ALIAGA CAZORLA,19.909,1207992,16002918,ROBERTO HELBERT SANCHEZ PALOMINO,10,JUNTOS POR EL PERÚ,3.274,2.886,198684,07845838,RAFAEL BERNARDO LÓPEZ ALIAGA CAZORLA,35,RENOVACIÓN POPULAR,19.909,17.546,1207992,140000,2026-05-10T16:15:05.855476+00:00,6884871,6067669,-1009308
2891,99.758,2898,62414,2026-05-10T11:15:07.647865+00:00,2215,30034,-12.016,KEIKO SOFIA FUJIMORI HIGUCHI,20.679,119366,16002918,ROBERTO HELBERT SANCHEZ PALOMINO,10,JUNTOS POR EL PERÚ,3.007,2.592,17355,07845838,RAFAEL BERNARDO LÓPEZ ALIAGA CAZORLA,35,RENOVACIÓN POPULAR,15.023,12.949,86717,240000,2026-05-10T16:15:07.240889+00:00,669689,577241,-69362
92360,99.562,92766,2360356,2026-05-10T12:15:04.838255+00:00,2216,1035028,0.077,KEIKO SOFIA FUJIMORI HIGUCHI,17.173,2865931,16002918,ROBERTO HELBERT SANCHEZ PALOMINO,10,JUNTOS POR EL PERÚ,11.994,9.967,2001700,07845838,RAFAEL BERNARDO LÓPEZ ALIAGA CAZORLA,35,RENOVACIÓN POPULAR,11.917,9.902,1988736,TOTAL,2026-05-10T17:15:04.015485+00:00,20084043,16688659,12964
89817,99.55,90223,2285564,2026-05-10T12:15:05.095535+00:00,2217,1006705,0.5,KEIKO SOFIA FUJIMORI HIGUCHI,17.176,2813477,16002918,ROBERTO HELBERT SANCHEZ PALOMINO,10,JUNTOS POR EL PERÚ,12.171,10.134,1993706,07845838,RAFAEL BERNARDO LÓPEZ ALIAGA CAZORLA,35,RENOVACIÓN POPULAR,11.671,9.718,1911855,PERU,2026-05-10T17:15:04.057394+00:00,19672966,16380697,81851
29150,99.668,29247,553776,2026-05-10T12:15:07.143177+00:00,2218,263758,-16.635,RAFAEL BERNARDO LÓPEZ ALIAGA CAZORLA,19.909,1208107,16002918,ROBERTO HELBERT SANCHEZ PALOMINO,10,JUNTOS POR EL PERÚ,3.274,2.886,198696,07845838,RAFAEL BERNARDO LÓPEZ ALIAGA CAZORLA,35,RENOVACIÓN POPULAR,19.909,17.545,1208107,140000,2026-05-10T17:15:06.797692+00:00,6885637,6068103,-1009411
2893,99.827,2898,62414,2026-05-10T12:30:08.684643+00:00,2219,30634,-12.016,KEIKO SOFIA FUJIMORI HIGUCHI,20.679,119366,16002918,ROBERTO HELBERT SANCHEZ PALOMINO,10,JUNTOS POR EL PERÚ,3.007,2.589,17355,07845838,RAFAEL BERNARDO LÓPEZ ALIAGA CAZORLA,35,RENOVACIÓN POPULAR,15.023,12.937,86717,240000,2026-05-10T17:30:08.325196+00:00,670289,577241,-69362
89817,99.55,90223,2285793,2026-05-10T14:30:05.509085+00:00,2220,1007098,0.498,KEIKO SOFIA FUJIMORI HIGUCHI,17.176,2813856,16002918,ROBERTO HELBERT SANCHEZ PALOMINO,10,JUNTOS POR EL PERÚ,12.17,10.133,1993798,07845838,RAFAEL BERNARDO LÓPEZ ALIAGA CAZORLA,35,RENOVACIÓN POPULAR,11.672,9.718,1912187,PERU,2026-05-10T19:30:05.290741+00:00,19675838,16382947,81611
92372,99.575,92766,2360585,2026-05-10T14:45:04.418922+00:00,2221,1035421,0.076,KEIKO SOFIA FUJIMORI HIGUCHI,17.173,2866310,16002918,ROBERTO HELBERT SANCHEZ PALOMINO,10,JUNTOS POR EL PERÚ,11.993,9.966,2001792,07845838,RAFAEL BERNARDO LÓPEZ ALIAGA CAZORLA,35,RENOVACIÓN POPULAR,11.917,9.902,1989068,TOTAL,2026-05-10T19:45:03.524104+00:00,20086915,16690909,12724
89829,99.563,90223,2285793,2026-05-10T14:45:04.650151+00:00,2222,1007098,0.498,KEIKO SOFIA FUJIMORI HIGUCHI,17.176,2813856,16002918,ROBERTO HELBERT SANCHEZ PALOMINO,10,JUNTOS POR EL PERÚ,12.17,10.133,1993798,07845838,RAFAEL BERNARDO LÓPEZ ALIAGA CAZORLA,35,RENOVACIÓN POPULAR,11.672,9.718,1912187,PERU,2026-05-10T19:45:03.52553+00:00,19675838,16382947,81611
29161,99.706,29247,554005,2026-05-10T14:45:06.641007+00:00,2223,263851,-16.632,RAFAEL BERNARDO LÓPEZ ALIAGA CAZORLA,19.907,1208439,16002918,ROBERTO HELBERT SANCHEZ PALOMINO,10,JUNTOS POR EL PERÚ,3.275,2.886,198788,07845838,RAFAEL BERNARDO LÓPEZ ALIAGA CAZORLA,35,RENOVACIÓN POPULAR,19.907,17.544,1208439,140000,2026-05-10T19:45:06.263147+00:00,6888209,6070353,-1009651
2894,99.862,2898,62414,2026-05-10T14:45:08.032639+00:00,2224,30634,-12.016,KEIKO SOFIA FUJIMORI HIGUCHI,20.679,119366,16002918,ROBERTO HELBERT SANCHEZ PALOMINO,10,JUNTOS POR EL PERÚ,3.007,2.589,17355,07845838,RAFAEL BERNARDO LÓPEZ ALIAGA CAZORLA,35,RENOVACIÓN POPULAR,15.023,12.937,86717,240000,2026-05-10T19:45:07.781621+00:00,670289,577241,-69362
89829,99.563,90223,2286136,2026-05-10T17:45:04.112288+00:00,2225,1007318,0.499,KEIKO SOFIA FUJIMORI HIGUCHI,17.177,2814264,16002918,ROBERTO HELBERT SANCHEZ PALOMINO,10,JUNTOS POR EL PERÚ,12.17,10.133,1993897,07845838,RAFAEL BERNARDO LÓPEZ ALIAGA CAZORLA,35,RENOVACIÓN POPULAR,11.671,9.718,1912243,PERU,2026-05-10T22:45:03.776999+00:00,19677568,16384114,81654
92380,99.584,92766,2360928,2026-05-10T17:45:04.405348+00:00,2226,1035641,0.076,KEIKO SOFIA FUJIMORI HIGUCHI,17.174,2866718,16002918,ROBERTO HELBERT SANCHEZ PALOMINO,10,JUNTOS POR EL PERÚ,11.993,9.965,2001891,07845838,RAFAEL BERNARDO LÓPEZ ALIAGA CAZORLA,35,RENOVACIÓN POPULAR,11.917,9.902,1989124,TOTAL,2026-05-10T22:45:03.817722+00:00,20088645,16692076,12767
5180,98.087,5281,179829,2026-05-10T17:45:07.34909+00:00,2227,82180,4.636,KEIKO SOFIA FUJIMORI HIGUCHI,28.003,242530,16002918,ROBERTO HELBERT SANCHEZ PALOMINO,10,JUNTOS POR EL PERÚ,11.349,8.713,98294,07845838,RAFAEL BERNARDO LÓPEZ ALIAGA CAZORLA,35,RENOVACIÓN POPULAR,6.713,5.154,58137,190000,2026-05-10T22:45:07.023759+00:00,1128101,866092,40157
89837,99.572,90223,2286136,2026-05-10T18:00:06.76248+00:00,2228,1007318,0.499,KEIKO SOFIA FUJIMORI HIGUCHI,17.177,2814264,16002918,ROBERTO HELBERT SANCHEZ PALOMINO,10,JUNTOS POR EL PERÚ,12.17,10.133,1993897,07845838,RAFAEL BERNARDO LÓPEZ ALIAGA CAZORLA,35,RENOVACIÓN POPULAR,11.671,9.718,1912243,PERU,2026-05-10T23:00:06.233949+00:00,19677568,16384114,81654
5188,98.239,5281,179829,2026-05-10T18:00:09.74705+00:00,2229,82180,4.636,KEIKO SOFIA FUJIMORI HIGUCHI,28.003,242530,16002918,ROBERTO HELBERT SANCHEZ PALOMINO,10,JUNTOS POR EL PERÚ,11.349,8.713,98294,07845838,RAFAEL BERNARDO LÓPEZ ALIAGA CAZORLA,35,RENOVACIÓN POPULAR,6.713,5.154,58137,190000,2026-05-10T23:00:09.319523+00:00,1128101,866092,40157
92390,99.595,92766,2361241,2026-05-10T19:00:06.554324+00:00,2230,1035773,0.078,KEIKO SOFIA FUJIMORI HIGUCHI,17.175,2867064,16002918,ROBERTO HELBERT SANCHEZ PALOMINO,10,JUNTOS POR EL PERÚ,11.994,9.966,2002307,07845838,RAFAEL BERNARDO LÓPEZ ALIAGA CAZORLA,35,RENOVACIÓN POPULAR,11.916,9.901,1989179,TOTAL,2026-05-11T00:00:06.000863+00:00,20090718,16693704,13128
89847,99.583,90223,2286449,2026-05-10T19:00:06.814957+00:00,2231,1007450,0.501,KEIKO SOFIA FUJIMORI HIGUCHI,17.177,2814610,16002918,ROBERTO HELBERT SANCHEZ PALOMINO,10,JUNTOS POR EL PERÚ,12.171,10.134,1994313,07845838,RAFAEL BERNARDO LÓPEZ ALIAGA CAZORLA,35,RENOVACIÓN POPULAR,11.67,9.717,1912298,PERU,2026-05-11T00:00:06.095632+00:00,19679641,16385742,82015
3938,98.87,3983,97757,2026-05-10T19:00:08.133824+00:00,2232,48224,17.95,ROBERTO HELBERT SANCHEZ PALOMINO,22.698,156175,16002918,ROBERTO HELBERT SANCHEZ PALOMINO,10,JUNTOS POR EL PERÚ,22.698,18.725,156175,07845838,RAFAEL BERNARDO LÓPEZ ALIAGA CAZORLA,35,RENOVACIÓN POPULAR,4.748,3.917,32666,070000,2026-05-11T00:00:07.784913+00:00,834032,688051,123509
5192,98.315,5281,179986,2026-05-10T19:00:10.030921+00:00,2233,82260,4.632,KEIKO SOFIA FUJIMORI HIGUCHI,28.012,242804,16002918,ROBERTO HELBERT SANCHEZ PALOMINO,10,JUNTOS POR EL PERÚ,11.344,8.709,98330,07845838,RAFAEL BERNARDO LÓPEZ ALIAGA CAZORLA,35,RENOVACIÓN POPULAR,6.712,5.153,58181,190000,2026-05-11T00:00:09.612756+00:00,1129045,866799,40149
92420,99.627,92766,2362040,2026-05-10T20:00:06.693649+00:00,2234,1036242,0.086,KEIKO SOFIA FUJIMORI HIGUCHI,17.172,2867430,16002918,ROBERTO HELBERT SANCHEZ PALOMINO,10,JUNTOS POR EL PERÚ,12.0,9.971,2003692,07845838,RAFAEL BERNARDO LÓPEZ ALIAGA CAZORLA,35,RENOVACIÓN POPULAR,11.914,9.899,1989366,TOTAL,2026-05-11T01:00:06.482665+00:00,20096163,16697881,14326
89877,99.617,90223,2287248,2026-05-10T20:00:07.02053+00:00,2235,1007919,0.507,KEIKO SOFIA FUJIMORI HIGUCHI,17.175,2814976,16002918,ROBERTO HELBERT SANCHEZ PALOMINO,10,JUNTOS POR EL PERÚ,12.176,10.138,1995698,07845838,RAFAEL BERNARDO LÓPEZ ALIAGA CAZORLA,35,RENOVACIÓN POPULAR,11.669,9.715,1912485,PERU,2026-05-11T01:00:06.524393+00:00,19685086,16389919,83213
3965,99.548,3983,98492,2026-05-10T20:00:08.228176+00:00,2236,48672,18.046,ROBERTO HELBERT SANCHEZ PALOMINO,22.78,157552,16002918,ROBERTO HELBERT SANCHEZ PALOMINO,10,JUNTOS POR EL PERÚ,22.78,18.783,157552,07845838,RAFAEL BERNARDO LÓPEZ ALIAGA CAZORLA,35,RENOVACIÓN POPULAR,4.734,3.904,32743,070000,2026-05-11T01:00:07.917512+00:00,838784,691620,124809
29163,99.713,29247,554046,2026-05-10T20:00:09.56776+00:00,2237,263863,-16.632,RAFAEL BERNARDO LÓPEZ ALIAGA CAZORLA,19.907,1208524,16002918,ROBERTO HELBERT SANCHEZ PALOMINO,10,JUNTOS POR EL PERÚ,3.275,2.886,198795,07845838,RAFAEL BERNARDO LÓPEZ ALIAGA CAZORLA,35,RENOVACIÓN POPULAR,19.907,17.544,1208524,140000,2026-05-11T01:00:09.067812+00:00,6888698,6070789,-1009729
2895,99.896,2898,62437,2026-05-10T20:00:11.283996+00:00,2238,30943,-12.017,KEIKO SOFIA FUJIMORI HIGUCHI,20.678,119395,16002918,ROBERTO HELBERT SANCHEZ PALOMINO,10,JUNTOS POR EL PERÚ,3.006,2.587,17356,07845838,RAFAEL BERNARDO LÓPEZ ALIAGA CAZORLA,35,RENOVACIÓN POPULAR,15.023,12.931,86742,240000,2026-05-11T01:00:10.92545+00:00,670793,577413,-69386
92420,99.627,92766,2362083,2026-05-10T21:00:07.005562+00:00,2239,1036265,0.086,KEIKO SOFIA FUJIMORI HIGUCHI,17.172,2867437,16002918,ROBERTO HELBERT SANCHEZ PALOMINO,10,JUNTOS POR EL PERÚ,12.0,9.971,2003715,07845838,RAFAEL BERNARDO LÓPEZ ALIAGA CAZORLA,35,RENOVACIÓN POPULAR,11.914,9.899,1989367,TOTAL,2026-05-11T02:00:06.526064+00:00,20096306,16697958,14348
89877,99.617,90223,2287291,2026-05-10T21:00:07.378925+00:00,2240,1007942,0.507,KEIKO SOFIA FUJIMORI HIGUCHI,17.175,2814983,16002918,ROBERTO HELBERT SANCHEZ PALOMINO,10,JUNTOS POR EL PERÚ,12.176,10.138,1995721,07845838,RAFAEL BERNARDO LÓPEZ ALIAGA CAZORLA,35,RENOVACIÓN POPULAR,11.669,9.715,1912486,PERU,2026-05-11T02:00:06.568099+00:00,19685229,16389996,83235
92421,99.628,92766,2362083,2026-05-10T21:15:04.183428+00:00,2241,1036265,0.086,KEIKO SOFIA FUJIMORI HIGUCHI,17.172,2867437,16002918,ROBERTO HELBERT SANCHEZ PALOMINO,10,JUNTOS POR EL PERÚ,12.0,9.971,2003715,07845838,RAFAEL BERNARDO LÓPEZ ALIAGA CAZORLA,35,RENOVACIÓN POPULAR,11.914,9.899,1989367,TOTAL,2026-05-11T02:15:03.757736+00:00,20096306,16697958,14348
89878,99.618,90223,2287291,2026-05-10T21:15:04.43506+00:00,2242,1007942,0.507,KEIKO SOFIA FUJIMORI HIGUCHI,17.175,2814983,16002918,ROBERTO HELBERT SANCHEZ PALOMINO,10,JUNTOS POR EL PERÚ,12.176,10.138,1995721,07845838,RAFAEL BERNARDO LÓPEZ ALIAGA CAZORLA,35,RENOVACIÓN POPULAR,11.669,9.715,1912486,PERU,2026-05-11T02:15:03.799134+00:00,19685229,16389996,83235
3966,99.573,3983,98535,2026-05-10T21:15:05.801393+00:00,2243,48695,18.047,ROBERTO HELBERT SANCHEZ PALOMINO,22.781,157575,16002918,ROBERTO HELBERT SANCHEZ PALOMINO,10,JUNTOS POR EL PERÚ,22.781,18.783,157575,07845838,RAFAEL BERNARDO LÓPEZ ALIAGA CAZORLA,35,RENOVACIÓN POPULAR,4.734,3.903,32744,070000,2026-05-11T02:15:05.324317+00:00,838927,691697,124831
92423,99.63,92766,2362141,2026-05-10T22:30:05.66822+00:00,2244,1036274,0.086,KEIKO SOFIA FUJIMORI HIGUCHI,17.172,2867455,16002918,ROBERTO HELBERT SANCHEZ PALOMINO,10,JUNTOS POR EL PERÚ,12.0,9.971,2003813,07845838,RAFAEL BERNARDO LÓPEZ ALIAGA CAZORLA,35,RENOVACIÓN POPULAR,11.914,9.899,1989369,TOTAL,2026-05-11T03:30:05.064655+00:00,20096639,16698224,14444
89880,99.62,90223,2287349,2026-05-10T22:30:06.052139+00:00,2245,1007951,0.509,KEIKO SOFIA FUJIMORI HIGUCHI,17.175,2815001,16002918,ROBERTO HELBERT SANCHEZ PALOMINO,10,JUNTOS POR EL PERÚ,12.177,10.138,1995819,07845838,RAFAEL BERNARDO LÓPEZ ALIAGA CAZORLA,35,RENOVACIÓN POPULAR,11.668,9.715,1912488,PERU,2026-05-11T03:30:05.10725+00:00,19685562,16390262,83331
3968,99.623,3983,98593,2026-05-10T22:30:07.282445+00:00,2246,48704,18.054,ROBERTO HELBERT SANCHEZ PALOMINO,22.786,157673,16002918,ROBERTO HELBERT SANCHEZ PALOMINO,10,JUNTOS POR EL PERÚ,22.786,18.787,157673,07845838,RAFAEL BERNARDO LÓPEZ ALIAGA CAZORLA,35,RENOVACIÓN POPULAR,4.732,3.902,32746,070000,2026-05-11T03:30:06.853399+00:00,839260,691963,124927
92425,99.632,92766,2362218,2026-05-10T23:15:04.050319+00:00,2247,1036288,0.086,KEIKO SOFIA FUJIMORI HIGUCHI,17.172,2867469,16002918,ROBERTO HELBERT SANCHEZ PALOMINO,10,JUNTOS POR EL PERÚ,12.0,9.971,2003844,07845838,RAFAEL BERNARDO LÓPEZ ALIAGA CAZORLA,35,RENOVACIÓN POPULAR,11.914,9.899,1989371,TOTAL,2026-05-11T04:15:03.568689+00:00,20096873,16698367,14473
89880,99.62,90223,2287426,2026-05-10T23:15:04.346259+00:00,2248,1007965,0.509,KEIKO SOFIA FUJIMORI HIGUCHI,17.175,2815015,16002918,ROBERTO HELBERT SANCHEZ PALOMINO,10,JUNTOS POR EL PERÚ,12.177,10.139,1995850,07845838,RAFAEL BERNARDO LÓPEZ ALIAGA CAZORLA,35,RENOVACIÓN POPULAR,11.668,9.715,1912490,PERU,2026-05-11T04:15:03.61035+00:00,19685796,16390405,83360
89882,99.622,90223,2287426,2026-05-10T23:30:05.823113+00:00,2249,1007965,0.509,KEIKO SOFIA FUJIMORI HIGUCHI,17.175,2815015,16002918,ROBERTO HELBERT SANCHEZ PALOMINO,10,JUNTOS POR EL PERÚ,12.177,10.139,1995850,07845838,RAFAEL BERNARDO LÓPEZ ALIAGA CAZORLA,35,RENOVACIÓN POPULAR,11.668,9.715,1912490,PERU,2026-05-11T04:30:05.477396+00:00,19685796,16390405,83360
3970,99.674,3983,98670,2026-05-10T23:30:07.236923+00:00,2250,48718,18.054,ROBERTO HELBERT SANCHEZ PALOMINO,22.786,157704,16002918,ROBERTO HELBERT SANCHEZ PALOMINO,10,JUNTOS POR EL PERÚ,22.786,18.786,157704,07845838,RAFAEL BERNARDO LÓPEZ ALIAGA CAZORLA,35,RENOVACIÓN POPULAR,4.732,3.901,32748,070000,2026-05-11T04:30:06.852013+00:00,839494,692106,124956
92427,99.635,92766,2362248,2026-05-11T10:15:04.372994+00:00,2251,1036306,0.086,KEIKO SOFIA FUJIMORI HIGUCHI,17.172,2867517,16002918,ROBERTO HELBERT SANCHEZ PALOMINO,10,JUNTOS POR EL PERÚ,12.0,9.971,2003902,07845838,RAFAEL BERNARDO LÓPEZ ALIAGA CAZORLA,35,RENOVACIÓN POPULAR,11.914,9.899,1989428,TOTAL,2026-05-11T15:15:03.27852+00:00,20097333,16698779,14474
89884,99.624,90223,2287456,2026-05-11T10:15:04.738207+00:00,2252,1007983,0.509,KEIKO SOFIA FUJIMORI HIGUCHI,17.175,2815063,16002918,ROBERTO HELBERT SANCHEZ PALOMINO,10,JUNTOS POR EL PERÚ,12.177,10.139,1995908,07845838,RAFAEL BERNARDO LÓPEZ ALIAGA CAZORLA,35,RENOVACIÓN POPULAR,11.668,9.715,1912547,PERU,2026-05-11T15:15:03.32037+00:00,19686256,16390817,83361
3971,99.699,3983,98686,2026-05-11T10:15:06.045414+00:00,2253,48725,18.058,ROBERTO HELBERT SANCHEZ PALOMINO,22.789,157758,16002918,ROBERTO HELBERT SANCHEZ PALOMINO,10,JUNTOS POR EL PERÚ,22.789,18.788,157758,07845838,RAFAEL BERNARDO LÓPEZ ALIAGA CAZORLA,35,RENOVACIÓN POPULAR,4.731,3.9,32749,070000,2026-05-11T15:15:05.592681+00:00,839670,692259,125009
29163,99.713,29247,554060,2026-05-11T10:15:07.182864+00:00,2254,263874,-16.632,RAFAEL BERNARDO LÓPEZ ALIAGA CAZORLA,19.907,1208580,16002918,ROBERTO HELBERT SANCHEZ PALOMINO,10,JUNTOS POR EL PERÚ,3.275,2.886,198799,07845838,RAFAEL BERNARDO LÓPEZ ALIAGA CAZORLA,35,RENOVACIÓN POPULAR,19.907,17.544,1208580,140000,2026-05-11T15:15:06.772615+00:00,6888982,6071048,-1009781
29164,99.716,29247,554060,2026-05-11T10:30:07.908814+00:00,2255,263874,-16.632,RAFAEL BERNARDO LÓPEZ ALIAGA CAZORLA,19.907,1208580,16002918,ROBERTO HELBERT SANCHEZ PALOMINO,10,JUNTOS POR EL PERÚ,3.275,2.886,198799,07845838,RAFAEL BERNARDO LÓPEZ ALIAGA CAZORLA,35,RENOVACIÓN POPULAR,19.907,17.544,1208580,140000,2026-05-11T15:30:07.475177+00:00,6888982,6071048,-1009781
92427,99.635,92766,2362504,2026-05-11T11:30:05.616529+00:00,2256,1036387,0.088,KEIKO SOFIA FUJIMORI HIGUCHI,17.172,2867638,16002918,ROBERTO HELBERT SANCHEZ PALOMINO,10,JUNTOS POR EL PERÚ,12.001,9.972,2004207,07845838,RAFAEL BERNARDO LÓPEZ ALIAGA CAZORLA,35,RENOVACIÓN POPULAR,11.913,9.899,1989515,TOTAL,2026-05-11T16:30:05.163719+00:00,20098696,16699805,14692
89891,99.632,90223,2287712,2026-05-11T11:30:05.914523+00:00,2257,1008064,0.51,KEIKO SOFIA FUJIMORI HIGUCHI,17.174,2815184,16002918,ROBERTO HELBERT SANCHEZ PALOMINO,10,JUNTOS POR EL PERÚ,12.178,10.139,1996213,07845838,RAFAEL BERNARDO LÓPEZ ALIAGA CAZORLA,35,RENOVACIÓN POPULAR,11.668,9.715,1912634,PERU,2026-05-11T16:30:05.206916+00:00,19687619,16391843,83579
29165,99.72,29247,554060,2026-05-11T11:30:08.224583+00:00,2258,263874,-16.632,RAFAEL BERNARDO LÓPEZ ALIAGA CAZORLA,19.907,1208580,16002918,ROBERTO HELBERT SANCHEZ PALOMINO,10,JUNTOS POR EL PERÚ,3.275,2.886,198799,07845838,RAFAEL BERNARDO LÓPEZ ALIAGA CAZORLA,35,RENOVACIÓN POPULAR,19.907,17.544,1208580,140000,2026-05-11T16:30:07.866075+00:00,6888982,6071048,-1009781
92434,99.642,92766,2362504,2026-05-11T11:45:04.223826+00:00,2259,1036387,0.088,KEIKO SOFIA FUJIMORI HIGUCHI,17.172,2867638,16002918,ROBERTO HELBERT SANCHEZ PALOMINO,10,JUNTOS POR EL PERÚ,12.001,9.972,2004207,07845838,RAFAEL BERNARDO LÓPEZ ALIAGA CAZORLA,35,RENOVACIÓN POPULAR,11.913,9.899,1989515,TOTAL,2026-05-11T16:45:03.335184+00:00,20098696,16699805,14692
1311,99.544,1317,39618,2026-05-11T11:45:04.937625+00:00,2260,14476,37.802,ROBERTO HELBERT SANCHEZ PALOMINO,40.964,82005,16002918,ROBERTO HELBERT SANCHEZ PALOMINO,10,JUNTOS POR EL PERÚ,40.964,32.25,82005,07845838,RAFAEL BERNARDO LÓPEZ ALIAGA CAZORLA,35,RENOVACIÓN POPULAR,3.162,2.489,6329,030000,2026-05-11T16:45:04.50242+00:00,254280,200186,75676
3973,99.749,3983,98785,2026-05-11T11:45:05.663626+00:00,2261,48756,18.06,ROBERTO HELBERT SANCHEZ PALOMINO,22.791,157807,16002918,ROBERTO HELBERT SANCHEZ PALOMINO,10,JUNTOS POR EL PERÚ,22.791,18.788,157807,07845838,RAFAEL BERNARDO LÓPEZ ALIAGA CAZORLA,35,RENOVACIÓN POPULAR,4.731,3.9,32757,070000,2026-05-11T16:45:05.279728+00:00,839941,692400,125050
29165,99.72,29247,554076,2026-05-11T11:45:06.798997+00:00,2262,263879,-16.632,RAFAEL BERNARDO LÓPEZ ALIAGA CAZORLA,19.907,1208626,16002918,ROBERTO HELBERT SANCHEZ PALOMINO,10,JUNTOS POR EL PERÚ,3.275,2.886,198814,07845838,RAFAEL BERNARDO LÓPEZ ALIAGA CAZORLA,35,RENOVACIÓN POPULAR,19.907,17.544,1208626,140000,2026-05-11T16:45:06.364039+00:00,6889217,6071262,-1009812
92453,99.663,92766,2362924,2026-05-11T12:15:03.881257+00:00,2263,1036589,0.087,KEIKO SOFIA FUJIMORI HIGUCHI,17.172,2868245,16002918,ROBERTO HELBERT SANCHEZ PALOMINO,10,JUNTOS POR EL PERÚ,12.001,9.971,2004489,07845838,RAFAEL BERNARDO LÓPEZ ALIAGA CAZORLA,35,RENOVACIÓN POPULAR,11.914,9.899,1989968,TOTAL,2026-05-11T17:15:03.152699+00:00,20102752,16703239,14521
89910,99.653,90223,2288132,2026-05-11T12:15:04.241675+00:00,2264,1008266,0.508,KEIKO SOFIA FUJIMORI HIGUCHI,17.174,2815791,16002918,ROBERTO HELBERT SANCHEZ PALOMINO,10,JUNTOS POR EL PERÚ,12.177,10.139,1996495,07845838,RAFAEL BERNARDO LÓPEZ ALIAGA CAZORLA,35,RENOVACIÓN POPULAR,11.669,9.715,1913087,PERU,2026-05-11T17:15:03.194197+00:00,19691675,16395277,83408
3974,99.774,3983,98826,2026-05-11T12:15:05.416803+00:00,2265,48763,18.061,ROBERTO HELBERT SANCHEZ PALOMINO,22.791,157840,16002918,ROBERTO HELBERT SANCHEZ PALOMINO,10,JUNTOS POR EL PERÚ,22.791,18.787,157840,07845838,RAFAEL BERNARDO LÓPEZ ALIAGA CAZORLA,35,RENOVACIÓN POPULAR,4.73,3.899,32757,070000,2026-05-11T17:15:05.031219+00:00,840155,692566,125083
1271,99.843,1273,32816,2026-05-11T12:15:05.705782+00:00,2266,11899,41.049,ROBERTO HELBERT SANCHEZ PALOMINO,43.404,75053,16002918,ROBERTO HELBERT SANCHEZ PALOMINO,10,JUNTOS POR EL PERÚ,43.404,34.486,75053,07845838,RAFAEL BERNARDO LÓPEZ ALIAGA CAZORLA,35,RENOVACIÓN POPULAR,2.355,1.872,4073,080000,2026-05-11T17:15:05.165542+00:00,217631,172916,70980
29180,99.771,29247,554387,2026-05-11T12:15:06.703526+00:00,2267,263985,-16.629,RAFAEL BERNARDO LÓPEZ ALIAGA CAZORLA,19.905,1209071,16002918,ROBERTO HELBERT SANCHEZ PALOMINO,10,JUNTOS POR EL PERÚ,3.276,2.887,199018,07845838,RAFAEL BERNARDO LÓPEZ ALIAGA CAZORLA,35,RENOVACIÓN POPULAR,19.905,17.542,1209071,140000,2026-05-11T17:15:06.288841+00:00,6892593,6074221,-1010053
3397,100.0,3397,77890,2026-05-11T12:15:07.680753+00:00,2268,40798,23.048,ROBERTO HELBERT SANCHEZ PALOMINO,24.959,162460,16002918,ROBERTO HELBERT SANCHEZ PALOMINO,10,JUNTOS POR EL PERÚ,24.959,21.11,162460,07845838,RAFAEL BERNARDO LÓPEZ ALIAGA CAZORLA,35,RENOVACIÓN POPULAR,1.911,1.617,12442,200000,2026-05-11T17:15:07.254424+00:00,769606,650918,150018
92453,99.663,92766,2362951,2026-05-11T13:00:06.845419+00:00,2269,1036667,0.087,KEIKO SOFIA FUJIMORI HIGUCHI,17.172,2868237,16002918,ROBERTO HELBERT SANCHEZ PALOMINO,10,JUNTOS POR EL PERÚ,12.001,9.971,2004538,07845838,RAFAEL BERNARDO LÓPEZ ALIAGA CAZORLA,35,RENOVACIÓN POPULAR,11.914,9.899,1989994,TOTAL,2026-05-11T18:00:06.265049+00:00,20102898,16703280,14544
89910,99.653,90223,2288159,2026-05-11T13:00:07.204491+00:00,2270,1008344,0.509,KEIKO SOFIA FUJIMORI HIGUCHI,17.174,2815783,16002918,ROBERTO HELBERT SANCHEZ PALOMINO,10,JUNTOS POR EL PERÚ,12.178,10.139,1996544,07845838,RAFAEL BERNARDO LÓPEZ ALIAGA CAZORLA,35,RENOVACIÓN POPULAR,11.669,9.715,1913113,PERU,2026-05-11T18:00:06.306351+00:00,19691821,16395318,83431
3975,99.799,3983,98847,2026-05-11T13:15:05.413235+00:00,2271,48778,18.064,ROBERTO HELBERT SANCHEZ PALOMINO,22.793,157890,16002918,ROBERTO HELBERT SANCHEZ PALOMINO,10,JUNTOS POR EL PERÚ,22.793,18.789,157890,07845838,RAFAEL BERNARDO LÓPEZ ALIAGA CAZORLA,35,RENOVACIÓN POPULAR,4.729,3.898,32758,070000,2026-05-11T18:15:04.98616+00:00,840326,692701,125132
29180,99.771,29247,554393,2026-05-11T13:15:06.555228+00:00,2272,264048,-16.63,RAFAEL BERNARDO LÓPEZ ALIAGA CAZORLA,19.906,1209096,16002918,ROBERTO HELBERT SANCHEZ PALOMINO,10,JUNTOS POR EL PERÚ,3.276,2.887,199017,07845838,RAFAEL BERNARDO LÓPEZ ALIAGA CAZORLA,35,RENOVACIÓN POPULAR,19.906,17.542,1209096,140000,2026-05-11T18:15:06.135764+00:00,6892568,6074127,-1010079
2894,99.862,2898,62437,2026-05-11T13:15:08.035664+00:00,2273,30943,-12.017,KEIKO SOFIA FUJIMORI HIGUCHI,20.678,119395,16002918,ROBERTO HELBERT SANCHEZ PALOMINO,10,JUNTOS POR EL PERÚ,3.006,2.587,17356,07845838,RAFAEL BERNARDO LÓPEZ ALIAGA CAZORLA,35,RENOVACIÓN POPULAR,15.023,12.931,86742,240000,2026-05-11T18:15:07.64727+00:00,670793,577413,-69386
89914,99.658,90223,2288254,2026-05-11T14:00:06.561329+00:00,2274,1008704,0.51,KEIKO SOFIA FUJIMORI HIGUCHI,17.174,2815814,16002918,ROBERTO HELBERT SANCHEZ PALOMINO,10,JUNTOS POR EL PERÚ,12.178,10.139,1996645,07845838,RAFAEL BERNARDO LÓPEZ ALIAGA CAZORLA,35,RENOVACIÓN POPULAR,11.668,9.715,1913122,PERU,2026-05-11T19:00:06.121326+00:00,19692636,16395678,83523
92453,99.663,92766,2363046,2026-05-11T14:00:06.897942+00:00,2275,1037027,0.087,KEIKO SOFIA FUJIMORI HIGUCHI,17.172,2868268,16002918,ROBERTO HELBERT SANCHEZ PALOMINO,10,JUNTOS POR EL PERÚ,12.001,9.971,2004639,07845838,RAFAEL BERNARDO LÓPEZ ALIAGA CAZORLA,35,RENOVACIÓN POPULAR,11.914,9.899,1990003,TOTAL,2026-05-11T19:00:06.163269+00:00,20103713,16703640,14636
29181,99.774,29247,554393,2026-05-11T14:00:09.185953+00:00,2276,264048,-16.63,RAFAEL BERNARDO LÓPEZ ALIAGA CAZORLA,19.906,1209096,16002918,ROBERTO HELBERT SANCHEZ PALOMINO,10,JUNTOS POR EL PERÚ,3.276,2.887,199017,07845838,RAFAEL BERNARDO LÓPEZ ALIAGA CAZORLA,35,RENOVACIÓN POPULAR,19.906,17.542,1209096,140000,2026-05-11T19:00:08.7584+00:00,6892568,6074127,-1010079
92457,99.667,92766,2363046,2026-05-11T14:15:03.595789+00:00,2277,1037027,0.087,KEIKO SOFIA FUJIMORI HIGUCHI,17.172,2868268,16002918,ROBERTO HELBERT SANCHEZ PALOMINO,10,JUNTOS POR EL PERÚ,12.001,9.971,2004639,07845838,RAFAEL BERNARDO LÓPEZ ALIAGA CAZORLA,35,RENOVACIÓN POPULAR,11.914,9.899,1990003,TOTAL,2026-05-11T19:15:03.137393+00:00,20103713,16703640,14636
3977,99.849,3983,98893,2026-05-11T14:15:05.179191+00:00,2278,48800,18.069,ROBERTO HELBERT SANCHEZ PALOMINO,22.797,157982,16002918,ROBERTO HELBERT SANCHEZ PALOMINO,10,JUNTOS POR EL PERÚ,22.797,18.792,157982,07845838,RAFAEL BERNARDO LÓPEZ ALIAGA CAZORLA,35,RENOVACIÓN POPULAR,4.728,3.898,32766,070000,2026-05-11T19:15:04.791073+00:00,840683,692990,125216
1272,99.921,1273,32865,2026-05-11T14:15:05.473837+00:00,2279,11976,41.037,ROBERTO HELBERT SANCHEZ PALOMINO,43.392,75062,16002918,ROBERTO HELBERT SANCHEZ PALOMINO,10,JUNTOS POR EL PERÚ,43.392,34.459,75062,07845838,RAFAEL BERNARDO LÓPEZ ALIAGA CAZORLA,35,RENOVACIÓN POPULAR,2.355,1.87,4074,080000,2026-05-11T19:15:04.928567+00:00,217828,172987,70988
29182,99.778,29247,554393,2026-05-11T15:30:08.642854+00:00,2280,264309,-16.63,RAFAEL BERNARDO LÓPEZ ALIAGA CAZORLA,19.906,1209096,16002918,ROBERTO HELBERT SANCHEZ PALOMINO,10,JUNTOS POR EL PERÚ,3.276,2.887,199017,07845838,RAFAEL BERNARDO LÓPEZ ALIAGA CAZORLA,35,RENOVACIÓN POPULAR,19.906,17.541,1209096,140000,2026-05-11T20:30:08.148577+00:00,6892829,6074127,-1010079
92458,99.668,92766,2363046,2026-05-11T15:45:03.581965+00:00,2281,1037326,0.087,KEIKO SOFIA FUJIMORI HIGUCHI,17.172,2868268,16002918,ROBERTO HELBERT SANCHEZ PALOMINO,10,JUNTOS POR EL PERÚ,12.001,9.971,2004639,07845838,RAFAEL BERNARDO LÓPEZ ALIAGA CAZORLA,35,RENOVACIÓN POPULAR,11.914,9.899,1990003,TOTAL,2026-05-11T20:45:03.199517+00:00,20104012,16703640,14636
89915,99.659,90223,2288254,2026-05-11T15:45:03.891445+00:00,2282,1009003,0.51,KEIKO SOFIA FUJIMORI HIGUCHI,17.174,2815814,16002918,ROBERTO HELBERT SANCHEZ PALOMINO,10,JUNTOS POR EL PERÚ,12.178,10.139,1996645,07845838,RAFAEL BERNARDO LÓPEZ ALIAGA CAZORLA,35,RENOVACIÓN POPULAR,11.668,9.715,1913122,PERU,2026-05-11T20:45:03.200963+00:00,19692935,16395678,83523
92458,99.668,92766,2363355,2026-05-11T19:00:06.686867+00:00,2283,1037840,0.089,KEIKO SOFIA FUJIMORI HIGUCHI,17.171,2868597,16002918,ROBERTO HELBERT SANCHEZ PALOMINO,10,JUNTOS POR EL PERÚ,12.002,9.972,2005096,07845838,RAFAEL BERNARDO LÓPEZ ALIAGA CAZORLA,35,RENOVACIÓN POPULAR,11.913,9.898,1990228,TOTAL,2026-05-12T00:00:05.93062+00:00,20107065,16705870,14868
89915,99.659,90223,2288563,2026-05-11T19:00:06.995429+00:00,2284,1009517,0.511,KEIKO SOFIA FUJIMORI HIGUCHI,17.174,2816143,16002918,ROBERTO HELBERT SANCHEZ PALOMINO,10,JUNTOS POR EL PERÚ,12.179,10.14,1997102,07845838,RAFAEL BERNARDO LÓPEZ ALIAGA CAZORLA,35,RENOVACIÓN POPULAR,11.668,9.714,1913347,PERU,2026-05-12T00:00:05.972663+00:00,19695988,16397908,83755
3981,99.95,3983,99021,2026-05-11T19:00:08.41069+00:00,2285,48861,18.106,ROBERTO HELBERT SANCHEZ PALOMINO,22.83,158357,16002918,ROBERTO HELBERT SANCHEZ PALOMINO,10,JUNTOS POR EL PERÚ,22.83,18.818,158357,07845838,RAFAEL BERNARDO LÓPEZ ALIAGA CAZORLA,35,RENOVACIÓN POPULAR,4.724,3.894,32770,070000,2026-05-12T00:00:08.081231+00:00,841523,693641,125587
1272,99.921,1273,32882,2026-05-11T19:00:08.83334+00:00,2286,12053,41.016,ROBERTO HELBERT SANCHEZ PALOMINO,43.372,75063,16002918,ROBERTO HELBERT SANCHEZ PALOMINO,10,JUNTOS POR EL PERÚ,43.372,34.432,75063,07845838,RAFAEL BERNARDO LÓPEZ ALIAGA CAZORLA,35,RENOVACIÓN POPULAR,2.356,1.87,4077,080000,2026-05-12T00:00:08.228583+00:00,218001,173066,70986
29182,99.778,29247,554499,2026-05-11T19:00:09.886034+00:00,2287,264661,-16.628,RAFAEL BERNARDO LÓPEZ ALIAGA CAZORLA,19.905,1209271,16002918,ROBERTO HELBERT SANCHEZ PALOMINO,10,JUNTOS POR EL PERÚ,3.277,2.888,199077,07845838,RAFAEL BERNARDO LÓPEZ ALIAGA CAZORLA,35,RENOVACIÓN POPULAR,19.905,17.54,1209271,140000,2026-05-12T00:00:09.529016+00:00,6894416,6075256,-1010194
2894,99.862,2898,62495,2026-05-11T19:00:11.602315+00:00,2288,31267,-12.012,KEIKO SOFIA FUJIMORI HIGUCHI,20.678,119476,16002918,ROBERTO HELBERT SANCHEZ PALOMINO,10,JUNTOS POR EL PERÚ,3.008,2.588,17377,07845838,RAFAEL BERNARDO LÓPEZ ALIAGA CAZORLA,35,RENOVACIÓN POPULAR,15.02,12.923,86785,240000,2026-05-12T00:00:11.149017+00:00,671545,577783,-69408
92495,99.708,92766,2363955,2026-05-11T19:15:04.216013+00:00,2289,1038030,0.087,KEIKO SOFIA FUJIMORI HIGUCHI,17.172,2869576,16002918,ROBERTO HELBERT SANCHEZ PALOMINO,10,JUNTOS POR EL PERÚ,12.001,9.971,2005387,07845838,RAFAEL BERNARDO LÓPEZ ALIAGA CAZORLA,35,RENOVACIÓN POPULAR,11.914,9.899,1990862,TOTAL,2026-05-12T00:15:03.5484+00:00,20112409,16710424,14525
89952,99.7,90223,2289163,2026-05-11T19:15:04.473294+00:00,2290,1009707,0.508,KEIKO SOFIA FUJIMORI HIGUCHI,17.175,2817122,16002918,ROBERTO HELBERT SANCHEZ PALOMINO,10,JUNTOS POR EL PERÚ,12.177,10.138,1997393,07845838,RAFAEL BERNARDO LÓPEZ ALIAGA CAZORLA,35,RENOVACIÓN POPULAR,11.669,9.715,1913981,PERU,2026-05-12T00:15:03.59012+00:00,19701332,16402462,83412
1273,100.0,1273,32882,2026-05-11T19:15:05.896918+00:00,2291,12053,41.016,ROBERTO HELBERT SANCHEZ PALOMINO,43.372,75063,16002918,ROBERTO HELBERT SANCHEZ PALOMINO,10,JUNTOS POR EL PERÚ,43.372,34.432,75063,07845838,RAFAEL BERNARDO LÓPEZ ALIAGA CAZORLA,35,RENOVACIÓN POPULAR,2.356,1.87,4077,080000,2026-05-12T00:15:05.577121+00:00,218001,173066,70986
29201,99.843,29247,554761,2026-05-11T19:15:06.863993+00:00,2292,264780,-16.627,RAFAEL BERNARDO LÓPEZ ALIAGA CAZORLA,19.904,1209829,16002918,ROBERTO HELBERT SANCHEZ PALOMINO,10,JUNTOS POR EL PERÚ,3.277,2.888,199186,07845838,RAFAEL BERNARDO LÓPEZ ALIAGA CAZORLA,35,RENOVACIÓN POPULAR,19.904,17.539,1209829,140000,2026-05-12T00:15:06.561117+00:00,6897820,6078279,-1010643
496,97.83,507,17983,2026-05-11T19:15:07.344088+00:00,2293,5038,20.015,ROBERTO HELBERT SANCHEZ PALOMINO,23.398,18502,16002918,ROBERTO HELBERT SANCHEZ PALOMINO,10,JUNTOS POR EL PERÚ,23.398,18.122,18502,07845838,RAFAEL BERNARDO LÓPEZ ALIAGA CAZORLA,35,RENOVACIÓN POPULAR,3.383,2.62,2675,160000,2026-05-12T00:15:06.988468+00:00,102096,79075,15827
5192,98.315,5281,180211,2026-05-11T19:15:07.884017+00:00,2294,82307,4.627,KEIKO SOFIA FUJIMORI HIGUCHI,28.014,243117,16002918,ROBERTO HELBERT SANCHEZ PALOMINO,10,JUNTOS POR EL PERÚ,11.338,8.705,98399,07845838,RAFAEL BERNARDO LÓPEZ ALIAGA CAZORLA,35,RENOVACIÓN POPULAR,6.711,5.153,58243,190000,2026-05-12T00:15:07.479917+00:00,1130354,867836,40156
2898,100.0,2898,62495,2026-05-11T19:15:08.756139+00:00,2295,31267,-12.012,KEIKO SOFIA FUJIMORI HIGUCHI,20.678,119476,16002918,ROBERTO HELBERT SANCHEZ PALOMINO,10,JUNTOS POR EL PERÚ,3.008,2.588,17377,07845838,RAFAEL BERNARDO LÓPEZ ALIAGA CAZORLA,35,RENOVACIÓN POPULAR,15.02,12.923,86785,240000,2026-05-12T00:15:08.361665+00:00,671545,577783,-69408
1534,98.082,1564,57471,2026-05-11T19:15:08.89307+00:00,2296,17070,7.114,KEIKO SOFIA FUJIMORI HIGUCHI,29.581,66083,16002918,ROBERTO HELBERT SANCHEZ PALOMINO,10,JUNTOS POR EL PERÚ,12.845,9.631,28694,07845838,RAFAEL BERNARDO LÓPEZ ALIAGA CAZORLA,35,RENOVACIÓN POPULAR,5.731,4.297,12802,250000,2026-05-12T00:15:08.505898+00:00,297934,223393,15892
5198,98.428,5281,180211,2026-05-11T19:30:08.294082+00:00,2297,82307,4.627,KEIKO SOFIA FUJIMORI HIGUCHI,28.014,243117,16002918,ROBERTO HELBERT SANCHEZ PALOMINO,10,JUNTOS POR EL PERÚ,11.338,8.705,98399,07845838,RAFAEL BERNARDO LÓPEZ ALIAGA CAZORLA,35,RENOVACIÓN POPULAR,6.711,5.153,58243,190000,2026-05-12T00:30:07.863276+00:00,1130354,867836,40156
89952,99.7,90223,2289682,2026-05-11T20:00:07.098382+00:00,2298,1009911,0.509,KEIKO SOFIA FUJIMORI HIGUCHI,17.176,2817793,16002918,ROBERTO HELBERT SANCHEZ PALOMINO,10,JUNTOS POR EL PERÚ,12.178,10.139,1997891,07845838,RAFAEL BERNARDO LÓPEZ ALIAGA CAZORLA,35,RENOVACIÓN POPULAR,11.669,9.715,1914283,PERU,2026-05-12T01:00:06.16125+00:00,19705077,16405484,83608
92495,99.708,92766,2364474,2026-05-11T20:00:07.412883+00:00,2299,1038234,0.088,KEIKO SOFIA FUJIMORI HIGUCHI,17.173,2870247,16002918,ROBERTO HELBERT SANCHEZ PALOMINO,10,JUNTOS POR EL PERÚ,12.002,9.972,2005885,07845838,RAFAEL BERNARDO LÓPEZ ALIAGA CAZORLA,35,RENOVACIÓN POPULAR,11.914,9.898,1991164,TOTAL,2026-05-12T01:00:06.204192+00:00,20116154,16713446,14721
92512,99.726,92766,2364474,2026-05-11T20:15:04.668779+00:00,2300,1038234,0.088,KEIKO SOFIA FUJIMORI HIGUCHI,17.173,2870247,16002918,ROBERTO HELBERT SANCHEZ PALOMINO,10,JUNTOS POR EL PERÚ,12.002,9.972,2005885,07845838,RAFAEL BERNARDO LÓPEZ ALIAGA CAZORLA,35,RENOVACIÓN POPULAR,11.914,9.898,1991164,TOTAL,2026-05-12T01:15:03.729653+00:00,20116154,16713446,14721
89969,99.718,90223,2289682,2026-05-11T20:15:04.993756+00:00,2301,1009911,0.509,KEIKO SOFIA FUJIMORI HIGUCHI,17.176,2817793,16002918,ROBERTO HELBERT SANCHEZ PALOMINO,10,JUNTOS POR EL PERÚ,12.178,10.139,1997891,07845838,RAFAEL BERNARDO LÓPEZ ALIAGA CAZORLA,35,RENOVACIÓN POPULAR,11.669,9.715,1914283,PERU,2026-05-12T01:15:03.771138+00:00,19705077,16405484,83608
29206,99.86,29247,554858,2026-05-11T20:15:07.21871+00:00,2302,264806,-16.627,RAFAEL BERNARDO LÓPEZ ALIAGA CAZORLA,19.904,1210032,16002918,ROBERTO HELBERT SANCHEZ PALOMINO,10,JUNTOS POR EL PERÚ,3.277,2.888,199223,07845838,RAFAEL BERNARDO LÓPEZ ALIAGA CAZORLA,35,RENOVACIÓN POPULAR,19.904,17.539,1210032,140000,2026-05-12T01:15:06.800137+00:00,6899017,6079353,-1010809
5210,98.656,5281,180633,2026-05-11T20:15:08.006557+00:00,2303,82485,4.658,KEIKO SOFIA FUJIMORI HIGUCHI,28.004,243578,16002918,ROBERTO HELBERT SANCHEZ PALOMINO,10,JUNTOS POR EL PERÚ,11.366,8.726,98860,07845838,RAFAEL BERNARDO LÓPEZ ALIAGA CAZORLA,35,RENOVACIÓN POPULAR,6.708,5.15,58342,190000,2026-05-12T01:15:07.630568+00:00,1132902,869784,40518
89985,99.736,90223,2290199,2026-05-11T21:00:06.468944+00:00,2304,1010170,0.511,KEIKO SOFIA FUJIMORI HIGUCHI,17.177,2818384,16002918,ROBERTO HELBERT SANCHEZ PALOMINO,10,JUNTOS POR EL PERÚ,12.179,10.14,1998426,07845838,RAFAEL BERNARDO LÓPEZ ALIAGA CAZORLA,35,RENOVACIÓN POPULAR,11.668,9.714,1914506,PERU,2026-05-12T02:00:05.974704+00:00,19708740,16408371,83920
92528,99.743,92766,2364991,2026-05-11T21:00:06.757839+00:00,2305,1038493,0.09,KEIKO SOFIA FUJIMORI HIGUCHI,17.174,2870838,16002918,ROBERTO HELBERT SANCHEZ PALOMINO,10,JUNTOS POR EL PERÚ,12.003,9.972,2006420,07845838,RAFAEL BERNARDO LÓPEZ ALIAGA CAZORLA,35,RENOVACIÓN POPULAR,11.913,9.898,1991387,TOTAL,2026-05-12T02:00:06.019179+00:00,20119817,16716333,15033
4212,99.34,4240,123747,2026-05-11T21:00:07.821092+00:00,2306,53378,38.361,ROBERTO HELBERT SANCHEZ PALOMINO,41.608,266860,16002918,ROBERTO HELBERT SANCHEZ PALOMINO,10,JUNTOS POR EL PERÚ,41.608,32.604,266860,07845838,RAFAEL BERNARDO LÓPEZ ALIAGA CAZORLA,35,RENOVACIÓN POPULAR,3.247,2.544,20824,060000,2026-05-12T02:00:07.44754+00:00,818499,641374,246036
29209,99.87,29247,554929,2026-05-11T21:00:09.169279+00:00,2307,264839,-16.627,RAFAEL BERNARDO LÓPEZ ALIAGA CAZORLA,19.904,1210146,16002918,ROBERTO HELBERT SANCHEZ PALOMINO,10,JUNTOS POR EL PERÚ,3.277,2.888,199248,07845838,RAFAEL BERNARDO LÓPEZ ALIAGA CAZORLA,35,RENOVACIÓN POPULAR,19.904,17.539,1210146,140000,2026-05-12T02:00:08.8084+00:00,6899776,6080008,-1010898
801,99.875,802,22098,2026-05-11T21:00:09.90676+00:00,2308,8039,12.021,KEIKO SOFIA FUJIMORI HIGUCHI,18.857,21828,16002918,ROBERTO HELBERT SANCHEZ PALOMINO,10,JUNTOS POR EL PERÚ,18.627,14.779,21562,07845838,RAFAEL BERNARDO LÓPEZ ALIAGA CAZORLA,35,RENOVACIÓN POPULAR,6.606,5.242,7647,180000,2026-05-12T02:00:09.53749+00:00,145893,115756,13915
5215,98.75,5281,180870,2026-05-11T21:00:10.183171+00:00,2309,82556,4.653,KEIKO SOFIA FUJIMORI HIGUCHI,28.01,243877,16002918,ROBERTO HELBERT SANCHEZ PALOMINO,10,JUNTOS POR EL PERÚ,11.362,8.723,98923,07845838,RAFAEL BERNARDO LÓPEZ ALIAGA CAZORLA,35,RENOVACIÓN POPULAR,6.709,5.15,58410,190000,2026-05-12T02:00:09.595443+00:00,1134094,870668,40513
1041,100.0,1041,18885,2026-05-11T21:00:10.741486+00:00,2310,9228,5.707,RICARDO PABLO BELMONT CASSINELLI,14.632,32316,16002918,ROBERTO HELBERT SANCHEZ PALOMINO,10,JUNTOS POR EL PERÚ,11.909,10.564,26302,07845838,RAFAEL BERNARDO LÓPEZ ALIAGA CAZORLA,35,RENOVACIÓN POPULAR,6.202,5.502,13698,220000,2026-05-12T02:00:10.317538+00:00,248969,220856,12604
92537,99.753,92766,2365154,2026-05-11T21:45:03.959928+00:00,2311,1038564,0.088,KEIKO SOFIA FUJIMORI HIGUCHI,17.174,2871082,16002918,ROBERTO HELBERT SANCHEZ PALOMINO,10,JUNTOS POR EL PERÚ,12.002,9.972,2006560,07845838,RAFAEL BERNARDO LÓPEZ ALIAGA CAZORLA,35,RENOVACIÓN POPULAR,11.914,9.899,1991811,TOTAL,2026-05-12T02:45:03.16583+00:00,20121745,16718027,14749
89994,99.746,90223,2290362,2026-05-11T21:45:04.209785+00:00,2312,1010241,0.51,KEIKO SOFIA FUJIMORI HIGUCHI,17.176,2818628,16002918,ROBERTO HELBERT SANCHEZ PALOMINO,10,JUNTOS POR EL PERÚ,12.179,10.14,1998566,07845838,RAFAEL BERNARDO LÓPEZ ALIAGA CAZORLA,35,RENOVACIÓN POPULAR,11.669,9.715,1914930,PERU,2026-05-12T02:45:03.207355+00:00,19710668,16410065,83636
3470,99.942,3472,104334,2026-05-11T21:45:04.764166+00:00,2313,49730,8.949,KEIKO SOFIA FUJIMORI HIGUCHI,17.991,97719,16002918,ROBERTO HELBERT SANCHEZ PALOMINO,10,JUNTOS POR EL PERÚ,14.989,11.677,81410,07845838,RAFAEL BERNARDO LÓPEZ ALIAGA CAZORLA,35,RENOVACIÓN POPULAR,6.04,4.705,32806,020000,2026-05-12T02:45:04.419601+00:00,697208,543144,48604
29216,99.894,29247,555034,2026-05-11T21:45:06.616288+00:00,2314,264899,-16.629,RAFAEL BERNARDO LÓPEZ ALIAGA CAZORLA,19.906,1210564,16002918,ROBERTO HELBERT SANCHEZ PALOMINO,10,JUNTOS POR EL PERÚ,3.277,2.887,199274,07845838,RAFAEL BERNARDO LÓPEZ ALIAGA CAZORLA,35,RENOVACIÓN POPULAR,19.906,17.541,1210564,140000,2026-05-12T02:45:06.315803+00:00,6901299,6081366,-1011290
89995,99.747,90223,2290398,2026-05-12T00:15:03.733684+00:00,2315,1010251,0.51,KEIKO SOFIA FUJIMORI HIGUCHI,17.176,2818659,16002918,ROBERTO HELBERT SANCHEZ PALOMINO,10,JUNTOS POR EL PERÚ,12.179,10.14,1998589,07845838,RAFAEL BERNARDO LÓPEZ ALIAGA CAZORLA,35,RENOVACIÓN POPULAR,11.669,9.715,1914938,PERU,2026-05-12T05:15:03.487446+00:00,19710880,16410231,83651
92538,99.754,92766,2365190,2026-05-12T00:15:04.055149+00:00,2316,1038574,0.088,KEIKO SOFIA FUJIMORI HIGUCHI,17.174,2871113,16002918,ROBERTO HELBERT SANCHEZ PALOMINO,10,JUNTOS POR EL PERÚ,12.002,9.972,2006583,07845838,RAFAEL BERNARDO LÓPEZ ALIAGA CAZORLA,35,RENOVACIÓN POPULAR,11.914,9.899,1991819,TOTAL,2026-05-12T05:15:03.529191+00:00,20121957,16718193,14764
497,98.028,507,18019,2026-05-12T00:15:06.521838+00:00,2317,5048,19.992,ROBERTO HELBERT SANCHEZ PALOMINO,23.378,18525,16002918,ROBERTO HELBERT SANCHEZ PALOMINO,10,JUNTOS POR EL PERÚ,23.378,18.107,18525,07845838,RAFAEL BERNARDO LÓPEZ ALIAGA CAZORLA,35,RENOVACIÓN POPULAR,3.386,2.622,2683,160000,2026-05-12T05:15:06.119387+00:00,102308,79241,15842
92538,99.754,92766,2365318,2026-05-12T01:00:06.967071+00:00,2318,1038585,0.089,KEIKO SOFIA FUJIMORI HIGUCHI,17.174,2871146,16002918,ROBERTO HELBERT SANCHEZ PALOMINO,10,JUNTOS POR EL PERÚ,12.003,9.972,2006652,07845838,RAFAEL BERNARDO LÓPEZ ALIAGA CAZORLA,35,RENOVACIÓN POPULAR,11.914,9.899,1991819,TOTAL,2026-05-12T06:00:06.235944+00:00,20122310,16718407,14833
89995,99.747,90223,2290526,2026-05-12T01:00:07.273479+00:00,2319,1010262,0.51,KEIKO SOFIA FUJIMORI HIGUCHI,17.176,2818692,16002918,ROBERTO HELBERT SANCHEZ PALOMINO,10,JUNTOS POR EL PERÚ,12.179,10.14,1998658,07845838,RAFAEL BERNARDO LÓPEZ ALIAGA CAZORLA,35,RENOVACIÓN POPULAR,11.669,9.715,1914938,PERU,2026-05-12T06:00:06.278367+00:00,19711233,16410445,83720
89996,99.748,90223,2290526,2026-05-12T01:15:04.659088+00:00,2320,1010262,0.51,KEIKO SOFIA FUJIMORI HIGUCHI,17.176,2818692,16002918,ROBERTO HELBERT SANCHEZ PALOMINO,10,JUNTOS POR EL PERÚ,12.179,10.14,1998658,07845838,RAFAEL BERNARDO LÓPEZ ALIAGA CAZORLA,35,RENOVACIÓN POPULAR,11.669,9.715,1914938,PERU,2026-05-12T06:15:03.525226+00:00,19711233,16410445,83720
92539,99.755,92766,2365318,2026-05-12T01:15:05.00947+00:00,2321,1038585,0.089,KEIKO SOFIA FUJIMORI HIGUCHI,17.174,2871146,16002918,ROBERTO HELBERT SANCHEZ PALOMINO,10,JUNTOS POR EL PERÚ,12.003,9.972,2006652,07845838,RAFAEL BERNARDO LÓPEZ ALIAGA CAZORLA,35,RENOVACIÓN POPULAR,11.914,9.899,1991819,TOTAL,2026-05-12T06:15:03.566338+00:00,20122310,16718407,14833
29215,99.891,29247,555016,2026-05-12T01:15:07.298227+00:00,2322,264894,-16.629,RAFAEL BERNARDO LÓPEZ ALIAGA CAZORLA,19.906,1210536,16002918,ROBERTO HELBERT SANCHEZ PALOMINO,10,JUNTOS POR EL PERÚ,3.277,2.887,199266,07845838,RAFAEL BERNARDO LÓPEZ ALIAGA CAZORLA,35,RENOVACIÓN POPULAR,19.906,17.541,1210536,140000,2026-05-12T06:15:06.885845+00:00,6901130,6081220,-1011270
499,98.422,507,18165,2026-05-12T01:15:07.695483+00:00,2323,5064,19.963,ROBERTO HELBERT SANCHEZ PALOMINO,23.369,18602,16002918,ROBERTO HELBERT SANCHEZ PALOMINO,10,JUNTOS POR EL PERÚ,23.369,18.09,18602,07845838,RAFAEL BERNARDO LÓPEZ ALIAGA CAZORLA,35,RENOVACIÓN POPULAR,3.406,2.636,2711,160000,2026-05-12T06:15:07.158924+00:00,102830,79601,15891
92541,99.757,92766,2365358,2026-05-12T10:45:04.301746+00:00,2324,1038598,0.089,KEIKO SOFIA FUJIMORI HIGUCHI,17.173,2871159,16002918,ROBERTO HELBERT SANCHEZ PALOMINO,10,JUNTOS POR EL PERÚ,12.003,9.972,2006721,07845838,RAFAEL BERNARDO LÓPEZ ALIAGA CAZORLA,35,RENOVACIÓN POPULAR,11.914,9.898,1991824,TOTAL,2026-05-12T15:45:03.191691+00:00,20122599,16718643,14897
89998,99.751,90223,2290566,2026-05-12T10:45:04.829994+00:00,2325,1010275,0.51,KEIKO SOFIA FUJIMORI HIGUCHI,17.176,2818705,16002918,ROBERTO HELBERT SANCHEZ PALOMINO,10,JUNTOS POR EL PERÚ,12.179,10.14,1998727,07845838,RAFAEL BERNARDO LÓPEZ ALIAGA CAZORLA,35,RENOVACIÓN POPULAR,11.669,9.715,1914943,PERU,2026-05-12T15:45:03.192331+00:00,19711522,16410681,83784
3983,100.0,3983,99021,2026-05-12T10:45:06.232006+00:00,2326,48861,18.106,ROBERTO HELBERT SANCHEZ PALOMINO,22.83,158357,16002918,ROBERTO HELBERT SANCHEZ PALOMINO,10,JUNTOS POR EL PERÚ,22.83,18.818,158357,07845838,RAFAEL BERNARDO LÓPEZ ALIAGA CAZORLA,35,RENOVACIÓN POPULAR,4.724,3.894,32770,070000,2026-05-12T15:45:05.713448+00:00,841523,693641,125587
3983,100.0,3983,99061,2026-05-12T11:00:08.356866+00:00,2327,48874,18.109,ROBERTO HELBERT SANCHEZ PALOMINO,22.832,158426,16002918,ROBERTO HELBERT SANCHEZ PALOMINO,10,JUNTOS POR EL PERÚ,22.832,18.82,158426,07845838,RAFAEL BERNARDO LÓPEZ ALIAGA CAZORLA,35,RENOVACIÓN POPULAR,4.723,3.893,32775,070000,2026-05-12T16:00:07.817193+00:00,841812,693877,125651
92548,99.765,92766,2365659,2026-05-12T12:00:06.317093+00:00,2328,1038686,0.091,KEIKO SOFIA FUJIMORI HIGUCHI,17.174,2871481,16002918,ROBERTO HELBERT SANCHEZ PALOMINO,10,JUNTOS POR EL PERÚ,12.004,9.974,2007102,07845838,RAFAEL BERNARDO LÓPEZ ALIAGA CAZORLA,35,RENOVACIÓN POPULAR,11.913,9.898,1991850,TOTAL,2026-05-12T17:00:05.914484+00:00,20124122,16719777,15252
90005,99.758,90223,2290867,2026-05-12T12:00:06.827826+00:00,2329,1010363,0.513,KEIKO SOFIA FUJIMORI HIGUCHI,17.177,2819027,16002918,ROBERTO HELBERT SANCHEZ PALOMINO,10,JUNTOS POR EL PERÚ,12.181,10.141,1999108,07845838,RAFAEL BERNARDO LÓPEZ ALIAGA CAZORLA,35,RENOVACIÓN POPULAR,11.668,9.714,1914969,PERU,2026-05-12T17:00:05.956032+00:00,19713045,16411815,84139
5216,98.769,5281,180917,2026-05-12T12:00:10.001097+00:00,2330,82577,4.652,KEIKO SOFIA FUJIMORI HIGUCHI,28.019,244002,16002918,ROBERTO HELBERT SANCHEZ PALOMINO,10,JUNTOS POR EL PERÚ,11.36,8.721,98930,07845838,RAFAEL BERNARDO LÓPEZ ALIAGA CAZORLA,35,RENOVACIÓN POPULAR,6.708,5.15,58417,190000,2026-05-12T17:00:09.608063+00:00,1134335,870841,40513
2500,98.658,2534,103284,2026-05-12T12:00:10.369957+00:00,2331,38162,17.93,ROBERTO HELBERT SANCHEZ PALOMINO,23.804,91688,16002918,ROBERTO HELBERT SANCHEZ PALOMINO,10,JUNTOS POR EL PERÚ,23.804,17.41,91688,07845838,RAFAEL BERNARDO LÓPEZ ALIAGA CAZORLA,35,RENOVACIÓN POPULAR,5.874,4.297,22627,210000,2026-05-12T17:00:09.866142+00:00,526627,385181,69061
90017,99.772,90223,2291352,2026-05-12T12:30:05.681806+00:00,2332,1010543,0.515,KEIKO SOFIA FUJIMORI HIGUCHI,17.177,2819449,16002918,ROBERTO HELBERT SANCHEZ PALOMINO,10,JUNTOS POR EL PERÚ,12.183,10.143,1999672,07845838,RAFAEL BERNARDO LÓPEZ ALIAGA CAZORLA,35,RENOVACIÓN POPULAR,11.668,9.714,1915079,PERU,2026-05-12T17:30:05.238831+00:00,19715546,16413651,84593
92560,99.778,92766,2366144,2026-05-12T12:30:06.057478+00:00,2333,1038866,0.094,KEIKO SOFIA FUJIMORI HIGUCHI,17.175,2871903,16002918,ROBERTO HELBERT SANCHEZ PALOMINO,10,JUNTOS POR EL PERÚ,12.006,9.975,2007666,07845838,RAFAEL BERNARDO LÓPEZ ALIAGA CAZORLA,35,RENOVACIÓN POPULAR,11.912,9.897,1991960,TOTAL,2026-05-12T17:30:05.240243+00:00,20126623,16721613,15706
29216,99.894,29247,555038,2026-05-12T12:30:08.397869+00:00,2334,264903,-16.629,RAFAEL BERNARDO LÓPEZ ALIAGA CAZORLA,19.906,1210568,16002918,ROBERTO HELBERT SANCHEZ PALOMINO,10,JUNTOS POR EL PERÚ,3.277,2.888,199281,07845838,RAFAEL BERNARDO LÓPEZ ALIAGA CAZORLA,35,RENOVACIÓN POPULAR,19.906,17.541,1210568,140000,2026-05-12T17:30:07.922205+00:00,6901359,6081418,-1011287
2511,99.092,2534,103747,2026-05-12T12:30:09.731715+00:00,2335,38333,17.975,ROBERTO HELBERT SANCHEZ PALOMINO,23.845,92237,16002918,ROBERTO HELBERT SANCHEZ PALOMINO,10,JUNTOS POR EL PERÚ,23.845,17.439,92237,07845838,RAFAEL BERNARDO LÓPEZ ALIAGA CAZORLA,35,RENOVACIÓN POPULAR,5.87,4.293,22705,210000,2026-05-12T17:30:09.227978+00:00,528899,386819,69532
92570,99.789,92766,2366544,2026-05-12T13:00:06.220273+00:00,2336,1038984,0.096,KEIKO SOFIA FUJIMORI HIGUCHI,17.175,2872238,16002918,ROBERTO HELBERT SANCHEZ PALOMINO,10,JUNTOS POR EL PERÚ,12.008,9.976,2008050,07845838,RAFAEL BERNARDO LÓPEZ ALIAGA CAZORLA,35,RENOVACIÓN POPULAR,11.912,9.897,1992101,TOTAL,2026-05-12T18:00:05.722759+00:00,20128674,16723146,15949
90027,99.783,90223,2291752,2026-05-12T13:00:06.585816+00:00,2337,1010661,0.517,KEIKO SOFIA FUJIMORI HIGUCHI,17.178,2819784,16002918,ROBERTO HELBERT SANCHEZ PALOMINO,10,JUNTOS POR EL PERÚ,12.184,10.144,2000056,07845838,RAFAEL BERNARDO LÓPEZ ALIAGA CAZORLA,35,RENOVACIÓN POPULAR,11.667,9.713,1915220,PERU,2026-05-12T18:00:05.724236+00:00,19717597,16415184,84836
29217,99.897,29247,555059,2026-05-12T13:00:08.829662+00:00,2338,264905,-16.629,RAFAEL BERNARDO LÓPEZ ALIAGA CAZORLA,19.906,1210622,16002918,ROBERTO HELBERT SANCHEZ PALOMINO,10,JUNTOS POR EL PERÚ,3.277,2.888,199296,07845838,RAFAEL BERNARDO LÓPEZ ALIAGA CAZORLA,35,RENOVACIÓN POPULAR,19.906,17.541,1210622,140000,2026-05-12T18:00:08.409248+00:00,6901590,6081626,-1011326
2520,99.448,2534,104126,2026-05-12T13:00:09.885687+00:00,2339,38449,17.987,ROBERTO HELBERT SANCHEZ PALOMINO,23.859,92606,16002918,ROBERTO HELBERT SANCHEZ PALOMINO,10,JUNTOS POR EL PERÚ,23.859,17.449,92606,07845838,RAFAEL BERNARDO LÓPEZ ALIAGA CAZORLA,35,RENOVACIÓN POPULAR,5.872,4.295,22792,210000,2026-05-12T18:00:09.520017+00:00,530719,388144,69814
90030,99.786,90223,2291787,2026-05-12T15:15:03.841686+00:00,2340,1010977,0.516,KEIKO SOFIA FUJIMORI HIGUCHI,17.178,2819850,16002918,ROBERTO HELBERT SANCHEZ PALOMINO,10,JUNTOS POR EL PERÚ,12.184,10.143,2000079,07845838,RAFAEL BERNARDO LÓPEZ ALIAGA CAZORLA,35,RENOVACIÓN POPULAR,11.668,9.713,1915284,PERU,2026-05-12T20:15:03.314452+00:00,19718305,16415541,84795
92573,99.792,92766,2366579,2026-05-12T15:15:04.122228+00:00,2341,1039300,0.095,KEIKO SOFIA FUJIMORI HIGUCHI,17.175,2872304,16002918,ROBERTO HELBERT SANCHEZ PALOMINO,10,JUNTOS POR EL PERÚ,12.007,9.976,2008073,07845838,RAFAEL BERNARDO LÓPEZ ALIAGA CAZORLA,35,RENOVACIÓN POPULAR,11.912,9.897,1992165,TOTAL,2026-05-12T20:15:03.361011+00:00,20129382,16723503,15908
29217,99.897,29247,555094,2026-05-12T15:15:06.48599+00:00,2342,265221,-16.629,RAFAEL BERNARDO LÓPEZ ALIAGA CAZORLA,19.906,1210686,16002918,ROBERTO HELBERT SANCHEZ PALOMINO,10,JUNTOS POR EL PERÚ,3.277,2.888,199319,07845838,RAFAEL BERNARDO LÓPEZ ALIAGA CAZORLA,35,RENOVACIÓN POPULAR,19.906,17.54,1210686,140000,2026-05-12T20:15:06.035117+00:00,6902298,6081983,-1011367
29220,99.908,29247,555094,2026-05-12T15:30:08.860485+00:00,2343,265221,-16.629,RAFAEL BERNARDO LÓPEZ ALIAGA CAZORLA,19.906,1210686,16002918,ROBERTO HELBERT SANCHEZ PALOMINO,10,JUNTOS POR EL PERÚ,3.277,2.888,199319,07845838,RAFAEL BERNARDO LÓPEZ ALIAGA CAZORLA,35,RENOVACIÓN POPULAR,19.906,17.54,1210686,140000,2026-05-12T20:30:08.54107+00:00,6902298,6081983,-1011367
90035,99.792,90223,2291941,2026-05-12T15:45:04.595164+00:00,2344,1011031,0.516,KEIKO SOFIA FUJIMORI HIGUCHI,17.178,2820026,16002918,ROBERTO HELBERT SANCHEZ PALOMINO,10,JUNTOS POR EL PERÚ,12.184,10.143,2000168,07845838,RAFAEL BERNARDO LÓPEZ ALIAGA CAZORLA,35,RENOVACIÓN POPULAR,11.668,9.713,1915375,PERU,2026-05-12T20:45:03.745656+00:00,19719286,16416314,84793
92578,99.797,92766,2366733,2026-05-12T15:45:04.870527+00:00,2345,1039354,0.095,KEIKO SOFIA FUJIMORI HIGUCHI,17.176,2872480,16002918,ROBERTO HELBERT SANCHEZ PALOMINO,10,JUNTOS POR EL PERÚ,12.007,9.976,2008162,07845838,RAFAEL BERNARDO LÓPEZ ALIAGA CAZORLA,35,RENOVACIÓN POPULAR,11.912,9.897,1992256,TOTAL,2026-05-12T20:45:03.786539+00:00,20130363,16724276,15906
4213,99.363,4240,123788,2026-05-12T15:45:06.020008+00:00,2346,53385,38.362,ROBERTO HELBERT SANCHEZ PALOMINO,41.609,266884,16002918,ROBERTO HELBERT SANCHEZ PALOMINO,10,JUNTOS POR EL PERÚ,41.609,32.603,266884,07845838,RAFAEL BERNARDO LÓPEZ ALIAGA CAZORLA,35,RENOVACIÓN POPULAR,3.247,2.544,20824,060000,2026-05-12T20:45:05.657738+00:00,818584,641411,246060
29220,99.908,29247,555152,2026-05-12T15:45:07.25644+00:00,2347,265251,-16.628,RAFAEL BERNARDO LÓPEZ ALIAGA CAZORLA,19.906,1210777,16002918,ROBERTO HELBERT SANCHEZ PALOMINO,10,JUNTOS POR EL PERÚ,3.278,2.888,199371,07845838,RAFAEL BERNARDO LÓPEZ ALIAGA CAZORLA,35,RENOVACIÓN POPULAR,19.906,17.54,1210777,140000,2026-05-12T20:45:06.95347+00:00,6903025,6082622,-1011406
1534,98.082,1564,57526,2026-05-12T15:45:08.849362+00:00,2348,17087,7.117,KEIKO SOFIA FUJIMORI HIGUCHI,29.589,66129,16002918,ROBERTO HELBERT SANCHEZ PALOMINO,10,JUNTOS POR EL PERÚ,12.845,9.63,28707,07845838,RAFAEL BERNARDO LÓPEZ ALIAGA CAZORLA,35,RENOVACIÓN POPULAR,5.728,4.294,12802,250000,2026-05-12T20:45:08.659521+00:00,298103,223490,15905
29223,99.918,29247,555152,2026-05-12T16:00:09.119371+00:00,2349,265251,-16.628,RAFAEL BERNARDO LÓPEZ ALIAGA CAZORLA,19.906,1210777,16002918,ROBERTO HELBERT SANCHEZ PALOMINO,10,JUNTOS POR EL PERÚ,3.278,2.888,199371,07845838,RAFAEL BERNARDO LÓPEZ ALIAGA CAZORLA,35,RENOVACIÓN POPULAR,19.906,17.54,1210777,140000,2026-05-12T21:00:08.576687+00:00,6903025,6082622,-1011406
1535,98.146,1564,57526,2026-05-12T16:00:10.620217+00:00,2350,17087,7.117,KEIKO SOFIA FUJIMORI HIGUCHI,29.589,66129,16002918,ROBERTO HELBERT SANCHEZ PALOMINO,10,JUNTOS POR EL PERÚ,12.845,9.63,28707,07845838,RAFAEL BERNARDO LÓPEZ ALIAGA CAZORLA,35,RENOVACIÓN POPULAR,5.728,4.294,12802,250000,2026-05-12T21:00:10.329715+00:00,298103,223490,15905
92588,99.808,92766,2366996,2026-05-12T16:30:05.942867+00:00,2351,1039444,0.094,KEIKO SOFIA FUJIMORI HIGUCHI,17.176,2872818,16002918,ROBERTO HELBERT SANCHEZ PALOMINO,10,JUNTOS POR EL PERÚ,12.007,9.975,2008277,07845838,RAFAEL BERNARDO LÓPEZ ALIAGA CAZORLA,35,RENOVACIÓN POPULAR,11.913,9.897,1992567,TOTAL,2026-05-12T21:30:05.390095+00:00,20132494,16726054,15710
90045,99.803,90223,2292204,2026-05-12T16:30:06.374395+00:00,2352,1011121,0.515,KEIKO SOFIA FUJIMORI HIGUCHI,17.178,2820364,16002918,ROBERTO HELBERT SANCHEZ PALOMINO,10,JUNTOS POR EL PERÚ,12.183,10.143,2000283,07845838,RAFAEL BERNARDO LÓPEZ ALIAGA CAZORLA,35,RENOVACIÓN POPULAR,11.668,9.714,1915686,PERU,2026-05-12T21:30:05.432159+00:00,19721417,16418092,84597
29228,99.935,29247,555217,2026-05-12T16:30:08.737153+00:00,2353,265282,-16.628,RAFAEL BERNARDO LÓPEZ ALIAGA CAZORLA,19.906,1211049,16002918,ROBERTO HELBERT SANCHEZ PALOMINO,10,JUNTOS POR EL PERÚ,3.278,2.888,199404,07845838,RAFAEL BERNARDO LÓPEZ ALIAGA CAZORLA,35,RENOVACIÓN POPULAR,19.906,17.54,1211049,140000,2026-05-12T21:30:08.246246+00:00,6904324,6083825,-1011645
5219,98.826,5281,181013,2026-05-12T16:30:09.601019+00:00,2354,82615,4.651,KEIKO SOFIA FUJIMORI HIGUCHI,28.02,244128,16002918,ROBERTO HELBERT SANCHEZ PALOMINO,10,JUNTOS POR EL PERÚ,11.36,8.721,98974,07845838,RAFAEL BERNARDO LÓPEZ ALIAGA CAZORLA,35,RENOVACIÓN POPULAR,6.709,5.15,58452,190000,2026-05-12T21:30:09.217499+00:00,1134897,871269,40522
1537,98.274,1564,57628,2026-05-12T16:30:10.546037+00:00,2355,17108,7.127,KEIKO SOFIA FUJIMORI HIGUCHI,29.596,66188,16002918,ROBERTO HELBERT SANCHEZ PALOMINO,10,JUNTOS POR EL PERÚ,12.853,9.634,28745,07845838,RAFAEL BERNARDO LÓPEZ ALIAGA CAZORLA,35,RENOVACIÓN POPULAR,5.726,4.292,12806,250000,2026-05-12T21:30:10.267461+00:00,298373,223637,15939
92618,99.84,92766,2368001,2026-05-12T17:15:04.182148+00:00,2356,1039955,0.101,KEIKO SOFIA FUJIMORI HIGUCHI,17.177,2873633,16002918,ROBERTO HELBERT SANCHEZ PALOMINO,10,JUNTOS POR EL PERÚ,12.012,9.98,2009666,07845838,RAFAEL BERNARDO LÓPEZ ALIAGA CAZORLA,35,RENOVACIÓN POPULAR,11.911,9.895,1992714,TOTAL,2026-05-12T22:15:03.248502+00:00,20137831,16729875,16952
90075,99.836,90223,2293209,2026-05-12T17:15:04.583093+00:00,2357,1011632,0.523,KEIKO SOFIA FUJIMORI HIGUCHI,17.179,2821179,16002918,ROBERTO HELBERT SANCHEZ PALOMINO,10,JUNTOS POR EL PERÚ,12.189,10.147,2001672,07845838,RAFAEL BERNARDO LÓPEZ ALIAGA CAZORLA,35,RENOVACIÓN POPULAR,11.666,9.712,1915833,PERU,2026-05-12T22:15:03.289658+00:00,19726754,16421913,85839
4225,99.646,4240,123788,2026-05-12T17:15:05.836765+00:00,2358,53385,38.362,ROBERTO HELBERT SANCHEZ PALOMINO,41.609,266884,16002918,ROBERTO HELBERT SANCHEZ PALOMINO,10,JUNTOS POR EL PERÚ,41.609,32.603,266884,07845838,RAFAEL BERNARDO LÓPEZ ALIAGA CAZORLA,35,RENOVACIÓN POPULAR,3.247,2.544,20824,060000,2026-05-12T22:15:05.367886+00:00,818584,641411,246060
29229,99.938,29247,555217,2026-05-12T17:15:07.054716+00:00,2359,265282,-16.628,RAFAEL BERNARDO LÓPEZ ALIAGA CAZORLA,19.906,1211049,16002918,ROBERTO HELBERT SANCHEZ PALOMINO,10,JUNTOS POR EL PERÚ,3.278,2.888,199404,07845838,RAFAEL BERNARDO LÓPEZ ALIAGA CAZORLA,35,RENOVACIÓN POPULAR,19.906,17.54,1211049,140000,2026-05-12T22:15:06.707032+00:00,6904324,6083825,-1011645
5226,98.959,5281,181013,2026-05-12T17:15:07.89685+00:00,2360,82615,4.651,KEIKO SOFIA FUJIMORI HIGUCHI,28.02,244128,16002918,ROBERTO HELBERT SANCHEZ PALOMINO,10,JUNTOS POR EL PERÚ,11.36,8.721,98974,07845838,RAFAEL BERNARDO LÓPEZ ALIAGA CAZORLA,35,RENOVACIÓN POPULAR,6.709,5.15,58452,190000,2026-05-12T22:15:07.564309+00:00,1134897,871269,40522
1891,99.526,1900,52674,2026-05-12T17:30:06.956921+00:00,2361,18928,28.602,ROBERTO HELBERT SANCHEZ PALOMINO,31.334,88613,16002918,ROBERTO HELBERT SANCHEZ PALOMINO,10,JUNTOS POR EL PERÚ,31.334,25.004,88613,07845838,RAFAEL BERNARDO LÓPEZ ALIAGA CAZORLA,35,RENOVACIÓN POPULAR,2.732,2.18,7727,050000,2026-05-12T22:30:06.326704+00:00,354399,282797,80886
4225,99.646,4240,124175,2026-05-12T17:30:07.194662+00:00,2362,53545,38.407,ROBERTO HELBERT SANCHEZ PALOMINO,41.648,267842,16002918,ROBERTO HELBERT SANCHEZ PALOMINO,10,JUNTOS POR EL PERÚ,41.648,32.631,267842,07845838,RAFAEL BERNARDO LÓPEZ ALIAGA CAZORLA,35,RENOVACIÓN POPULAR,3.241,2.539,20843,060000,2026-05-12T22:30:06.475482+00:00,820824,643104,246999
29229,99.938,29247,555233,2026-05-12T17:30:08.444131+00:00,2363,265290,-16.628,RAFAEL BERNARDO LÓPEZ ALIAGA CAZORLA,19.906,1211081,16002918,ROBERTO HELBERT SANCHEZ PALOMINO,10,JUNTOS POR EL PERÚ,3.278,2.888,199408,07845838,RAFAEL BERNARDO LÓPEZ ALIAGA CAZORLA,35,RENOVACIÓN POPULAR,19.906,17.54,1211081,140000,2026-05-12T22:30:08.022429+00:00,6904568,6084045,-1011673
5226,98.959,5281,181233,2026-05-12T17:30:09.271167+00:00,2364,82654,4.667,KEIKO SOFIA FUJIMORI HIGUCHI,28.02,244422,16002918,ROBERTO HELBERT SANCHEZ PALOMINO,10,JUNTOS POR EL PERÚ,11.375,8.733,99229,07845838,RAFAEL BERNARDO LÓPEZ ALIAGA CAZORLA,35,RENOVACIÓN POPULAR,6.708,5.15,58512,190000,2026-05-12T22:30:08.855004+00:00,1136192,872305,40717
1545,98.785,1564,57930,2026-05-12T17:30:10.083697+00:00,2365,17316,7.138,KEIKO SOFIA FUJIMORI HIGUCHI,29.638,66481,16002918,ROBERTO HELBERT SANCHEZ PALOMINO,10,JUNTOS POR EL PERÚ,12.863,9.632,28853,07845838,RAFAEL BERNARDO LÓPEZ ALIAGA CAZORLA,35,RENOVACIÓN POPULAR,5.725,4.287,12841,250000,2026-05-12T22:30:09.805236+00:00,299558,224312,16012
90097,99.86,90223,2294117,2026-05-12T18:00:06.766057+00:00,2366,1011982,0.526,KEIKO SOFIA FUJIMORI HIGUCHI,17.18,2821810,16002918,ROBERTO HELBERT SANCHEZ PALOMINO,10,JUNTOS POR EL PERÚ,12.191,10.148,2002347,07845838,RAFAEL BERNARDO LÓPEZ ALIAGA CAZORLA,35,RENOVACIÓN POPULAR,11.665,9.71,1915919,PERU,2026-05-12T23:00:06.028333+00:00,19730699,16424600,86428
92640,99.864,92766,2368909,2026-05-12T18:00:07.099325+00:00,2367,1040305,0.105,KEIKO SOFIA FUJIMORI HIGUCHI,17.178,2874264,16002918,ROBERTO HELBERT SANCHEZ PALOMINO,10,JUNTOS POR EL PERÚ,12.015,9.981,2010341,07845838,RAFAEL BERNARDO LÓPEZ ALIAGA CAZORLA,35,RENOVACIÓN POPULAR,11.91,9.894,1992800,TOTAL,2026-05-12T23:00:06.068743+00:00,20141776,16732562,17541
1896,99.789,1900,52840,2026-05-12T18:00:08.126484+00:00,2368,19001,28.664,ROBERTO HELBERT SANCHEZ PALOMINO,31.391,89035,16002918,ROBERTO HELBERT SANCHEZ PALOMINO,10,JUNTOS POR EL PERÚ,31.391,25.047,89035,07845838,RAFAEL BERNARDO LÓPEZ ALIAGA CAZORLA,35,RENOVACIÓN POPULAR,2.727,2.176,7736,050000,2026-05-12T23:00:07.688128+00:00,355476,283635,81299
5231,99.053,5281,181406,2026-05-12T18:00:10.251289+00:00,2369,82700,4.672,KEIKO SOFIA FUJIMORI HIGUCHI,28.021,244680,16002918,ROBERTO HELBERT SANCHEZ PALOMINO,10,JUNTOS POR EL PERÚ,11.377,8.735,99349,07845838,RAFAEL BERNARDO LÓPEZ ALIAGA CAZORLA,35,RENOVACIÓN POPULAR,6.705,5.148,58553,190000,2026-05-12T23:00:09.830151+00:00,1137321,873215,40796
1557,99.552,1564,58499,2026-05-12T18:00:11.070039+00:00,2370,17547,7.151,KEIKO SOFIA FUJIMORI HIGUCHI,29.658,66804,16002918,ROBERTO HELBERT SANCHEZ PALOMINO,10,JUNTOS POR EL PERÚ,12.868,9.62,28986,07845838,RAFAEL BERNARDO LÓPEZ ALIAGA CAZORLA,35,RENOVACIÓN POPULAR,5.717,4.274,12877,250000,2026-05-12T23:00:10.797308+00:00,301297,225251,16109
92665,99.891,92766,2369622,2026-05-12T18:45:04.216181+00:00,2371,1041135,0.108,KEIKO SOFIA FUJIMORI HIGUCHI,17.177,2874840,16002918,ROBERTO HELBERT SANCHEZ PALOMINO,10,JUNTOS POR EL PERÚ,12.018,9.983,2011337,07845838,RAFAEL BERNARDO LÓPEZ ALIAGA CAZORLA,35,RENOVACIÓN POPULAR,11.91,9.894,1993268,TOTAL,2026-05-12T23:45:03.376117+00:00,20147008,16736251,18069
90122,99.888,90223,2294830,2026-05-12T18:45:04.509035+00:00,2372,1012812,0.529,KEIKO SOFIA FUJIMORI HIGUCHI,17.18,2822386,16002918,ROBERTO HELBERT SANCHEZ PALOMINO,10,JUNTOS POR EL PERÚ,12.194,10.151,2003343,07845838,RAFAEL BERNARDO LÓPEZ ALIAGA CAZORLA,35,RENOVACIÓN POPULAR,11.665,9.71,1916387,PERU,2026-05-12T23:45:03.417503+00:00,19735931,16428289,86956
1313,99.696,1317,39618,2026-05-12T18:45:05.337651+00:00,2373,14476,37.802,ROBERTO HELBERT SANCHEZ PALOMINO,40.964,82005,16002918,ROBERTO HELBERT SANCHEZ PALOMINO,10,JUNTOS POR EL PERÚ,40.964,32.25,82005,07845838,RAFAEL BERNARDO LÓPEZ ALIAGA CAZORLA,35,RENOVACIÓN POPULAR,3.162,2.489,6329,030000,2026-05-12T23:45:04.79142+00:00,254280,200186,75676
29236,99.962,29247,555233,2026-05-12T18:45:06.952279+00:00,2374,265290,-16.628,RAFAEL BERNARDO LÓPEZ ALIAGA CAZORLA,19.906,1211081,16002918,ROBERTO HELBERT SANCHEZ PALOMINO,10,JUNTOS POR EL PERÚ,3.278,2.888,199408,07845838,RAFAEL BERNARDO LÓPEZ ALIAGA CAZORLA,35,RENOVACIÓN POPULAR,19.906,17.54,1211081,140000,2026-05-12T23:45:06.578058+00:00,6904568,6084045,-1011673
2529,99.803,2534,104126,2026-05-12T18:45:08.065191+00:00,2375,38449,17.987,ROBERTO HELBERT SANCHEZ PALOMINO,23.859,92606,16002918,ROBERTO HELBERT SANCHEZ PALOMINO,10,JUNTOS POR EL PERÚ,23.859,17.449,92606,07845838,RAFAEL BERNARDO LÓPEZ ALIAGA CAZORLA,35,RENOVACIÓN POPULAR,5.872,4.295,22792,210000,2026-05-12T23:45:07.652472+00:00,530719,388144,69814
1313,99.696,1317,39673,2026-05-12T19:00:07.581886+00:00,2376,14489,37.804,ROBERTO HELBERT SANCHEZ PALOMINO,40.97,82172,16002918,ROBERTO HELBERT SANCHEZ PALOMINO,10,JUNTOS POR EL PERÚ,40.97,32.259,82172,07845838,RAFAEL BERNARDO LÓPEZ ALIAGA CAZORLA,35,RENOVACIÓN POPULAR,3.166,2.492,6349,030000,2026-05-13T00:00:07.069499+00:00,254728,200566,75823
1900,100.0,1900,52951,2026-05-12T19:00:08.028523+00:00,2377,19042,28.684,ROBERTO HELBERT SANCHEZ PALOMINO,31.409,89314,16002918,ROBERTO HELBERT SANCHEZ PALOMINO,10,JUNTOS POR EL PERÚ,31.409,25.063,89314,07845838,RAFAEL BERNARDO LÓPEZ ALIAGA CAZORLA,35,RENOVACIÓN POPULAR,2.725,2.175,7750,050000,2026-05-13T00:00:07.359462+00:00,356352,284359,81564
29236,99.962,29247,555310,2026-05-12T19:00:09.578011+00:00,2378,265918,-16.631,RAFAEL BERNARDO LÓPEZ ALIAGA CAZORLA,19.908,1211437,16002918,ROBERTO HELBERT SANCHEZ PALOMINO,10,JUNTOS POR EL PERÚ,3.277,2.888,199429,07845838,RAFAEL BERNARDO LÓPEZ ALIAGA CAZORLA,35,RENOVACIÓN POPULAR,19.908,17.541,1211437,140000,2026-05-13T00:00:09.213485+00:00,6906270,6085042,-1012008
578,100.0,578,12004,2026-05-12T19:00:10.148744+00:00,2379,5269,7.12,ROBERTO HELBERT SANCHEZ PALOMINO,12.905,14718,16002918,ROBERTO HELBERT SANCHEZ PALOMINO,10,JUNTOS POR EL PERÚ,12.905,11.208,14718,07845838,RAFAEL BERNARDO LÓPEZ ALIAGA CAZORLA,35,RENOVACIÓN POPULAR,5.785,5.024,6598,170000,2026-05-13T00:00:09.790211+00:00,131318,114045,8120
2529,99.803,2534,104480,2026-05-12T19:00:10.824936+00:00,2380,38576,18.024,ROBERTO HELBERT SANCHEZ PALOMINO,23.897,93043,16002918,ROBERTO HELBERT SANCHEZ PALOMINO,10,JUNTOS POR EL PERÚ,23.897,17.476,93043,07845838,RAFAEL BERNARDO LÓPEZ ALIAGA CAZORLA,35,RENOVACIÓN POPULAR,5.873,4.295,22867,210000,2026-05-13T00:00:10.508793+00:00,532404,389348,70176
1559,99.68,1564,58579,2026-05-12T19:00:11.443315+00:00,2381,17562,7.157,KEIKO SOFIA FUJIMORI HIGUCHI,29.668,66890,16002918,ROBERTO HELBERT SANCHEZ PALOMINO,10,JUNTOS POR EL PERÚ,12.869,9.62,29015,07845838,RAFAEL BERNARDO LÓPEZ ALIAGA CAZORLA,35,RENOVACIÓN POPULAR,5.712,4.27,12879,250000,2026-05-13T00:00:11.136008+00:00,301599,225458,16136
90122,99.888,90223,2295107,2026-05-12T19:30:05.412435+00:00,2382,1014116,0.53,KEIKO SOFIA FUJIMORI HIGUCHI,17.181,2822654,16002918,ROBERTO HELBERT SANCHEZ PALOMINO,10,JUNTOS POR EL PERÚ,12.195,10.151,2003599,07845838,RAFAEL BERNARDO LÓPEZ ALIAGA CAZORLA,35,RENOVACIÓN POPULAR,11.665,9.709,1916415,PERU,2026-05-13T00:30:05.027176+00:00,19738596,16429373,87184
92665,99.891,92766,2369899,2026-05-12T19:30:05.785082+00:00,2383,1042439,0.11,KEIKO SOFIA FUJIMORI HIGUCHI,17.178,2875108,16002918,ROBERTO HELBERT SANCHEZ PALOMINO,10,JUNTOS POR EL PERÚ,12.019,9.983,2011593,07845838,RAFAEL BERNARDO LÓPEZ ALIAGA CAZORLA,35,RENOVACIÓN POPULAR,11.909,9.892,1993296,TOTAL,2026-05-13T00:30:05.028588+00:00,20149673,16737335,18297
29240,99.976,29247,555310,2026-05-12T19:30:08.137288+00:00,2384,265918,-16.631,RAFAEL BERNARDO LÓPEZ ALIAGA CAZORLA,19.908,1211437,16002918,ROBERTO HELBERT SANCHEZ PALOMINO,10,JUNTOS POR EL PERÚ,3.277,2.888,199429,07845838,RAFAEL BERNARDO LÓPEZ ALIAGA CAZORLA,35,RENOVACIÓN POPULAR,19.908,17.541,1211437,140000,2026-05-13T00:30:07.781526+00:00,6906270,6085042,-1012008
1560,99.744,1564,58579,2026-05-12T19:30:09.635539+00:00,2385,17562,7.157,KEIKO SOFIA FUJIMORI HIGUCHI,29.668,66890,16002918,ROBERTO HELBERT SANCHEZ PALOMINO,10,JUNTOS POR EL PERÚ,12.869,9.62,29015,07845838,RAFAEL BERNARDO LÓPEZ ALIAGA CAZORLA,35,RENOVACIÓN POPULAR,5.712,4.27,12879,250000,2026-05-13T00:30:09.33517+00:00,301599,225458,16136
90134,99.901,90223,2295107,2026-05-12T19:45:04.69698+00:00,2386,1014116,0.53,KEIKO SOFIA FUJIMORI HIGUCHI,17.181,2822654,16002918,ROBERTO HELBERT SANCHEZ PALOMINO,10,JUNTOS POR EL PERÚ,12.195,10.151,2003599,07845838,RAFAEL BERNARDO LÓPEZ ALIAGA CAZORLA,35,RENOVACIÓN POPULAR,11.665,9.709,1916415,PERU,2026-05-13T00:45:03.690936+00:00,19738596,16429373,87184
92677,99.904,92766,2369899,2026-05-12T19:45:05.022036+00:00,2387,1042439,0.11,KEIKO SOFIA FUJIMORI HIGUCHI,17.178,2875108,16002918,ROBERTO HELBERT SANCHEZ PALOMINO,10,JUNTOS POR EL PERÚ,12.019,9.983,2011593,07845838,RAFAEL BERNARDO LÓPEZ ALIAGA CAZORLA,35,RENOVACIÓN POPULAR,11.909,9.892,1993296,TOTAL,2026-05-13T00:45:03.732198+00:00,20149673,16737335,18297
3471,99.971,3472,104351,2026-05-12T19:45:05.641363+00:00,2388,49735,8.953,KEIKO SOFIA FUJIMORI HIGUCHI,17.99,97731,16002918,ROBERTO HELBERT SANCHEZ PALOMINO,10,JUNTOS POR EL PERÚ,14.992,11.679,81441,07845838,RAFAEL BERNARDO LÓPEZ ALIAGA CAZORLA,35,RENOVACIÓN POPULAR,6.039,4.705,32808,020000,2026-05-13T00:45:05.226318+00:00,697323,543237,48633
802,100.0,802,22142,2026-05-12T19:45:08.361965+00:00,2389,8047,12.046,KEIKO SOFIA FUJIMORI HIGUCHI,18.853,21842,16002918,ROBERTO HELBERT SANCHEZ PALOMINO,10,JUNTOS POR EL PERÚ,18.649,14.794,21606,07845838,RAFAEL BERNARDO LÓPEZ ALIAGA CAZORLA,35,RENOVACIÓN POPULAR,6.603,5.238,7650,180000,2026-05-13T00:45:07.89+00:00,146044,115855,13956
5236,99.148,5281,181582,2026-05-12T19:45:08.732816+00:00,2390,82788,4.685,KEIKO SOFIA FUJIMORI HIGUCHI,28.019,244891,16002918,ROBERTO HELBERT SANCHEZ PALOMINO,10,JUNTOS POR EL PERÚ,11.386,8.742,99521,07845838,RAFAEL BERNARDO LÓPEZ ALIAGA CAZORLA,35,RENOVACIÓN POPULAR,6.701,5.145,58571,190000,2026-05-13T00:45:08.045057+00:00,1138403,874033,40950
1560,99.744,1564,58619,2026-05-12T19:45:09.660818+00:00,2391,17569,7.156,KEIKO SOFIA FUJIMORI HIGUCHI,29.673,66921,16002918,ROBERTO HELBERT SANCHEZ PALOMINO,10,JUNTOS POR EL PERÚ,12.869,9.62,29024,07845838,RAFAEL BERNARDO LÓPEZ ALIAGA CAZORLA,35,RENOVACIÓN POPULAR,5.713,4.27,12884,250000,2026-05-13T00:45:09.372454+00:00,301720,225532,16140
90135,99.902,90223,2295108,2026-05-12T20:15:04.767014+00:00,2392,1014167,0.53,KEIKO SOFIA FUJIMORI HIGUCHI,17.18,2822679,16002918,ROBERTO HELBERT SANCHEZ PALOMINO,10,JUNTOS POR EL PERÚ,12.195,10.151,2003599,07845838,RAFAEL BERNARDO LÓPEZ ALIAGA CAZORLA,35,RENOVACIÓN POPULAR,11.665,9.709,1916515,PERU,2026-05-13T01:15:03.801308+00:00,19738895,16429620,87084
92678,99.905,92766,2369900,2026-05-12T20:15:05.139272+00:00,2393,1042490,0.108,KEIKO SOFIA FUJIMORI HIGUCHI,17.178,2875133,16002918,ROBERTO HELBERT SANCHEZ PALOMINO,10,JUNTOS POR EL PERÚ,12.018,9.983,2011593,07845838,RAFAEL BERNARDO LÓPEZ ALIAGA CAZORLA,35,RENOVACIÓN POPULAR,11.91,9.893,1993396,TOTAL,2026-05-13T01:15:03.801937+00:00,20149972,16737582,18197
29241,99.979,29247,555311,2026-05-12T20:15:07.54681+00:00,2394,267165,-16.632,RAFAEL BERNARDO LÓPEZ ALIAGA CAZORLA,19.909,1211537,16002918,ROBERTO HELBERT SANCHEZ PALOMINO,10,JUNTOS POR EL PERÚ,3.277,2.887,199429,07845838,RAFAEL BERNARDO LÓPEZ ALIAGA CAZORLA,35,RENOVACIÓN POPULAR,19.909,17.539,1211537,140000,2026-05-13T01:15:07.112697+00:00,6907765,6085289,-1012108
90149,99.918,90223,2295582,2026-05-12T21:15:04.591998+00:00,2395,1015619,0.531,KEIKO SOFIA FUJIMORI HIGUCHI,17.182,2823146,16002918,ROBERTO HELBERT SANCHEZ PALOMINO,10,JUNTOS POR EL PERÚ,12.195,10.15,2003858,07845838,RAFAEL BERNARDO LÓPEZ ALIAGA CAZORLA,35,RENOVACIÓN POPULAR,11.664,9.708,1916608,PERU,2026-05-13T02:15:03.815322+00:00,19742419,16431218,87250
92692,99.92,92766,2370374,2026-05-12T21:15:04.903719+00:00,2396,1043942,0.11,KEIKO SOFIA FUJIMORI HIGUCHI,17.179,2875600,16002918,ROBERTO HELBERT SANCHEZ PALOMINO,10,JUNTOS POR EL PERÚ,12.019,9.983,2011852,07845838,RAFAEL BERNARDO LÓPEZ ALIAGA CAZORLA,35,RENOVACIÓN POPULAR,11.909,9.892,1993489,TOTAL,2026-05-13T02:15:03.816834+00:00,20153496,16739180,18363
29246,99.997,29247,555311,2026-05-12T21:15:07.050805+00:00,2397,267165,-16.632,RAFAEL BERNARDO LÓPEZ ALIAGA CAZORLA,19.909,1211537,16002918,ROBERTO HELBERT SANCHEZ PALOMINO,10,JUNTOS POR EL PERÚ,3.277,2.887,199429,07845838,RAFAEL BERNARDO LÓPEZ ALIAGA CAZORLA,35,RENOVACIÓN POPULAR,19.909,17.539,1211537,140000,2026-05-13T02:15:06.639586+00:00,6907765,6085289,-1012108
2531,99.882,2534,104480,2026-05-12T21:15:08.137719+00:00,2398,38576,18.024,ROBERTO HELBERT SANCHEZ PALOMINO,23.897,93043,16002918,ROBERTO HELBERT SANCHEZ PALOMINO,10,JUNTOS POR EL PERÚ,23.897,17.476,93043,07845838,RAFAEL BERNARDO LÓPEZ ALIAGA CAZORLA,35,RENOVACIÓN POPULAR,5.873,4.295,22867,210000,2026-05-13T02:15:07.71738+00:00,532404,389348,70176
29246,99.997,29247,555331,2026-05-12T21:30:08.214278+00:00,2399,268372,-16.632,RAFAEL BERNARDO LÓPEZ ALIAGA CAZORLA,19.909,1211586,16002918,ROBERTO HELBERT SANCHEZ PALOMINO,10,JUNTOS POR EL PERÚ,3.277,2.887,199436,07845838,RAFAEL BERNARDO LÓPEZ ALIAGA CAZORLA,35,RENOVACIÓN POPULAR,19.909,17.536,1211586,140000,2026-05-13T02:30:07.880693+00:00,6909198,6085495,-1012150
5243,99.28,5281,181941,2026-05-12T21:30:09.058837+00:00,2400,82995,4.691,KEIKO SOFIA FUJIMORI HIGUCHI,28.022,245218,16002918,ROBERTO HELBERT SANCHEZ PALOMINO,10,JUNTOS POR EL PERÚ,11.389,8.742,99664,07845838,RAFAEL BERNARDO LÓPEZ ALIAGA CAZORLA,35,RENOVACIÓN POPULAR,6.698,5.141,58613,190000,2026-05-13T02:30:08.645155+00:00,1140040,875104,41051
2531,99.882,2534,104575,2026-05-12T21:30:09.465845+00:00,2401,38614,18.036,ROBERTO HELBERT SANCHEZ PALOMINO,23.905,93152,16002918,ROBERTO HELBERT SANCHEZ PALOMINO,10,JUNTOS POR EL PERÚ,23.905,17.482,93152,07845838,RAFAEL BERNARDO LÓPEZ ALIAGA CAZORLA,35,RENOVACIÓN POPULAR,5.869,4.292,22869,210000,2026-05-13T02:30:08.925055+00:00,532858,389669,70283
92692,99.92,92766,2370497,2026-05-12T22:00:06.829266+00:00,2402,1043993,0.11,KEIKO SOFIA FUJIMORI HIGUCHI,17.179,2875641,16002918,ROBERTO HELBERT SANCHEZ PALOMINO,10,JUNTOS POR EL PERÚ,12.019,9.983,2011930,07845838,RAFAEL BERNARDO LÓPEZ ALIAGA CAZORLA,35,RENOVACIÓN POPULAR,11.909,9.891,1993508,TOTAL,2026-05-13T03:00:05.980411+00:00,20154161,16739671,18422
90149,99.918,90223,2295705,2026-05-12T22:00:07.173923+00:00,2403,1015670,0.532,KEIKO SOFIA FUJIMORI HIGUCHI,17.181,2823187,16002918,ROBERTO HELBERT SANCHEZ PALOMINO,10,JUNTOS POR EL PERÚ,12.196,10.15,2003936,07845838,RAFAEL BERNARDO LÓPEZ ALIAGA CAZORLA,35,RENOVACIÓN POPULAR,11.664,9.708,1916627,PERU,2026-05-13T03:00:06.022048+00:00,19743084,16431709,87309
499,98.422,507,18288,2026-05-12T22:00:09.812364+00:00,2404,5115,19.914,ROBERTO HELBERT SANCHEZ PALOMINO,23.323,18680,16002918,ROBERTO HELBERT SANCHEZ PALOMINO,10,JUNTOS POR EL PERÚ,23.323,18.049,18680,07845838,RAFAEL BERNARDO LÓPEZ ALIAGA CAZORLA,35,RENOVACIÓN POPULAR,3.409,2.638,2730,160000,2026-05-13T03:00:09.37805+00:00,103495,80092,15950
90152,99.921,90223,2295705,2026-05-12T22:15:04.412296+00:00,2405,1015670,0.532,KEIKO SOFIA FUJIMORI HIGUCHI,17.181,2823187,16002918,ROBERTO HELBERT SANCHEZ PALOMINO,10,JUNTOS POR EL PERÚ,12.196,10.15,2003936,07845838,RAFAEL BERNARDO LÓPEZ ALIAGA CAZORLA,35,RENOVACIÓN POPULAR,11.664,9.708,1916627,PERU,2026-05-13T03:15:03.562944+00:00,19743084,16431709,87309
92695,99.923,92766,2370497,2026-05-12T22:15:04.671756+00:00,2406,1043993,0.11,KEIKO SOFIA FUJIMORI HIGUCHI,17.179,2875641,16002918,ROBERTO HELBERT SANCHEZ PALOMINO,10,JUNTOS POR EL PERÚ,12.019,9.983,2011930,07845838,RAFAEL BERNARDO LÓPEZ ALIAGA CAZORLA,35,RENOVACIÓN POPULAR,11.909,9.891,1993508,TOTAL,2026-05-13T03:15:03.564381+00:00,20154161,16739671,18422
502,99.014,507,18288,2026-05-12T22:15:07.359092+00:00,2407,5115,19.914,ROBERTO HELBERT SANCHEZ PALOMINO,23.323,18680,16002918,ROBERTO HELBERT SANCHEZ PALOMINO,10,JUNTOS POR EL PERÚ,23.323,18.049,18680,07845838,RAFAEL BERNARDO LÓPEZ ALIAGA CAZORLA,35,RENOVACIÓN POPULAR,3.409,2.638,2730,160000,2026-05-13T03:15:07.007997+00:00,103495,80092,15950
92698,99.927,92766,2370640,2026-05-12T22:45:04.443615+00:00,2408,1044055,0.11,KEIKO SOFIA FUJIMORI HIGUCHI,17.179,2875708,16002918,ROBERTO HELBERT SANCHEZ PALOMINO,10,JUNTOS POR EL PERÚ,12.019,9.983,2012041,07845838,RAFAEL BERNARDO LÓPEZ ALIAGA CAZORLA,35,RENOVACIÓN POPULAR,11.909,9.891,1993535,TOTAL,2026-05-13T03:45:04.015944+00:00,20154810,16740115,18506
90155,99.925,90223,2295848,2026-05-12T22:45:04.828621+00:00,2409,1015732,0.532,KEIKO SOFIA FUJIMORI HIGUCHI,17.181,2823254,16002918,ROBERTO HELBERT SANCHEZ PALOMINO,10,JUNTOS POR EL PERÚ,12.196,10.15,2004047,07845838,RAFAEL BERNARDO LÓPEZ ALIAGA CAZORLA,35,RENOVACIÓN POPULAR,11.664,9.708,1916654,PERU,2026-05-13T03:45:04.057233+00:00,19743733,16432153,87393
505,99.606,507,18431,2026-05-12T22:45:07.437144+00:00,2410,5177,19.909,ROBERTO HELBERT SANCHEZ PALOMINO,23.332,18791,16002918,ROBERTO HELBERT SANCHEZ PALOMINO,10,JUNTOS POR EL PERÚ,23.332,18.043,18791,07845838,RAFAEL BERNARDO LÓPEZ ALIAGA CAZORLA,35,RENOVACIÓN POPULAR,3.423,2.647,2757,160000,2026-05-13T03:45:06.998541+00:00,104144,80536,16034
92699,99.928,92766,2370653,2026-05-13T10:15:04.528029+00:00,2411,1044057,0.11,KEIKO SOFIA FUJIMORI HIGUCHI,17.178,2875725,16002918,ROBERTO HELBERT SANCHEZ PALOMINO,10,JUNTOS POR EL PERÚ,12.019,9.983,2012044,07845838,RAFAEL BERNARDO LÓPEZ ALIAGA CAZORLA,35,RENOVACIÓN POPULAR,11.909,9.891,1993621,TOTAL,2026-05-13T15:15:03.710543+00:00,20155008,16740298,18423
90156,99.926,90223,2295861,2026-05-13T10:15:04.917605+00:00,2412,1015734,0.532,KEIKO SOFIA FUJIMORI HIGUCHI,17.181,2823271,16002918,ROBERTO HELBERT SANCHEZ PALOMINO,10,JUNTOS POR EL PERÚ,12.196,10.15,2004050,07845838,RAFAEL BERNARDO LÓPEZ ALIAGA CAZORLA,35,RENOVACIÓN POPULAR,11.664,9.708,1916740,PERU,2026-05-13T15:15:03.711985+00:00,19743931,16432336,87310
29247,100.0,29247,555344,2026-05-13T10:15:07.26313+00:00,2413,268374,-16.633,RAFAEL BERNARDO LÓPEZ ALIAGA CAZORLA,19.91,1211672,16002918,ROBERTO HELBERT SANCHEZ PALOMINO,10,JUNTOS POR EL PERÚ,3.277,2.886,199439,07845838,RAFAEL BERNARDO LÓPEZ ALIAGA CAZORLA,35,RENOVACIÓN POPULAR,19.91,17.537,1211672,140000,2026-05-13T15:15:06.9022+00:00,6909396,6085678,-1012233
92702,99.931,92766,2370799,2026-05-13T11:15:04.73493+00:00,2414,1044085,0.111,KEIKO SOFIA FUJIMORI HIGUCHI,17.179,2875812,16002918,ROBERTO HELBERT SANCHEZ PALOMINO,10,JUNTOS POR EL PERÚ,12.02,9.983,2012150,07845838,RAFAEL BERNARDO LÓPEZ ALIAGA CAZORLA,35,RENOVACIÓN POPULAR,11.909,9.891,1993616,TOTAL,2026-05-13T16:15:03.973628+00:00,20155387,16740503,18534
90159,99.929,90223,2296007,2026-05-13T11:15:05.103804+00:00,2415,1015762,0.532,KEIKO SOFIA FUJIMORI HIGUCHI,17.182,2823358,16002918,ROBERTO HELBERT SANCHEZ PALOMINO,10,JUNTOS POR EL PERÚ,12.196,10.151,2004156,07845838,RAFAEL BERNARDO LÓPEZ ALIAGA CAZORLA,35,RENOVACIÓN POPULAR,11.664,9.708,1916735,PERU,2026-05-13T16:15:03.974616+00:00,19744310,16432541,87421
2442,99.959,2443,71503,2026-05-13T11:15:06.806064+00:00,2416,29166,-1.663,KEIKO SOFIA FUJIMORI HIGUCHI,20.32,98055,16002918,ROBERTO HELBERT SANCHEZ PALOMINO,10,JUNTOS POR EL PERÚ,7.721,6.389,37260,07845838,RAFAEL BERNARDO LÓPEZ ALIAGA CAZORLA,35,RENOVACIÓN POPULAR,9.384,7.764,45283,100000,2026-05-13T16:15:06.498198+00:00,583218,482549,-8023
2533,99.961,2534,104645,2026-05-13T11:15:08.532257+00:00,2417,38636,18.05,ROBERTO HELBERT SANCHEZ PALOMINO,23.918,93256,16002918,ROBERTO HELBERT SANCHEZ PALOMINO,10,JUNTOS POR EL PERÚ,23.918,17.49,93256,07845838,RAFAEL BERNARDO LÓPEZ ALIAGA CAZORLA,35,RENOVACIÓN POPULAR,5.868,4.291,22881,210000,2026-05-13T16:15:08.098476+00:00,533181,389900,70375
1560,99.744,1564,58723,2026-05-13T11:15:09.097166+00:00,2418,17595,7.153,KEIKO SOFIA FUJIMORI HIGUCHI,29.684,66994,16002918,ROBERTO HELBERT SANCHEZ PALOMINO,10,JUNTOS POR EL PERÚ,12.866,9.615,29038,07845838,RAFAEL BERNARDO LÓPEZ ALIAGA CAZORLA,35,RENOVACIÓN POPULAR,5.713,4.269,12894,250000,2026-05-13T16:15:08.814914+00:00,302011,225693,16144
2442,99.959,2443,71475,2026-05-13T11:30:07.850454+00:00,2419,29146,-1.66,KEIKO SOFIA FUJIMORI HIGUCHI,20.32,98015,16002918,ROBERTO HELBERT SANCHEZ PALOMINO,10,JUNTOS POR EL PERÚ,7.722,6.389,37248,07845838,RAFAEL BERNARDO LÓPEZ ALIAGA CAZORLA,35,RENOVACIÓN POPULAR,9.382,7.763,45256,100000,2026-05-13T16:30:07.361871+00:00,582983,482362,-8008
1562,99.872,1564,58723,2026-05-13T11:30:10.105025+00:00,2420,17595,7.153,KEIKO SOFIA FUJIMORI HIGUCHI,29.684,66994,16002918,ROBERTO HELBERT SANCHEZ PALOMINO,10,JUNTOS POR EL PERÚ,12.866,9.615,29038,07845838,RAFAEL BERNARDO LÓPEZ ALIAGA CAZORLA,35,RENOVACIÓN POPULAR,5.713,4.269,12894,250000,2026-05-13T16:30:09.793337+00:00,302011,225693,16144
92706,99.935,92766,2370869,2026-05-13T12:15:03.792478+00:00,2421,1044563,0.111,KEIKO SOFIA FUJIMORI HIGUCHI,17.179,2875849,16002918,ROBERTO HELBERT SANCHEZ PALOMINO,10,JUNTOS POR EL PERÚ,12.02,9.983,2012218,07845838,RAFAEL BERNARDO LÓPEZ ALIAGA CAZORLA,35,RENOVACIÓN POPULAR,11.909,9.891,1993640,TOTAL,2026-05-13T17:15:03.44881+00:00,20156266,16740834,18578
90163,99.933,90223,2296077,2026-05-13T12:15:04.200017+00:00,2422,1016240,0.532,KEIKO SOFIA FUJIMORI HIGUCHI,17.181,2823395,16002918,ROBERTO HELBERT SANCHEZ PALOMINO,10,JUNTOS POR EL PERÚ,12.196,10.15,2004224,07845838,RAFAEL BERNARDO LÓPEZ ALIAGA CAZORLA,35,RENOVACIÓN POPULAR,11.664,9.707,1916759,PERU,2026-05-13T17:15:03.489493+00:00,19745189,16432872,87465
3472,100.0,3472,104367,2026-05-13T12:15:04.698521+00:00,2423,49739,8.955,KEIKO SOFIA FUJIMORI HIGUCHI,17.987,97743,16002918,ROBERTO HELBERT SANCHEZ PALOMINO,10,JUNTOS POR EL PERÚ,14.994,11.681,81477,07845838,RAFAEL BERNARDO LÓPEZ ALIAGA CAZORLA,35,RENOVACIÓN POPULAR,6.039,4.705,32819,020000,2026-05-13T17:15:04.376127+00:00,697521,543415,48658
2534,100.0,2534,104699,2026-05-13T12:15:07.758498+00:00,2424,38657,18.048,ROBERTO HELBERT SANCHEZ PALOMINO,23.917,93288,16002918,ROBERTO HELBERT SANCHEZ PALOMINO,10,JUNTOS POR EL PERÚ,23.917,17.489,93288,07845838,RAFAEL BERNARDO LÓPEZ ALIAGA CAZORLA,35,RENOVACIÓN POPULAR,5.869,4.292,22894,210000,2026-05-13T17:15:07.246017+00:00,533409,390053,70394
1564,100.0,1564,58723,2026-05-13T12:30:09.05242+00:00,2425,18048,7.153,KEIKO SOFIA FUJIMORI HIGUCHI,29.684,66994,16002918,ROBERTO HELBERT SANCHEZ PALOMINO,10,JUNTOS POR EL PERÚ,12.866,9.6,29038,07845838,RAFAEL BERNARDO LÓPEZ ALIAGA CAZORLA,35,RENOVACIÓN POPULAR,5.713,4.263,12894,250000,2026-05-13T17:30:08.716961+00:00,302464,225693,16144
92706,99.935,92766,2371066,2026-05-13T13:00:06.520433+00:00,2426,1044656,0.113,KEIKO SOFIA FUJIMORI HIGUCHI,17.179,2876008,16002918,ROBERTO HELBERT SANCHEZ PALOMINO,10,JUNTOS POR EL PERÚ,12.021,9.984,2012455,07845838,RAFAEL BERNARDO LÓPEZ ALIAGA CAZORLA,35,RENOVACIÓN POPULAR,11.908,9.891,1993656,TOTAL,2026-05-13T18:00:06.032437+00:00,20157240,16741518,18799
90168,99.939,90223,2296274,2026-05-13T13:00:06.872682+00:00,2427,1016333,0.533,KEIKO SOFIA FUJIMORI HIGUCHI,17.182,2823554,16002918,ROBERTO HELBERT SANCHEZ PALOMINO,10,JUNTOS POR EL PERÚ,12.197,10.151,2004461,07845838,RAFAEL BERNARDO LÓPEZ ALIAGA CAZORLA,35,RENOVACIÓN POPULAR,11.664,9.707,1916775,PERU,2026-05-13T18:00:06.073184+00:00,19746163,16433556,87686
92711,99.941,92766,2371066,2026-05-13T13:15:04.875515+00:00,2428,1044656,0.113,KEIKO SOFIA FUJIMORI HIGUCHI,17.179,2876008,16002918,ROBERTO HELBERT SANCHEZ PALOMINO,10,JUNTOS POR EL PERÚ,12.021,9.984,2012455,07845838,RAFAEL BERNARDO LÓPEZ ALIAGA CAZORLA,35,RENOVACIÓN POPULAR,11.908,9.891,1993656,TOTAL,2026-05-13T18:15:03.803707+00:00,20157240,16741518,18799
5248,99.375,5281,182138,2026-05-13T13:15:08.265466+00:00,2429,83088,4.713,KEIKO SOFIA FUJIMORI HIGUCHI,28.018,245377,16002918,ROBERTO HELBERT SANCHEZ PALOMINO,10,JUNTOS POR EL PERÚ,11.407,8.755,99901,07845838,RAFAEL BERNARDO LÓPEZ ALIAGA CAZORLA,35,RENOVACIÓN POPULAR,6.694,5.138,58629,190000,2026-05-13T18:15:07.936451+00:00,1141014,875788,41272
90175,99.947,90223,2296439,2026-05-13T17:30:05.98877+00:00,2430,1016457,0.537,KEIKO SOFIA FUJIMORI HIGUCHI,17.181,2823607,16002918,ROBERTO HELBERT SANCHEZ PALOMINO,10,JUNTOS POR EL PERÚ,12.2,10.153,2005051,07845838,RAFAEL BERNARDO LÓPEZ ALIAGA CAZORLA,35,RENOVACIÓN POPULAR,11.663,9.706,1916787,PERU,2026-05-13T22:30:05.130197+00:00,19747473,16434577,88264
92718,99.948,92766,2371231,2026-05-13T17:30:06.220843+00:00,2431,1044780,0.116,KEIKO SOFIA FUJIMORI HIGUCHI,17.178,2876061,16002918,ROBERTO HELBERT SANCHEZ PALOMINO,10,JUNTOS POR EL PERÚ,12.024,9.986,2013045,07845838,RAFAEL BERNARDO LÓPEZ ALIAGA CAZORLA,35,RENOVACIÓN POPULAR,11.908,9.89,1993668,TOTAL,2026-05-13T22:30:05.171833+00:00,20158550,16742539,19377
4232,99.811,4240,124340,2026-05-13T17:30:07.310949+00:00,2432,53669,38.436,ROBERTO HELBERT SANCHEZ PALOMINO,41.674,268432,16002918,ROBERTO HELBERT SANCHEZ PALOMINO,10,JUNTOS POR EL PERÚ,41.674,32.651,268432,07845838,RAFAEL BERNARDO LÓPEZ ALIAGA CAZORLA,35,RENOVACIÓN POPULAR,3.238,2.537,20855,060000,2026-05-13T22:30:06.976996+00:00,822134,644125,247577
92718,99.948,92766,2371195,2026-05-13T18:30:05.637321+00:00,2433,1044761,0.116,KEIKO SOFIA FUJIMORI HIGUCHI,17.178,2876058,16002918,ROBERTO HELBERT SANCHEZ PALOMINO,10,JUNTOS POR EL PERÚ,12.024,9.986,2013041,07845838,RAFAEL BERNARDO LÓPEZ ALIAGA CAZORLA,35,RENOVACIÓN POPULAR,11.908,9.89,1993664,TOTAL,2026-05-13T23:30:04.841494+00:00,20158343,16742387,19377
90175,99.947,90223,2296403,2026-05-13T18:30:06.074969+00:00,2434,1016438,0.537,KEIKO SOFIA FUJIMORI HIGUCHI,17.181,2823604,16002918,ROBERTO HELBERT SANCHEZ PALOMINO,10,JUNTOS POR EL PERÚ,12.2,10.154,2005047,07845838,RAFAEL BERNARDO LÓPEZ ALIAGA CAZORLA,35,RENOVACIÓN POPULAR,11.663,9.707,1916783,PERU,2026-05-13T23:30:04.883055+00:00,19747266,16434425,88264
90174,99.946,90223,2296403,2026-05-13T18:45:04.418801+00:00,2435,1016438,0.537,KEIKO SOFIA FUJIMORI HIGUCHI,17.181,2823604,16002918,ROBERTO HELBERT SANCHEZ PALOMINO,10,JUNTOS POR EL PERÚ,12.2,10.154,2005047,07845838,RAFAEL BERNARDO LÓPEZ ALIAGA CAZORLA,35,RENOVACIÓN POPULAR,11.663,9.707,1916783,PERU,2026-05-13T23:45:03.411541+00:00,19747266,16434425,88264
92717,99.947,92766,2371195,2026-05-13T18:45:04.65343+00:00,2436,1044761,0.116,KEIKO SOFIA FUJIMORI HIGUCHI,17.178,2876058,16002918,ROBERTO HELBERT SANCHEZ PALOMINO,10,JUNTOS POR EL PERÚ,12.024,9.986,2013041,07845838,RAFAEL BERNARDO LÓPEZ ALIAGA CAZORLA,35,RENOVACIÓN POPULAR,11.908,9.89,1993664,TOTAL,2026-05-13T23:45:03.453205+00:00,20158343,16742387,19377
504,99.408,507,18395,2026-05-13T18:45:07.187953+00:00,2437,5158,19.947,ROBERTO HELBERT SANCHEZ PALOMINO,23.372,18787,16002918,ROBERTO HELBERT SANCHEZ PALOMINO,10,JUNTOS POR EL PERÚ,23.372,18.075,18787,07845838,RAFAEL BERNARDO LÓPEZ ALIAGA CAZORLA,35,RENOVACIÓN POPULAR,3.425,2.649,2753,160000,2026-05-13T23:45:06.765224+00:00,103937,80384,16034
90176,99.948,90223,2296475,2026-05-13T20:45:03.923365+00:00,2438,1016463,0.537,KEIKO SOFIA FUJIMORI HIGUCHI,17.181,2823733,16002918,ROBERTO HELBERT SANCHEZ PALOMINO,10,JUNTOS POR EL PERÚ,12.2,10.153,2005060,07845838,RAFAEL BERNARDO LÓPEZ ALIAGA CAZORLA,35,RENOVACIÓN POPULAR,11.663,9.706,1916796,PERU,2026-05-14T01:45:03.358739+00:00,19747720,16434782,88264
92719,99.949,92766,2371267,2026-05-13T20:45:04.251819+00:00,2439,1044786,0.115,KEIKO SOFIA FUJIMORI HIGUCHI,17.179,2876187,16002918,ROBERTO HELBERT SANCHEZ PALOMINO,10,JUNTOS POR EL PERÚ,12.023,9.986,2013054,07845838,RAFAEL BERNARDO LÓPEZ ALIAGA CAZORLA,35,RENOVACIÓN POPULAR,11.908,9.89,1993677,TOTAL,2026-05-14T01:45:03.399353+00:00,20158797,16742744,19377
5250,99.413,5281,182211,2026-05-13T20:45:07.45124+00:00,2440,83106,4.711,KEIKO SOFIA FUJIMORI HIGUCHI,28.021,245506,16002918,ROBERTO HELBERT SANCHEZ PALOMINO,10,JUNTOS POR EL PERÚ,11.404,8.753,99914,07845838,RAFAEL BERNARDO LÓPEZ ALIAGA CAZORLA,35,RENOVACIÓN POPULAR,6.693,5.137,58642,190000,2026-05-14T01:45:06.98851+00:00,1141468,876151,41272
92737,99.969,92766,2371928,2026-05-13T22:00:07.543834+00:00,2441,1045019,0.12,KEIKO SOFIA FUJIMORI HIGUCHI,17.18,2876773,16002918,ROBERTO HELBERT SANCHEZ PALOMINO,10,JUNTOS POR EL PERÚ,12.026,9.988,2013872,07845838,RAFAEL BERNARDO LÓPEZ ALIAGA CAZORLA,35,RENOVACIÓN POPULAR,11.906,9.889,1993760,TOTAL,2026-05-14T03:00:06.611621+00:00,20162290,16745343,20112
90194,99.968,90223,2297136,2026-05-13T22:00:07.861778+00:00,2442,1016696,0.541,KEIKO SOFIA FUJIMORI HIGUCHI,17.182,2824319,16002918,ROBERTO HELBERT SANCHEZ PALOMINO,10,JUNTOS POR EL PERÚ,12.203,10.156,2005878,07845838,RAFAEL BERNARDO LÓPEZ ALIAGA CAZORLA,35,RENOVACIÓN POPULAR,11.662,9.705,1916879,PERU,2026-05-14T03:00:06.6521+00:00,19751213,16437381,88999
4232,99.811,4240,124340,2026-05-13T22:00:08.970933+00:00,2443,53666,38.436,ROBERTO HELBERT SANCHEZ PALOMINO,41.674,268432,16002918,ROBERTO HELBERT SANCHEZ PALOMINO,10,JUNTOS POR EL PERÚ,41.674,32.651,268432,07845838,RAFAEL BERNARDO LÓPEZ ALIAGA CAZORLA,35,RENOVACIÓN POPULAR,3.238,2.537,20858,060000,2026-05-14T03:00:08.531837+00:00,822134,644128,247574
506,99.803,507,18473,2026-05-13T22:00:10.60163+00:00,2444,5168,19.987,ROBERTO HELBERT SANCHEZ PALOMINO,23.406,18888,16002918,ROBERTO HELBERT SANCHEZ PALOMINO,10,JUNTOS POR EL PERÚ,23.406,18.103,18888,07845838,RAFAEL BERNARDO LÓPEZ ALIAGA CAZORLA,35,RENOVACIÓN POPULAR,3.419,2.644,2759,160000,2026-05-14T03:00:10.160585+00:00,104339,80698,16129
5266,99.716,5281,182794,2026-05-13T22:00:11.173798+00:00,2445,83332,4.772,KEIKO SOFIA FUJIMORI HIGUCHI,28.01,246045,16002918,ROBERTO HELBERT SANCHEZ PALOMINO,10,JUNTOS POR EL PERÚ,11.456,8.792,100631,07845838,RAFAEL BERNARDO LÓPEZ ALIAGA CAZORLA,35,RENOVACIÓN POPULAR,6.684,5.13,58716,190000,2026-05-14T03:00:10.830493+00:00,1144559,878433,41915
92737,99.969,92766,2371996,2026-05-13T23:00:06.454243+00:00,2446,1045050,0.121,KEIKO SOFIA FUJIMORI HIGUCHI,17.179,2876785,16002918,ROBERTO HELBERT SANCHEZ PALOMINO,10,JUNTOS POR EL PERÚ,12.027,9.989,2014067,07845838,RAFAEL BERNARDO LÓPEZ ALIAGA CAZORLA,35,RENOVACIÓN POPULAR,11.906,9.888,1993762,TOTAL,2026-05-14T04:00:06.065291+00:00,20162692,16745646,20305
90194,99.968,90223,2297204,2026-05-13T23:00:06.883059+00:00,2447,1016727,0.542,KEIKO SOFIA FUJIMORI HIGUCHI,17.182,2824331,16002918,ROBERTO HELBERT SANCHEZ PALOMINO,10,JUNTOS POR EL PERÚ,12.204,10.157,2006073,07845838,RAFAEL BERNARDO LÓPEZ ALIAGA CAZORLA,35,RENOVACIÓN POPULAR,11.662,9.705,1916881,PERU,2026-05-14T04:00:06.066689+00:00,19751615,16437684,89192
92739,99.971,92766,2371996,2026-05-13T23:15:05.420182+00:00,2448,1045050,0.121,KEIKO SOFIA FUJIMORI HIGUCHI,17.179,2876785,16002918,ROBERTO HELBERT SANCHEZ PALOMINO,10,JUNTOS POR EL PERÚ,12.027,9.989,2014067,07845838,RAFAEL BERNARDO LÓPEZ ALIAGA CAZORLA,35,RENOVACIÓN POPULAR,11.906,9.888,1993762,TOTAL,2026-05-14T04:15:04.351756+00:00,20162692,16745646,20305
90196,99.97,90223,2297204,2026-05-13T23:15:05.734465+00:00,2449,1016727,0.542,KEIKO SOFIA FUJIMORI HIGUCHI,17.182,2824331,16002918,ROBERTO HELBERT SANCHEZ PALOMINO,10,JUNTOS POR EL PERÚ,12.204,10.157,2006073,07845838,RAFAEL BERNARDO LÓPEZ ALIAGA CAZORLA,35,RENOVACIÓN POPULAR,11.662,9.705,1916881,PERU,2026-05-14T04:15:04.392521+00:00,19751615,16437684,89192
1315,99.848,1317,39741,2026-05-13T23:15:06.388196+00:00,2450,14520,37.843,ROBERTO HELBERT SANCHEZ PALOMINO,41.005,82367,16002918,ROBERTO HELBERT SANCHEZ PALOMINO,10,JUNTOS POR EL PERÚ,41.005,32.284,82367,07845838,RAFAEL BERNARDO LÓPEZ ALIAGA CAZORLA,35,RENOVACIÓN POPULAR,3.162,2.489,6351,030000,2026-05-14T04:15:05.957746+00:00,255130,200869,76016
92739,99.971,92766,2371993,2026-05-14T00:00:07.917112+00:00,2451,1045042,0.121,KEIKO SOFIA FUJIMORI HIGUCHI,17.179,2876788,16002918,ROBERTO HELBERT SANCHEZ PALOMINO,10,JUNTOS POR EL PERÚ,12.027,9.989,2014068,07845838,RAFAEL BERNARDO LÓPEZ ALIAGA CAZORLA,35,RENOVACIÓN POPULAR,11.906,9.888,1993765,TOTAL,2026-05-14T05:00:07.096191+00:00,20162690,16745655,20303
90196,99.97,90223,2297201,2026-05-14T00:00:08.209592+00:00,2452,1016719,0.542,KEIKO SOFIA FUJIMORI HIGUCHI,17.182,2824334,16002918,ROBERTO HELBERT SANCHEZ PALOMINO,10,JUNTOS POR EL PERÚ,12.204,10.157,2006074,07845838,RAFAEL BERNARDO LÓPEZ ALIAGA CAZORLA,35,RENOVACIÓN POPULAR,11.662,9.705,1916884,PERU,2026-05-14T05:00:07.097597+00:00,19751613,16437693,89190
578,100.0,578,12001,2026-05-14T00:00:10.666842+00:00,2453,5261,7.117,ROBERTO HELBERT SANCHEZ PALOMINO,12.905,14719,16002918,ROBERTO HELBERT SANCHEZ PALOMINO,10,JUNTOS POR EL PERÚ,12.905,11.209,14719,07845838,RAFAEL BERNARDO LÓPEZ ALIAGA CAZORLA,35,RENOVACIÓN POPULAR,5.788,5.027,6601,170000,2026-05-14T05:00:10.250199+00:00,131316,114054,8118
90196,99.97,90223,2297266,2026-05-14T10:15:04.635491+00:00,2454,1016756,0.543,KEIKO SOFIA FUJIMORI HIGUCHI,17.182,2824398,16002918,ROBERTO HELBERT SANCHEZ PALOMINO,10,JUNTOS POR EL PERÚ,12.204,10.157,2006145,07845838,RAFAEL BERNARDO LÓPEZ ALIAGA CAZORLA,35,RENOVACIÓN POPULAR,11.661,9.705,1916891,PERU,2026-05-14T15:15:04.106368+00:00,19751992,16437970,89254
92741,99.973,92766,2372058,2026-05-14T10:15:05.007829+00:00,2455,1045079,0.122,KEIKO SOFIA FUJIMORI HIGUCHI,17.179,2876852,16002918,ROBERTO HELBERT SANCHEZ PALOMINO,10,JUNTOS POR EL PERÚ,12.028,9.989,2014139,07845838,RAFAEL BERNARDO LÓPEZ ALIAGA CAZORLA,35,RENOVACIÓN POPULAR,11.906,9.888,1993772,TOTAL,2026-05-14T15:15:04.148169+00:00,20163069,16745932,20367
1315,99.848,1317,39768,2026-05-14T10:15:05.669037+00:00,2456,14525,37.858,ROBERTO HELBERT SANCHEZ PALOMINO,41.018,82435,16002918,ROBERTO HELBERT SANCHEZ PALOMINO,10,JUNTOS POR EL PERÚ,41.018,32.294,82435,07845838,RAFAEL BERNARDO LÓPEZ ALIAGA CAZORLA,35,RENOVACIÓN POPULAR,3.16,2.488,6351,030000,2026-05-14T15:15:05.249005+00:00,255264,200971,76084
5267,99.735,5281,182832,2026-05-14T10:15:08.191175+00:00,2457,83364,4.77,KEIKO SOFIA FUJIMORI HIGUCHI,28.011,246105,16002918,ROBERTO HELBERT SANCHEZ PALOMINO,10,JUNTOS POR EL PERÚ,11.454,8.791,100634,07845838,RAFAEL BERNARDO LÓPEZ ALIAGA CAZORLA,35,RENOVACIÓN POPULAR,6.684,5.13,58723,190000,2026-05-14T15:15:07.852714+00:00,1144804,878608,41911
90198,99.972,90223,2297266,2026-05-14T10:30:07.402563+00:00,2458,1016756,0.543,KEIKO SOFIA FUJIMORI HIGUCHI,17.182,2824398,16002918,ROBERTO HELBERT SANCHEZ PALOMINO,10,JUNTOS POR EL PERÚ,12.204,10.157,2006145,07845838,RAFAEL BERNARDO LÓPEZ ALIAGA CAZORLA,35,RENOVACIÓN POPULAR,11.661,9.705,1916891,PERU,2026-05-14T15:30:06.448111+00:00,19751992,16437970,89254
1316,99.924,1317,39768,2026-05-14T10:30:08.605391+00:00,2459,14525,37.858,ROBERTO HELBERT SANCHEZ PALOMINO,41.018,82435,16002918,ROBERTO HELBERT SANCHEZ PALOMINO,10,JUNTOS POR EL PERÚ,41.018,32.294,82435,07845838,RAFAEL BERNARDO LÓPEZ ALIAGA CAZORLA,35,RENOVACIÓN POPULAR,3.16,2.488,6351,030000,2026-05-14T15:30:07.877345+00:00,255264,200971,76084
90198,99.972,90223,2297575,2026-05-14T12:15:04.652337+00:00,2460,1016869,0.546,KEIKO SOFIA FUJIMORI HIGUCHI,17.182,2824574,16002918,ROBERTO HELBERT SANCHEZ PALOMINO,10,JUNTOS POR EL PERÚ,12.207,10.159,2006674,07845838,RAFAEL BERNARDO LÓPEZ ALIAGA CAZORLA,35,RENOVACIÓN POPULAR,11.661,9.704,1916908,PERU,2026-05-14T17:15:03.685293+00:00,19753416,16438972,89766
92749,99.982,92766,2372367,2026-05-14T12:30:05.542108+00:00,2461,1045192,0.125,KEIKO SOFIA FUJIMORI HIGUCHI,17.179,2877028,16002918,ROBERTO HELBERT SANCHEZ PALOMINO,10,JUNTOS POR EL PERÚ,12.03,9.991,2014668,07845838,RAFAEL BERNARDO LÓPEZ ALIAGA CAZORLA,35,RENOVACIÓN POPULAR,11.905,9.888,1993789,TOTAL,2026-05-14T17:30:05.163202+00:00,20164493,16746934,20879
90206,99.981,90223,2297575,2026-05-14T12:30:05.806366+00:00,2462,1016869,0.546,KEIKO SOFIA FUJIMORI HIGUCHI,17.182,2824574,16002918,ROBERTO HELBERT SANCHEZ PALOMINO,10,JUNTOS POR EL PERÚ,12.207,10.159,2006674,07845838,RAFAEL BERNARDO LÓPEZ ALIAGA CAZORLA,35,RENOVACIÓN POPULAR,11.661,9.704,1916908,PERU,2026-05-14T17:30:05.204934+00:00,19753416,16438972,89766
4240,100.0,4240,124649,2026-05-14T12:30:07.005698+00:00,2463,53779,38.455,ROBERTO HELBERT SANCHEZ PALOMINO,41.691,268961,16002918,ROBERTO HELBERT SANCHEZ PALOMINO,10,JUNTOS POR EL PERÚ,41.691,32.658,268961,07845838,RAFAEL BERNARDO LÓPEZ ALIAGA CAZORLA,35,RENOVACIÓN POPULAR,3.236,2.535,20875,060000,2026-05-14T17:30:06.565813+00:00,823558,645130,248086
90206,99.981,90223,2297605,2026-05-14T13:15:03.837069+00:00,2464,1016886,0.546,KEIKO SOFIA FUJIMORI HIGUCHI,17.182,2824611,16002918,ROBERTO HELBERT SANCHEZ PALOMINO,10,JUNTOS POR EL PERÚ,12.207,10.159,2006690,07845838,RAFAEL BERNARDO LÓPEZ ALIAGA CAZORLA,35,RENOVACIÓN POPULAR,11.661,9.704,1916932,PERU,2026-05-14T18:15:03.589351+00:00,19753655,16439164,89758
92750,99.983,92766,2372397,2026-05-14T13:30:05.565249+00:00,2465,1045209,0.125,KEIKO SOFIA FUJIMORI HIGUCHI,17.179,2877065,16002918,ROBERTO HELBERT SANCHEZ PALOMINO,10,JUNTOS POR EL PERÚ,12.03,9.991,2014684,07845838,RAFAEL BERNARDO LÓPEZ ALIAGA CAZORLA,35,RENOVACIÓN POPULAR,11.905,9.888,1993813,TOTAL,2026-05-14T18:30:05.241941+00:00,20164732,16747126,20871
90207,99.982,90223,2297605,2026-05-14T13:30:05.946384+00:00,2466,1016886,0.546,KEIKO SOFIA FUJIMORI HIGUCHI,17.182,2824611,16002918,ROBERTO HELBERT SANCHEZ PALOMINO,10,JUNTOS POR EL PERÚ,12.207,10.159,2006690,07845838,RAFAEL BERNARDO LÓPEZ ALIAGA CAZORLA,35,RENOVACIÓN POPULAR,11.661,9.704,1916932,PERU,2026-05-14T18:30:05.243347+00:00,19753655,16439164,89758
2443,100.0,2443,71505,2026-05-14T13:30:07.692436+00:00,2467,29163,-1.661,KEIKO SOFIA FUJIMORI HIGUCHI,20.319,98052,16002918,ROBERTO HELBERT SANCHEZ PALOMINO,10,JUNTOS POR EL PERÚ,7.722,6.389,37264,07845838,RAFAEL BERNARDO LÓPEZ ALIAGA CAZORLA,35,RENOVACIÓN POPULAR,9.383,7.764,45280,100000,2026-05-14T18:30:07.124859+00:00,583222,482554,-8016
92751,99.984,92766,2372433,2026-05-14T15:15:03.959107+00:00,2468,1045228,0.125,KEIKO SOFIA FUJIMORI HIGUCHI,17.179,2877083,16002918,ROBERTO HELBERT SANCHEZ PALOMINO,10,JUNTOS POR EL PERÚ,12.03,9.991,2014744,07845838,RAFAEL BERNARDO LÓPEZ ALIAGA CAZORLA,35,RENOVACIÓN POPULAR,11.905,9.888,1993814,TOTAL,2026-05-14T20:15:03.25541+00:00,20164939,16747278,20930
90208,99.983,90223,2297641,2026-05-14T15:15:04.312311+00:00,2469,1016905,0.546,KEIKO SOFIA FUJIMORI HIGUCHI,17.182,2824629,16002918,ROBERTO HELBERT SANCHEZ PALOMINO,10,JUNTOS POR EL PERÚ,12.207,10.159,2006750,07845838,RAFAEL BERNARDO LÓPEZ ALIAGA CAZORLA,35,RENOVACIÓN POPULAR,11.661,9.704,1916933,PERU,2026-05-14T20:15:03.256846+00:00,19753862,16439316,89817
507,100.0,507,18509,2026-05-14T15:15:06.911358+00:00,2470,5187,20.022,ROBERTO HELBERT SANCHEZ PALOMINO,23.436,18948,16002918,ROBERTO HELBERT SANCHEZ PALOMINO,10,JUNTOS POR EL PERÚ,23.436,18.124,18948,07845838,RAFAEL BERNARDO LÓPEZ ALIAGA CAZORLA,35,RENOVACIÓN POPULAR,3.414,2.64,2760,160000,2026-05-14T20:15:06.594362+00:00,104546,80850,16188
92751,99.984,92766,2372433,2026-05-14T21:15:05.63766+00:00,2471,1045178,0.125,KEIKO SOFIA FUJIMORI HIGUCHI,17.179,2877083,16002918,ROBERTO HELBERT SANCHEZ PALOMINO,10,JUNTOS POR EL PERÚ,12.03,9.991,2014744,07845838,RAFAEL BERNARDO LÓPEZ ALIAGA CAZORLA,35,RENOVACIÓN POPULAR,11.905,9.888,1993834,TOTAL,2026-05-15T02:15:04.728041+00:00,20164939,16747328,20910
90208,99.983,90223,2297641,2026-05-14T21:15:05.98442+00:00,2472,1016855,0.546,KEIKO SOFIA FUJIMORI HIGUCHI,17.182,2824629,16002918,ROBERTO HELBERT SANCHEZ PALOMINO,10,JUNTOS POR EL PERÚ,12.207,10.159,2006750,07845838,RAFAEL BERNARDO LÓPEZ ALIAGA CAZORLA,35,RENOVACIÓN POPULAR,11.661,9.704,1916953,PERU,2026-05-15T02:15:04.768891+00:00,19753862,16439366,89797
2443,100.0,2443,71505,2026-05-14T21:30:09.488597+00:00,2473,29113,-1.666,KEIKO SOFIA FUJIMORI HIGUCHI,20.317,98052,16002918,ROBERTO HELBERT SANCHEZ PALOMINO,10,JUNTOS POR EL PERÚ,7.721,6.389,37264,07845838,RAFAEL BERNARDO LÓPEZ ALIAGA CAZORLA,35,RENOVACIÓN POPULAR,9.387,7.767,45300,100000,2026-05-15T02:30:09.063432+00:00,583222,482604,-8036
92751,99.984,92766,2372790,2026-05-14T22:30:07.196287+00:00,2474,1045389,0.125,KEIKO SOFIA FUJIMORI HIGUCHI,17.18,2877466,16002918,ROBERTO HELBERT SANCHEZ PALOMINO,10,JUNTOS POR EL PERÚ,12.03,9.991,2014931,07845838,RAFAEL BERNARDO LÓPEZ ALIAGA CAZORLA,35,RENOVACIÓN POPULAR,11.905,9.887,1993897,TOTAL,2026-05-15T03:30:06.270953+00:00,20166932,16748753,21034
90208,99.983,90223,2297998,2026-05-14T22:30:07.581688+00:00,2475,1017066,0.547,KEIKO SOFIA FUJIMORI HIGUCHI,17.183,2825012,16002918,ROBERTO HELBERT SANCHEZ PALOMINO,10,JUNTOS POR EL PERÚ,12.207,10.159,2006937,07845838,RAFAEL BERNARDO LÓPEZ ALIAGA CAZORLA,35,RENOVACIÓN POPULAR,11.66,9.704,1917016,PERU,2026-05-15T03:30:06.312582+00:00,19755855,16440791,89921
92762,99.996,92766,2372790,2026-05-14T22:45:05.098596+00:00,2476,1045389,0.125,KEIKO SOFIA FUJIMORI HIGUCHI,17.18,2877466,16002918,ROBERTO HELBERT SANCHEZ PALOMINO,10,JUNTOS POR EL PERÚ,12.03,9.991,2014931,07845838,RAFAEL BERNARDO LÓPEZ ALIAGA CAZORLA,35,RENOVACIÓN POPULAR,11.905,9.887,1993897,TOTAL,2026-05-15T03:45:04.07575+00:00,20166932,16748753,21034
90219,99.996,90223,2297998,2026-05-14T22:45:05.489737+00:00,2477,1017066,0.547,KEIKO SOFIA FUJIMORI HIGUCHI,17.183,2825012,16002918,ROBERTO HELBERT SANCHEZ PALOMINO,10,JUNTOS POR EL PERÚ,12.207,10.159,2006937,07845838,RAFAEL BERNARDO LÓPEZ ALIAGA CAZORLA,35,RENOVACIÓN POPULAR,11.66,9.704,1917016,PERU,2026-05-15T03:45:04.116734+00:00,19755855,16440791,89921
5278,99.943,5281,183189,2026-05-14T22:45:08.475929+00:00,2478,83575,4.777,KEIKO SOFIA FUJIMORI HIGUCHI,28.009,246488,16002918,ROBERTO HELBERT SANCHEZ PALOMINO,10,JUNTOS POR EL PERÚ,11.457,8.792,100821,07845838,RAFAEL BERNARDO LÓPEZ ALIAGA CAZORLA,35,RENOVACIÓN POPULAR,6.68,5.126,58786,190000,2026-05-15T03:45:07.968092+00:00,1146797,880033,42035
92764,99.998,92766,2372834,2026-05-14T23:30:06.596986+00:00,2479,1045398,0.126,KEIKO SOFIA FUJIMORI HIGUCHI,17.18,2877501,16002918,ROBERTO HELBERT SANCHEZ PALOMINO,10,JUNTOS POR EL PERÚ,12.031,9.992,2015097,07845838,RAFAEL BERNARDO LÓPEZ ALIAGA CAZORLA,35,RENOVACIÓN POPULAR,11.905,9.887,1993897,TOTAL,2026-05-15T04:30:05.670157+00:00,20167276,16749044,21200
90221,99.998,90223,2298042,2026-05-14T23:30:06.907123+00:00,2480,1017075,0.548,KEIKO SOFIA FUJIMORI HIGUCHI,17.183,2825047,16002918,ROBERTO HELBERT SANCHEZ PALOMINO,10,JUNTOS POR EL PERÚ,12.208,10.159,2007103,07845838,RAFAEL BERNARDO LÓPEZ ALIAGA CAZORLA,35,RENOVACIÓN POPULAR,11.66,9.703,1917016,PERU,2026-05-15T04:30:05.712387+00:00,19756199,16441082,90087
1317,100.0,1317,39781,2026-05-14T23:30:07.622333+00:00,2481,14527,37.882,ROBERTO HELBERT SANCHEZ PALOMINO,41.039,82531,16002918,ROBERTO HELBERT SANCHEZ PALOMINO,10,JUNTOS POR EL PERÚ,41.039,32.313,82531,07845838,RAFAEL BERNARDO LÓPEZ ALIAGA CAZORLA,35,RENOVACIÓN POPULAR,3.157,2.486,6349,030000,2026-05-15T04:30:07.188172+00:00,255410,201102,76182
5279,99.962,5281,183220,2026-05-14T23:30:10.151612+00:00,2482,83582,4.783,KEIKO SOFIA FUJIMORI HIGUCHI,28.007,246519,16002918,ROBERTO HELBERT SANCHEZ PALOMINO,10,JUNTOS POR EL PERÚ,11.462,8.796,100891,07845838,RAFAEL BERNARDO LÓPEZ ALIAGA CAZORLA,35,RENOVACIÓN POPULAR,6.679,5.125,58788,190000,2026-05-15T04:30:09.84315+00:00,1146995,880193,42103
92764,99.998,92766,2372896,2026-05-15T10:00:07.697581+00:00,2483,1045425,0.127,KEIKO SOFIA FUJIMORI HIGUCHI,17.181,2877678,16002918,ROBERTO HELBERT SANCHEZ PALOMINO,10,JUNTOS POR EL PERÚ,12.031,9.992,2015114,07845838,RAFAEL BERNARDO LÓPEZ ALIAGA CAZORLA,35,RENOVACIÓN POPULAR,11.904,9.887,1993904,TOTAL,2026-05-15T15:00:06.797087+00:00,20167745,16749424,21210
90221,99.998,90223,2298104,2026-05-15T10:00:08.235426+00:00,2484,1017102,0.548,KEIKO SOFIA FUJIMORI HIGUCHI,17.184,2825224,16002918,ROBERTO HELBERT SANCHEZ PALOMINO,10,JUNTOS POR EL PERÚ,12.208,10.159,2007120,07845838,RAFAEL BERNARDO LÓPEZ ALIAGA CAZORLA,35,RENOVACIÓN POPULAR,11.66,9.703,1917023,PERU,2026-05-15T15:00:06.838094+00:00,19756668,16441462,90097
92766,100.0,92766,2372896,2026-05-15T10:15:04.657582+00:00,2485,1045425,0.127,KEIKO SOFIA FUJIMORI HIGUCHI,17.181,2877678,16002918,ROBERTO HELBERT SANCHEZ PALOMINO,10,JUNTOS POR EL PERÚ,12.031,9.992,2015114,07845838,RAFAEL BERNARDO LÓPEZ ALIAGA CAZORLA,35,RENOVACIÓN POPULAR,11.904,9.887,1993904,TOTAL,2026-05-15T15:15:03.741144+00:00,20167745,16749424,21210
90223,100.0,90223,2298104,2026-05-15T10:15:04.969319+00:00,2486,1017102,0.548,KEIKO SOFIA FUJIMORI HIGUCHI,17.184,2825224,16002918,ROBERTO HELBERT SANCHEZ PALOMINO,10,JUNTOS POR EL PERÚ,12.208,10.159,2007120,07845838,RAFAEL BERNARDO LÓPEZ ALIAGA CAZORLA,35,RENOVACIÓN POPULAR,11.66,9.703,1917023,PERU,2026-05-15T15:15:03.742513+00:00,19756668,16441462,90097
5281,100.0,5281,183282,2026-05-15T10:15:08.10717+00:00,2487,83609,4.782,KEIKO SOFIA FUJIMORI HIGUCHI,28.015,246696,16002918,ROBERTO HELBERT SANCHEZ PALOMINO,10,JUNTOS POR EL PERÚ,11.459,8.794,100908,07845838,RAFAEL BERNARDO LÓPEZ ALIAGA CAZORLA,35,RENOVACIÓN POPULAR,6.677,5.124,58795,190000,2026-05-15T15:15:07.707655+00:00,1147464,880573,42113
92766,100.0,92766,2372895,2026-05-15T21:45:04.358702+00:00,2488,1045423,0.127,KEIKO SOFIA FUJIMORI HIGUCHI,17.181,2877678,16002918,ROBERTO HELBERT SANCHEZ PALOMINO,10,JUNTOS POR EL PERÚ,12.031,9.992,2015114,07845838,RAFAEL BERNARDO LÓPEZ ALIAGA CAZORLA,35,RENOVACIÓN POPULAR,11.904,9.887,1993905,TOTAL,2026-05-16T02:45:03.561642+00:00,20167745,16749427,21209
90223,100.0,90223,2298103,2026-05-15T21:45:04.727193+00:00,2489,1017100,0.548,KEIKO SOFIA FUJIMORI HIGUCHI,17.184,2825224,16002918,ROBERTO HELBERT SANCHEZ PALOMINO,10,JUNTOS POR EL PERÚ,12.208,10.159,2007120,07845838,RAFAEL BERNARDO LÓPEZ ALIAGA CAZORLA,35,RENOVACIÓN POPULAR,11.66,9.703,1917024,PERU,2026-05-16T02:45:03.603554+00:00,19756668,16441465,90096
507,100.0,507,18508,2026-05-15T21:45:07.39016+00:00,2490,5185,20.02,ROBERTO HELBERT SANCHEZ PALOMINO,23.435,18948,16002918,ROBERTO HELBERT SANCHEZ PALOMINO,10,JUNTOS POR EL PERÚ,23.435,18.124,18948,07845838,RAFAEL BERNARDO LÓPEZ ALIAGA CAZORLA,35,RENOVACIÓN POPULAR,3.415,2.641,2761,160000,2026-05-16T02:45:07.042271+00:00,104546,80853,16187
0,0.0,0,85358,2026-05-18T13:30:08.908099+00:00,2491,27394,3.17,KEIKO SOFIA FUJIMORI HIGUCHI,28.364,96815,16002918,ROBERTO HELBERT SANCHEZ PALOMINO,10,JUNTOS POR EL PERÚ,9.86,7.412,33655,07845838,RAFAEL BERNARDO LÓPEZ ALIAGA CAZORLA,35,RENOVACIÓN POPULAR,6.69,5.029,22835,150000,2026-05-18T18:30:08.472127+00:00,454078,341326,10820
2697,100.0,2697,85358,2026-05-18T13:45:07.282174+00:00,2492,27394,3.17,KEIKO SOFIA FUJIMORI HIGUCHI,28.364,96815,16002918,ROBERTO HELBERT SANCHEZ PALOMINO,10,JUNTOS POR EL PERÚ,9.86,7.412,33655,07845838,RAFAEL BERNARDO LÓPEZ ALIAGA CAZORLA,35,RENOVACIÓN POPULAR,6.69,5.029,22835,150000,2026-05-18T18:45:06.938325+00:00,454078,341326,10820
0,0.0,0,107546,2026-05-18T15:15:06.186456+00:00,2493,42977,4.725,KEIKO SOFIA FUJIMORI HIGUCHI,17.105,108631,16002918,ROBERTO HELBERT SANCHEZ PALOMINO,10,JUNTOS POR EL PERÚ,12.318,9.957,78227,07845838,RAFAEL BERNARDO LÓPEZ ALIAGA CAZORLA,35,RENOVACIÓN POPULAR,7.593,6.138,48223,110000,2026-05-18T20:15:05.796991+00:00,785610,635087,30004
3691,100.0,3691,107546,2026-05-18T15:30:07.904182+00:00,2494,42977,4.725,KEIKO SOFIA FUJIMORI HIGUCHI,17.105,108631,16002918,ROBERTO HELBERT SANCHEZ PALOMINO,10,JUNTOS POR EL PERÚ,12.318,9.957,78227,07845838,RAFAEL BERNARDO LÓPEZ ALIAGA CAZORLA,35,RENOVACIÓN POPULAR,7.593,6.138,48223,110000,2026-05-18T20:30:07.561251+00:00,785610,635087,30004
5281,100.0,5281,2372895,2026-05-18T15:45:07.862508+00:00,2495,1056811,0.127,KEIKO SOFIA FUJIMORI HIGUCHI,17.192,2877678,16002918,ROBERTO HELBERT SANCHEZ PALOMINO,10,JUNTOS POR EL PERÚ,12.039,9.992,2015114,07845838,RAFAEL BERNARDO LÓPEZ ALIAGA CAZORLA,35,RENOVACIÓN POPULAR,11.912,9.887,1993905,190000,2026-05-18T20:45:07.555181+00:00,20167745,16738039,21209
632,100.0,632,183282,2026-05-18T15:45:08.656341+00:00,2496,84163,4.786,KEIKO SOFIA FUJIMORI HIGUCHI,28.033,246696,16002918,ROBERTO HELBERT SANCHEZ PALOMINO,10,JUNTOS POR EL PERÚ,11.467,8.794,100908,07845838,RAFAEL BERNARDO LÓPEZ ALIAGA CAZORLA,35,RENOVACIÓN POPULAR,6.681,5.124,58795,230000,2026-05-18T20:45:08.212624+00:00,1147464,880019,42113
5281,100.0,5281,183282,2026-05-18T16:00:09.973257+00:00,2497,84163,4.786,KEIKO SOFIA FUJIMORI HIGUCHI,28.033,246696,16002918,ROBERTO HELBERT SANCHEZ PALOMINO,10,JUNTOS POR EL PERÚ,11.467,8.794,100908,07845838,RAFAEL BERNARDO LÓPEZ ALIAGA CAZORLA,35,RENOVACIÓN POPULAR,6.681,5.124,58795,190000,2026-05-18T21:00:09.49022+00:00,1147464,880019,42113
632,100.0,632,21599,2026-05-18T16:00:10.765219+00:00,2498,9363,1.076,KEIKO SOFIA FUJIMORI HIGUCHI,34.163,37850,16002918,ROBERTO HELBERT SANCHEZ PALOMINO,10,JUNTOS POR EL PERÚ,6.993,5.466,7748,07845838,RAFAEL BERNARDO LÓPEZ ALIAGA CAZORLA,35,RENOVACIÓN POPULAR,5.917,4.625,6556,230000,2026-05-18T21:00:10.306501+00:00,141754,110792,1192
632,100.0,632,34,2026-05-18T16:45:07.973348+00:00,2499,20,8.723,KEIKO SOFIA FUJIMORI HIGUCHI,35.514,114,16002918,ROBERTO HELBERT SANCHEZ PALOMINO,10,JUNTOS POR EL PERÚ,12.461,10.667,40,07845838,RAFAEL BERNARDO LÓPEZ ALIAGA CAZORLA,35,RENOVACIÓN POPULAR,3.738,3.2,12,230000,2026-05-18T21:45:07.658215+00:00,375,321,28
1564,100.0,1564,21599,2026-05-18T16:45:08.333254+00:00,2500,9363,1.076,KEIKO SOFIA FUJIMORI HIGUCHI,34.163,37850,16002918,ROBERTO HELBERT SANCHEZ PALOMINO,10,JUNTOS POR EL PERÚ,6.993,5.466,7748,07845838,RAFAEL BERNARDO LÓPEZ ALIAGA CAZORLA,35,RENOVACIÓN POPULAR,5.917,4.625,6556,250000,2026-05-18T21:45:08.14814+00:00,141754,110792,1192
632,100.0,632,21599,2026-05-18T17:00:11.22315+00:00,2501,9363,1.076,KEIKO SOFIA FUJIMORI HIGUCHI,34.163,37850,16002918,ROBERTO HELBERT SANCHEZ PALOMINO,10,JUNTOS POR EL PERÚ,6.993,5.466,7748,07845838,RAFAEL BERNARDO LÓPEZ ALIAGA CAZORLA,35,RENOVACIÓN POPULAR,5.917,4.625,6556,230000,2026-05-18T22:00:10.751202+00:00,141754,110792,1192
1564,100.0,1564,58723,2026-05-18T17:00:11.465007+00:00,2502,18241,7.159,KEIKO SOFIA FUJIMORI HIGUCHI,29.709,66994,16002918,ROBERTO HELBERT SANCHEZ PALOMINO,10,JUNTOS POR EL PERÚ,12.877,9.6,29038,07845838,RAFAEL BERNARDO LÓPEZ ALIAGA CAZORLA,35,RENOVACIÓN POPULAR,5.718,4.263,12894,250000,2026-05-18T22:00:11.082981+00:00,302464,225500,16144
2697,100.0,2697,100404,2026-05-18T18:00:09.86319+00:00,2503,50644,2.15,KEIKO SOFIA FUJIMORI HIGUCHI,26.41,176103,16002918,ROBERTO HELBERT SANCHEZ PALOMINO,10,JUNTOS POR EL PERÚ,10.744,8.76,71644,07845838,RAFAEL BERNARDO LÓPEZ ALIAGA CAZORLA,35,RENOVACIÓN POPULAR,8.594,7.007,57305,150000,2026-05-18T23:00:09.405564+00:00,817863,666815,14339
2697,100.0,2697,85358,2026-05-18T18:15:07.170928+00:00,2504,27394,3.17,KEIKO SOFIA FUJIMORI HIGUCHI,28.364,96815,16002918,ROBERTO HELBERT SANCHEZ PALOMINO,10,JUNTOS POR EL PERÚ,9.86,7.412,33655,07845838,RAFAEL BERNARDO LÓPEZ ALIAGA CAZORLA,35,RENOVACIÓN POPULAR,6.69,5.029,22835,150000,2026-05-18T23:15:06.658625+00:00,454078,341326,10820
2628,97.442,2697,62495,2026-05-18T18:30:10.097885+00:00,2505,31746,-12.023,KEIKO SOFIA FUJIMORI HIGUCHI,20.696,119476,16002918,ROBERTO HELBERT SANCHEZ PALOMINO,10,JUNTOS POR EL PERÚ,3.01,2.588,17377,07845838,RAFAEL BERNARDO LÓPEZ ALIAGA CAZORLA,35,RENOVACIÓN POPULAR,15.033,12.923,86785,240000,2026-05-18T23:30:09.771598+00:00,671545,577304,-69408
2898,100.0,2898,62495,2026-05-18T18:45:08.611431+00:00,2506,31746,-12.023,KEIKO SOFIA FUJIMORI HIGUCHI,20.696,119476,16002918,ROBERTO HELBERT SANCHEZ PALOMINO,10,JUNTOS POR EL PERÚ,3.01,2.588,17377,07845838,RAFAEL BERNARDO LÓPEZ ALIAGA CAZORLA,35,RENOVACIÓN POPULAR,15.033,12.923,86785,240000,2026-05-18T23:45:08.227948+00:00,671545,577304,-69408
0,0.0,0,104699,2026-05-18T19:15:08.004915+00:00,2507,38975,18.062,ROBERTO HELBERT SANCHEZ PALOMINO,23.936,93288,16002918,ROBERTO HELBERT SANCHEZ PALOMINO,10,JUNTOS POR EL PERÚ,23.936,17.489,93288,07845838,RAFAEL BERNARDO LÓPEZ ALIAGA CAZORLA,35,RENOVACIÓN POPULAR,5.874,4.292,22894,210000,2026-05-19T00:15:07.607423+00:00,533409,389735,70394
2534,100.0,2534,104699,2026-05-18T19:30:10.145468+00:00,2508,38975,18.062,ROBERTO HELBERT SANCHEZ PALOMINO,23.936,93288,16002918,ROBERTO HELBERT SANCHEZ PALOMINO,10,JUNTOS POR EL PERÚ,23.936,17.489,93288,07845838,RAFAEL BERNARDO LÓPEZ ALIAGA CAZORLA,35,RENOVACIÓN POPULAR,5.874,4.292,22894,210000,2026-05-19T00:30:09.63748+00:00,533409,389735,70394
2534,100.0,2534,22142,2026-05-18T22:15:08.082507+00:00,2509,8150,12.057,KEIKO SOFIA FUJIMORI HIGUCHI,18.87,21842,16002918,ROBERTO HELBERT SANCHEZ PALOMINO,10,JUNTOS POR EL PERÚ,18.666,14.794,21606,07845838,RAFAEL BERNARDO LÓPEZ ALIAGA CAZORLA,35,RENOVACIÓN POPULAR,6.609,5.238,7650,210000,2026-05-19T03:15:07.623807+00:00,146044,115752,13956
2534,100.0,2534,104699,2026-05-18T22:30:09.964578+00:00,2510,38975,18.062,ROBERTO HELBERT SANCHEZ PALOMINO,23.936,93288,16002918,ROBERTO HELBERT SANCHEZ PALOMINO,10,JUNTOS POR EL PERÚ,23.936,17.489,93288,07845838,RAFAEL BERNARDO LÓPEZ ALIAGA CAZORLA,35,RENOVACIÓN POPULAR,5.874,4.292,22894,210000,2026-05-19T03:30:09.421144+00:00,533409,389735,70394
29247,100.0,29247,75007,2026-05-18T22:45:07.231317+00:00,2511,39576,-0.508,JORGE NIETO MONTESINOS,18.655,164086,16002918,ROBERTO HELBERT SANCHEZ PALOMINO,10,JUNTOS POR EL PERÚ,10.092,8.929,88766,07845838,RAFAEL BERNARDO LÓPEZ ALIAGA CAZORLA,35,RENOVACIÓN POPULAR,10.6,9.378,93233,140000,2026-05-19T03:45:06.86321+00:00,994148,879565,-4467
29247,100.0,29247,555344,2026-05-18T23:00:09.391877+00:00,2512,271755,-16.642,RAFAEL BERNARDO LÓPEZ ALIAGA CAZORLA,19.921,1211672,16002918,ROBERTO HELBERT SANCHEZ PALOMINO,10,JUNTOS POR EL PERÚ,3.279,2.886,199439,07845838,RAFAEL BERNARDO LÓPEZ ALIAGA CAZORLA,35,RENOVACIÓN POPULAR,19.921,17.537,1211672,140000,2026-05-19T04:00:09.065305+00:00,6909396,6082297,-1012233
4215,100.0,4215,125,2026-05-18T23:15:06.642195+00:00,2513,29,34.254,ROBERTO HELBERT SANCHEZ PALOMINO,36.364,224,16002918,ROBERTO HELBERT SANCHEZ PALOMINO,10,JUNTOS POR EL PERÚ,36.364,29.091,224,07845838,RAFAEL BERNARDO LÓPEZ ALIAGA CAZORLA,35,RENOVACIÓN POPULAR,2.11,1.688,13,040000,2026-05-19T04:15:06.288112+00:00,770,616,211
4215,100.0,4215,75007,2026-05-18T23:30:07.756055+00:00,2514,39576,-0.508,JORGE NIETO MONTESINOS,18.655,164086,16002918,ROBERTO HELBERT SANCHEZ PALOMINO,10,JUNTOS POR EL PERÚ,10.092,8.929,88766,07845838,RAFAEL BERNARDO LÓPEZ ALIAGA CAZORLA,35,RENOVACIÓN POPULAR,10.6,9.378,93233,040000,2026-05-19T04:30:07.344108+00:00,994148,879565,-4467
0,0.0,0,12001,2026-05-19T00:15:07.401541+00:00,2515,5361,7.124,ROBERTO HELBERT SANCHEZ PALOMINO,12.917,14719,16002918,ROBERTO HELBERT SANCHEZ PALOMINO,10,JUNTOS POR EL PERÚ,12.917,11.209,14719,07845838,RAFAEL BERNARDO LÓPEZ ALIAGA CAZORLA,35,RENOVACIÓN POPULAR,5.793,5.027,6601,170000,2026-05-19T05:15:07.031469+00:00,131316,113954,8118
578,100.0,578,12001,2026-05-19T00:30:09.337035+00:00,2516,5361,7.124,ROBERTO HELBERT SANCHEZ PALOMINO,12.917,14719,16002918,ROBERTO HELBERT SANCHEZ PALOMINO,10,JUNTOS POR EL PERÚ,12.917,11.209,14719,07845838,RAFAEL BERNARDO LÓPEZ ALIAGA CAZORLA,35,RENOVACIÓN POPULAR,5.793,5.027,6601,170000,2026-05-19T05:30:08.839625+00:00,131316,113954,8118
0,0.0,0,12001,2026-05-19T01:45:06.61851+00:00,2517,5361,7.124,ROBERTO HELBERT SANCHEZ PALOMINO,12.917,14719,16002918,ROBERTO HELBERT SANCHEZ PALOMINO,10,JUNTOS POR EL PERÚ,12.917,11.209,14719,07845838,RAFAEL BERNARDO LÓPEZ ALIAGA CAZORLA,35,RENOVACIÓN POPULAR,5.793,5.027,6601,170000,2026-05-19T06:45:06.13161+00:00,131316,113954,8118
578,100.0,578,12001,2026-05-19T02:00:10.791227+00:00,2518,5361,7.124,ROBERTO HELBERT SANCHEZ PALOMINO,12.917,14719,16002918,ROBERTO HELBERT SANCHEZ PALOMINO,10,JUNTOS POR EL PERÚ,12.917,11.209,14719,07845838,RAFAEL BERNARDO LÓPEZ ALIAGA CAZORLA,35,RENOVACIÓN POPULAR,5.793,5.027,6601,170000,2026-05-19T07:00:10.271656+00:00,131316,113954,8118
0,0.0,0,555344,2026-05-19T04:45:07.476503+00:00,2519,271755,-16.642,RAFAEL BERNARDO LÓPEZ ALIAGA CAZORLA,19.921,1211672,16002918,ROBERTO HELBERT SANCHEZ PALOMINO,10,JUNTOS POR EL PERÚ,3.279,2.886,199439,07845838,RAFAEL BERNARDO LÓPEZ ALIAGA CAZORLA,35,RENOVACIÓN POPULAR,19.921,17.537,1211672,140000,2026-05-19T09:45:07.013244+00:00,6909396,6082297,-1012233
29247,100.0,29247,555344,2026-05-19T05:00:10.1771+00:00,2520,271755,-16.642,RAFAEL BERNARDO LÓPEZ ALIAGA CAZORLA,19.921,1211672,16002918,ROBERTO HELBERT SANCHEZ PALOMINO,10,JUNTOS POR EL PERÚ,3.279,2.886,199439,07845838,RAFAEL BERNARDO LÓPEZ ALIAGA CAZORLA,35,RENOVACIÓN POPULAR,19.921,17.537,1211672,140000,2026-05-19T10:00:09.712515+00:00,6909396,6082297,-1012233
0,0.0,0,2298103,2026-05-19T06:00:07.803361+00:00,2521,1028218,0.548,KEIKO SOFIA FUJIMORI HIGUCHI,17.195,2825224,16002918,ROBERTO HELBERT SANCHEZ PALOMINO,10,JUNTOS POR EL PERÚ,12.216,10.159,2007120,07845838,RAFAEL BERNARDO LÓPEZ ALIAGA CAZORLA,35,RENOVACIÓN POPULAR,11.668,9.703,1917024,PERU,2026-05-19T11:00:06.713142+00:00,19756668,16430347,90096
90223,100.0,90223,2298103,2026-05-19T06:15:04.874444+00:00,2522,1028218,0.548,KEIKO SOFIA FUJIMORI HIGUCHI,17.195,2825224,16002918,ROBERTO HELBERT SANCHEZ PALOMINO,10,JUNTOS POR EL PERÚ,12.216,10.159,2007120,07845838,RAFAEL BERNARDO LÓPEZ ALIAGA CAZORLA,35,RENOVACIÓN POPULAR,11.668,9.703,1917024,PERU,2026-05-19T11:15:03.813233+00:00,19756668,16430347,90096
0,0.0,0,39781,2026-05-19T07:45:05.711296+00:00,2523,14640,37.903,ROBERTO HELBERT SANCHEZ PALOMINO,41.062,82531,16002918,ROBERTO HELBERT SANCHEZ PALOMINO,10,JUNTOS POR EL PERÚ,41.062,32.313,82531,07845838,RAFAEL BERNARDO LÓPEZ ALIAGA CAZORLA,35,RENOVACIÓN POPULAR,3.159,2.486,6349,030000,2026-05-19T12:45:05.175703+00:00,255410,200989,76182
1317,100.0,1317,39781,2026-05-19T08:00:09.000625+00:00,2524,14640,37.903,ROBERTO HELBERT SANCHEZ PALOMINO,41.062,82531,16002918,ROBERTO HELBERT SANCHEZ PALOMINO,10,JUNTOS POR EL PERÚ,41.062,32.313,82531,07845838,RAFAEL BERNARDO LÓPEZ ALIAGA CAZORLA,35,RENOVACIÓN POPULAR,3.159,2.486,6349,030000,2026-05-19T13:00:08.319824+00:00,255410,200989,76182
0,0.0,0,32882,2026-05-19T08:00:09.847078+00:00,2525,12163,41.043,ROBERTO HELBERT SANCHEZ PALOMINO,43.4,75063,16002918,ROBERTO HELBERT SANCHEZ PALOMINO,10,JUNTOS POR EL PERÚ,43.4,34.432,75063,07845838,RAFAEL BERNARDO LÓPEZ ALIAGA CAZORLA,35,RENOVACIÓN POPULAR,2.357,1.87,4077,080000,2026-05-19T13:00:09.420059+00:00,218001,172956,70986
29247,100.0,29247,159363,2026-05-19T08:00:10.859798+00:00,2526,74438,1.262,KEIKO SOFIA FUJIMORI HIGUCHI,20.261,188993,16002918,ROBERTO HELBERT SANCHEZ PALOMINO,10,JUNTOS POR EL PERÚ,9.465,7.568,88291,07845838,RAFAEL BERNARDO LÓPEZ ALIAGA CAZORLA,35,RENOVACIÓN POPULAR,8.203,6.559,76520,140000,2026-05-19T13:00:10.492933+00:00,1166594,932793,11771
1273,100.0,1273,32882,2026-05-19T08:15:06.203318+00:00,2527,12163,41.043,ROBERTO HELBERT SANCHEZ PALOMINO,43.4,75063,16002918,ROBERTO HELBERT SANCHEZ PALOMINO,10,JUNTOS POR EL PERÚ,43.4,34.432,75063,07845838,RAFAEL BERNARDO LÓPEZ ALIAGA CAZORLA,35,RENOVACIÓN POPULAR,2.357,1.87,4077,080000,2026-05-19T13:15:05.841243+00:00,218001,172956,70986
0,0.0,0,555344,2026-05-19T08:15:07.358506+00:00,2528,271755,-16.642,RAFAEL BERNARDO LÓPEZ ALIAGA CAZORLA,19.921,1211672,16002918,ROBERTO HELBERT SANCHEZ PALOMINO,10,JUNTOS POR EL PERÚ,3.279,2.886,199439,07845838,RAFAEL BERNARDO LÓPEZ ALIAGA CAZORLA,35,RENOVACIÓN POPULAR,19.921,17.537,1211672,140000,2026-05-19T13:15:06.811129+00:00,6909396,6082297,-1012233
29247,100.0,29247,555344,2026-05-19T08:30:08.849827+00:00,2529,271755,-16.642,RAFAEL BERNARDO LÓPEZ ALIAGA CAZORLA,19.921,1211672,16002918,ROBERTO HELBERT SANCHEZ PALOMINO,10,JUNTOS POR EL PERÚ,3.279,2.886,199439,07845838,RAFAEL BERNARDO LÓPEZ ALIAGA CAZORLA,35,RENOVACIÓN POPULAR,19.921,17.537,1211672,140000,2026-05-19T13:30:08.475244+00:00,6909396,6082297,-1012233
0,0.0,0,36318,2026-05-19T10:45:04.838009+00:00,2530,15329,32.583,ROBERTO HELBERT SANCHEZ PALOMINO,36.274,59302,16002918,ROBERTO HELBERT SANCHEZ PALOMINO,10,JUNTOS POR EL PERÚ,36.274,27.566,59302,07845838,RAFAEL BERNARDO LÓPEZ ALIAGA CAZORLA,35,RENOVACIÓN POPULAR,3.691,2.805,6034,010000,2026-05-19T15:45:04.429179+00:00,215129,163482,53268
2341,100.0,2341,32882,2026-05-19T10:45:06.185104+00:00,2531,12163,41.043,ROBERTO HELBERT SANCHEZ PALOMINO,43.4,75063,16002918,ROBERTO HELBERT SANCHEZ PALOMINO,10,JUNTOS POR EL PERÚ,43.4,34.432,75063,07845838,RAFAEL BERNARDO LÓPEZ ALIAGA CAZORLA,35,RENOVACIÓN POPULAR,2.357,1.87,4077,090000,2026-05-19T15:45:05.879739+00:00,218001,172956,70986
1278,100.0,1278,36318,2026-05-19T11:00:07.927164+00:00,2532,15329,32.583,ROBERTO HELBERT SANCHEZ PALOMINO,36.274,59302,16002918,ROBERTO HELBERT SANCHEZ PALOMINO,10,JUNTOS POR EL PERÚ,36.274,27.566,59302,07845838,RAFAEL BERNARDO LÓPEZ ALIAGA CAZORLA,35,RENOVACIÓN POPULAR,3.691,2.805,6034,010000,2026-05-19T16:00:07.275153+00:00,215129,163482,53268
2341,100.0,2341,73344,2026-05-19T11:00:09.349016+00:00,2533,24876,23.986,ROBERTO HELBERT SANCHEZ PALOMINO,29.876,102366,16002918,ROBERTO HELBERT SANCHEZ PALOMINO,10,JUNTOS POR EL PERÚ,29.876,23.22,102366,07845838,RAFAEL BERNARDO LÓPEZ ALIAGA CAZORLA,35,RENOVACIÓN POPULAR,5.89,4.578,20181,090000,2026-05-19T16:00:09.038425+00:00,440857,342637,82185
3397,100.0,3397,163,2026-05-19T12:30:09.737043+00:00,2534,40,43.589,ROBERTO HELBERT SANCHEZ PALOMINO,45.192,282,16002918,ROBERTO HELBERT SANCHEZ PALOMINO,10,JUNTOS POR EL PERÚ,45.192,34.099,282,07845838,RAFAEL BERNARDO LÓPEZ ALIAGA CAZORLA,35,RENOVACIÓN POPULAR,1.603,1.209,10,200000,2026-05-19T17:30:09.269188+00:00,827,624,272
3397,100.0,3397,77890,2026-05-19T12:45:07.519162+00:00,2535,41308,23.065,ROBERTO HELBERT SANCHEZ PALOMINO,24.978,162460,16002918,ROBERTO HELBERT SANCHEZ PALOMINO,10,JUNTOS POR EL PERÚ,24.978,21.11,162460,07845838,RAFAEL BERNARDO LÓPEZ ALIAGA CAZORLA,35,RENOVACIÓN POPULAR,1.913,1.617,12442,200000,2026-05-19T17:45:07.125305+00:00,769606,650408,150018
0,0.0,0,100404,2026-05-19T13:30:09.300173+00:00,2536,50644,2.15,KEIKO SOFIA FUJIMORI HIGUCHI,26.41,176103,16002918,ROBERTO HELBERT SANCHEZ PALOMINO,10,JUNTOS POR EL PERÚ,10.744,8.76,71644,07845838,RAFAEL BERNARDO LÓPEZ ALIAGA CAZORLA,35,RENOVACIÓN POPULAR,8.594,7.007,57305,130000,2026-05-19T18:30:08.954967+00:00,817863,666815,14339
3590,100.0,3590,100404,2026-05-19T13:45:06.694233+00:00,2537,50644,2.15,KEIKO SOFIA FUJIMORI HIGUCHI,26.41,176103,16002918,ROBERTO HELBERT SANCHEZ PALOMINO,10,JUNTOS POR EL PERÚ,10.744,8.76,71644,07845838,RAFAEL BERNARDO LÓPEZ ALIAGA CAZORLA,35,RENOVACIÓN POPULAR,8.594,7.007,57305,130000,2026-05-19T18:45:06.352212+00:00,817863,666815,14339
29247,100.0,29247,124649,2026-05-19T14:15:07.335328+00:00,2538,54285,38.486,ROBERTO HELBERT SANCHEZ PALOMINO,41.724,268961,16002918,ROBERTO HELBERT SANCHEZ PALOMINO,10,JUNTOS POR EL PERÚ,41.724,32.658,268961,07845838,RAFAEL BERNARDO LÓPEZ ALIAGA CAZORLA,35,RENOVACIÓN POPULAR,3.238,2.535,20875,140000,2026-05-19T19:15:07.0392+00:00,823558,644624,248086
3983,100.0,3983,2548,2026-05-19T14:30:07.71107+00:00,2539,1229,24.481,ROBERTO HELBERT SANCHEZ PALOMINO,27.804,3180,16002918,ROBERTO HELBERT SANCHEZ PALOMINO,10,JUNTOS POR EL PERÚ,27.804,20.902,3180,07845838,RAFAEL BERNARDO LÓPEZ ALIAGA CAZORLA,35,RENOVACIÓN POPULAR,3.323,2.498,380,070000,2026-05-19T19:30:07.305466+00:00,15214,11437,2800
29247,100.0,29247,555344,2026-05-19T14:30:08.853882+00:00,2540,271755,-16.642,RAFAEL BERNARDO LÓPEZ ALIAGA CAZORLA,19.921,1211672,16002918,ROBERTO HELBERT SANCHEZ PALOMINO,10,JUNTOS POR EL PERÚ,3.279,2.886,199439,07845838,RAFAEL BERNARDO LÓPEZ ALIAGA CAZORLA,35,RENOVACIÓN POPULAR,19.921,17.537,1211672,140000,2026-05-19T19:30:08.482828+00:00,6909396,6082297,-1012233
3983,100.0,3983,99060,2026-05-19T14:45:05.979597+00:00,2541,49391,18.122,ROBERTO HELBERT SANCHEZ PALOMINO,22.849,158426,16002918,ROBERTO HELBERT SANCHEZ PALOMINO,10,JUNTOS POR EL PERÚ,22.849,18.82,158426,07845838,RAFAEL BERNARDO LÓPEZ ALIAGA CAZORLA,35,RENOVACIÓN POPULAR,4.727,3.893,32775,070000,2026-05-19T19:45:05.602461+00:00,841812,693361,125651
90223,100.0,90223,1160,2026-05-19T15:45:05.349356+00:00,2542,325,23.085,ROBERTO HELBERT SANCHEZ PALOMINO,25.574,791,16002918,ROBERTO HELBERT SANCHEZ PALOMINO,10,JUNTOS POR EL PERÚ,25.574,17.278,791,07845838,RAFAEL BERNARDO LÓPEZ ALIAGA CAZORLA,35,RENOVACIÓN POPULAR,2.489,1.682,77,PERU,2026-05-19T20:45:04.38474+00:00,4578,3093,714
90223,100.0,90223,2298103,2026-05-19T16:00:07.701922+00:00,2543,1028218,0.548,KEIKO SOFIA FUJIMORI HIGUCHI,17.195,2825224,16002918,ROBERTO HELBERT SANCHEZ PALOMINO,10,JUNTOS POR EL PERÚ,12.216,10.159,2007120,07845838,RAFAEL BERNARDO LÓPEZ ALIAGA CAZORLA,35,RENOVACIÓN POPULAR,11.668,9.703,1917024,PERU,2026-05-19T21:00:06.619045+00:00,19756668,16430347,90096
0,0.0,0,52951,2026-05-19T16:45:05.664203+00:00,2544,19270,28.706,ROBERTO HELBERT SANCHEZ PALOMINO,31.434,89314,16002918,ROBERTO HELBERT SANCHEZ PALOMINO,10,JUNTOS POR EL PERÚ,31.434,25.063,89314,07845838,RAFAEL BERNARDO LÓPEZ ALIAGA CAZORLA,35,RENOVACIÓN POPULAR,2.728,2.175,7750,050000,2026-05-19T21:45:05.281169+00:00,356352,284131,81564
1900,100.0,1900,52951,2026-05-19T17:00:08.92282+00:00,2545,19270,28.706,ROBERTO HELBERT SANCHEZ PALOMINO,31.434,89314,16002918,ROBERTO HELBERT SANCHEZ PALOMINO,10,JUNTOS POR EL PERÚ,31.434,25.063,89314,07845838,RAFAEL BERNARDO LÓPEZ ALIAGA CAZORLA,35,RENOVACIÓN POPULAR,2.728,2.175,7750,050000,2026-05-19T22:00:08.477848+00:00,356352,284131,81564
0,0.0,0,32882,2026-05-19T19:15:05.920974+00:00,2546,12163,41.043,ROBERTO HELBERT SANCHEZ PALOMINO,43.4,75063,16002918,ROBERTO HELBERT SANCHEZ PALOMINO,10,JUNTOS POR EL PERÚ,43.4,34.432,75063,07845838,RAFAEL BERNARDO LÓPEZ ALIAGA CAZORLA,35,RENOVACIÓN POPULAR,2.357,1.87,4077,080000,2026-05-20T00:15:05.505988+00:00,218001,172956,70986
1273,100.0,1273,32882,2026-05-19T19:30:07.741632+00:00,2547,12163,41.043,ROBERTO HELBERT SANCHEZ PALOMINO,43.4,75063,16002918,ROBERTO HELBERT SANCHEZ PALOMINO,10,JUNTOS POR EL PERÚ,43.4,34.432,75063,07845838,RAFAEL BERNARDO LÓPEZ ALIAGA CAZORLA,35,RENOVACIÓN POPULAR,2.357,1.87,4077,080000,2026-05-20T00:30:07.359462+00:00,218001,172956,70986
0,0.0,0,18885,2026-05-19T19:30:09.902785+00:00,2548,9354,5.71,RICARDO PABLO BELMONT CASSINELLI,14.641,32316,16002918,ROBERTO HELBERT SANCHEZ PALOMINO,10,JUNTOS POR EL PERÚ,11.916,10.564,26302,07845838,RAFAEL BERNARDO LÓPEZ ALIAGA CAZORLA,35,RENOVACIÓN POPULAR,6.206,5.502,13698,220000,2026-05-20T00:30:09.613177+00:00,248969,220730,12604
1041,100.0,1041,18885,2026-05-19T19:45:08.309683+00:00,2549,9354,5.71,RICARDO PABLO BELMONT CASSINELLI,14.641,32316,16002918,ROBERTO HELBERT SANCHEZ PALOMINO,10,JUNTOS POR EL PERÚ,11.916,10.564,26302,07845838,RAFAEL BERNARDO LÓPEZ ALIAGA CAZORLA,35,RENOVACIÓN POPULAR,6.206,5.502,13698,220000,2026-05-20T00:45:07.87708+00:00,248969,220730,12604
632,100.0,632,77890,2026-05-19T20:00:11.320473+00:00,2550,41308,23.065,ROBERTO HELBERT SANCHEZ PALOMINO,24.978,162460,16002918,ROBERTO HELBERT SANCHEZ PALOMINO,10,JUNTOS POR EL PERÚ,24.978,21.11,162460,07845838,RAFAEL BERNARDO LÓPEZ ALIAGA CAZORLA,35,RENOVACIÓN POPULAR,1.913,1.617,12442,230000,2026-05-20T01:00:10.993234+00:00,769606,650408,150018
632,100.0,632,21599,2026-05-19T20:15:08.055029+00:00,2551,9363,1.076,KEIKO SOFIA FUJIMORI HIGUCHI,34.163,37850,16002918,ROBERTO HELBERT SANCHEZ PALOMINO,10,JUNTOS POR EL PERÚ,6.993,5.466,7748,07845838,RAFAEL BERNARDO LÓPEZ ALIAGA CAZORLA,35,RENOVACIÓN POPULAR,5.917,4.625,6556,230000,2026-05-20T01:15:07.700741+00:00,141754,110792,1192
0,0.0,0,107546,2026-05-20T00:30:08.373319+00:00,2552,42977,4.725,KEIKO SOFIA FUJIMORI HIGUCHI,17.105,108631,16002918,ROBERTO HELBERT SANCHEZ PALOMINO,10,JUNTOS POR EL PERÚ,12.318,9.957,78227,07845838,RAFAEL BERNARDO LÓPEZ ALIAGA CAZORLA,35,RENOVACIÓN POPULAR,7.593,6.138,48223,110000,2026-05-20T05:30:08.020918+00:00,785610,635087,30004
0,0.0,0,21599,2026-05-20T00:30:10.204782+00:00,2553,9363,1.076,KEIKO SOFIA FUJIMORI HIGUCHI,34.163,37850,16002918,ROBERTO HELBERT SANCHEZ PALOMINO,10,JUNTOS POR EL PERÚ,6.993,5.466,7748,07845838,RAFAEL BERNARDO LÓPEZ ALIAGA CAZORLA,35,RENOVACIÓN POPULAR,5.917,4.625,6556,230000,2026-05-20T05:30:09.913464+00:00,141754,110792,1192
3691,100.0,3691,107546,2026-05-20T00:45:06.662494+00:00,2554,42977,4.725,KEIKO SOFIA FUJIMORI HIGUCHI,17.105,108631,16002918,ROBERTO HELBERT SANCHEZ PALOMINO,10,JUNTOS POR EL PERÚ,12.318,9.957,78227,07845838,RAFAEL BERNARDO LÓPEZ ALIAGA CAZORLA,35,RENOVACIÓN POPULAR,7.593,6.138,48223,110000,2026-05-20T05:45:06.33209+00:00,785610,635087,30004
632,100.0,632,21599,2026-05-20T00:45:08.481356+00:00,2555,9363,1.076,KEIKO SOFIA FUJIMORI HIGUCHI,34.163,37850,16002918,ROBERTO HELBERT SANCHEZ PALOMINO,10,JUNTOS POR EL PERÚ,6.993,5.466,7748,07845838,RAFAEL BERNARDO LÓPEZ ALIAGA CAZORLA,35,RENOVACIÓN POPULAR,5.917,4.625,6556,230000,2026-05-20T05:45:08.141338+00:00,141754,110792,1192
4215,100.0,4215,39781,2026-05-20T02:15:05.114276+00:00,2556,14640,37.903,ROBERTO HELBERT SANCHEZ PALOMINO,41.062,82531,16002918,ROBERTO HELBERT SANCHEZ PALOMINO,10,JUNTOS POR EL PERÚ,41.062,32.313,82531,07845838,RAFAEL BERNARDO LÓPEZ ALIAGA CAZORLA,35,RENOVACIÓN POPULAR,3.159,2.486,6349,040000,2026-05-20T07:15:04.786758+00:00,255410,200989,76182
4215,100.0,4215,75007,2026-05-20T02:30:07.733779+00:00,2557,39576,-0.508,JORGE NIETO MONTESINOS,18.655,164086,16002918,ROBERTO HELBERT SANCHEZ PALOMINO,10,JUNTOS POR EL PERÚ,10.092,8.929,88766,07845838,RAFAEL BERNARDO LÓPEZ ALIAGA CAZORLA,35,RENOVACIÓN POPULAR,10.6,9.378,93233,040000,2026-05-20T07:30:07.261077+00:00,994148,879565,-4467
0,0.0,0,52951,2026-05-20T04:15:05.564389+00:00,2558,19270,28.706,ROBERTO HELBERT SANCHEZ PALOMINO,31.434,89314,16002918,ROBERTO HELBERT SANCHEZ PALOMINO,10,JUNTOS POR EL PERÚ,31.434,25.063,89314,07845838,RAFAEL BERNARDO LÓPEZ ALIAGA CAZORLA,35,RENOVACIÓN POPULAR,2.728,2.175,7750,050000,2026-05-20T09:15:05.12981+00:00,356352,284131,81564
1900,100.0,1900,52951,2026-05-20T04:30:06.871672+00:00,2559,19270,28.706,ROBERTO HELBERT SANCHEZ PALOMINO,31.434,89314,16002918,ROBERTO HELBERT SANCHEZ PALOMINO,10,JUNTOS POR EL PERÚ,31.434,25.063,89314,07845838,RAFAEL BERNARDO LÓPEZ ALIAGA CAZORLA,35,RENOVACIÓN POPULAR,2.728,2.175,7750,050000,2026-05-20T09:30:06.545824+00:00,356352,284131,81564
507,100.0,507,0,2026-05-20T04:30:08.461361+00:00,2560,0,-1.666,KEIKO SOFIA FUJIMORI HIGUCHI,20.331,98052,16002918,ROBERTO HELBERT SANCHEZ PALOMINO,10,JUNTOS POR EL PERÚ,7.727,6.389,37264,07845838,RAFAEL BERNARDO LÓPEZ ALIAGA CAZORLA,35,RENOVACIÓN POPULAR,9.393,7.767,45300,160000,2026-05-20T09:30:08.063889+00:00,482271,482271,-8036
507,100.0,507,18508,2026-05-20T04:45:06.628194+00:00,2561,5242,20.035,ROBERTO HELBERT SANCHEZ PALOMINO,23.452,18948,16002918,ROBERTO HELBERT SANCHEZ PALOMINO,10,JUNTOS POR EL PERÚ,23.452,18.124,18948,07845838,RAFAEL BERNARDO LÓPEZ ALIAGA CAZORLA,35,RENOVACIÓN POPULAR,3.417,2.641,2761,160000,2026-05-20T09:45:06.117492+00:00,104546,80796,16187
3397,100.0,3397,183282,2026-05-20T05:15:07.626718+00:00,2562,84163,4.786,KEIKO SOFIA FUJIMORI HIGUCHI,28.033,246696,16002918,ROBERTO HELBERT SANCHEZ PALOMINO,10,JUNTOS POR EL PERÚ,11.467,8.794,100908,07845838,RAFAEL BERNARDO LÓPEZ ALIAGA CAZORLA,35,RENOVACIÓN POPULAR,6.681,5.124,58795,200000,2026-05-20T10:15:07.379587+00:00,1147464,880019,42113
3397,100.0,3397,77890,2026-05-20T05:30:09.275963+00:00,2563,41308,23.065,ROBERTO HELBERT SANCHEZ PALOMINO,24.978,162460,16002918,ROBERTO HELBERT SANCHEZ PALOMINO,10,JUNTOS POR EL PERÚ,24.978,21.11,162460,07845838,RAFAEL BERNARDO LÓPEZ ALIAGA CAZORLA,35,RENOVACIÓN POPULAR,1.913,1.617,12442,200000,2026-05-20T10:30:08.881961+00:00,769606,650408,150018
0,0.0,0,159363,2026-05-20T07:45:06.262784+00:00,2564,74438,1.262,KEIKO SOFIA FUJIMORI HIGUCHI,20.261,188993,16002918,ROBERTO HELBERT SANCHEZ PALOMINO,10,JUNTOS POR EL PERÚ,9.465,7.568,88291,07845838,RAFAEL BERNARDO LÓPEZ ALIAGA CAZORLA,35,RENOVACIÓN POPULAR,8.203,6.559,76520,120000,2026-05-20T12:45:05.927106+00:00,1166594,932793,11771
5302,100.0,5302,159363,2026-05-20T08:00:09.589879+00:00,2565,74438,1.262,KEIKO SOFIA FUJIMORI HIGUCHI,20.261,188993,16002918,ROBERTO HELBERT SANCHEZ PALOMINO,10,JUNTOS POR EL PERÚ,9.465,7.568,88291,07845838,RAFAEL BERNARDO LÓPEZ ALIAGA CAZORLA,35,RENOVACIÓN POPULAR,8.203,6.559,76520,120000,2026-05-20T13:00:09.210188+00:00,1166594,932793,11771
0,0.0,0,159363,2026-05-20T08:45:06.427644+00:00,2566,74438,1.262,KEIKO SOFIA FUJIMORI HIGUCHI,20.261,188993,16002918,ROBERTO HELBERT SANCHEZ PALOMINO,10,JUNTOS POR EL PERÚ,9.465,7.568,88291,07845838,RAFAEL BERNARDO LÓPEZ ALIAGA CAZORLA,35,RENOVACIÓN POPULAR,8.203,6.559,76520,120000,2026-05-20T13:45:05.972056+00:00,1166594,932793,11771
5302,100.0,5302,159363,2026-05-20T09:00:09.388952+00:00,2567,74438,1.262,KEIKO SOFIA FUJIMORI HIGUCHI,20.261,188993,16002918,ROBERTO HELBERT SANCHEZ PALOMINO,10,JUNTOS POR EL PERÚ,9.465,7.568,88291,07845838,RAFAEL BERNARDO LÓPEZ ALIAGA CAZORLA,35,RENOVACIÓN POPULAR,8.203,6.559,76520,120000,2026-05-20T14:00:08.949214+00:00,1166594,932793,11771
85949,92.651,92766,99060,2026-05-20T14:30:08.390415+00:00,2568,49391,18.122,ROBERTO HELBERT SANCHEZ PALOMINO,22.849,158426,16002918,ROBERTO HELBERT SANCHEZ PALOMINO,10,JUNTOS POR EL PERÚ,22.849,18.82,158426,07845838,RAFAEL BERNARDO LÓPEZ ALIAGA CAZORLA,35,RENOVACIÓN POPULAR,4.727,3.893,32775,070000,2026-05-20T19:30:07.815084+00:00,841812,693361,125651
3983,100.0,3983,99060,2026-05-20T14:45:05.616779+00:00,2569,49391,18.122,ROBERTO HELBERT SANCHEZ PALOMINO,22.849,158426,16002918,ROBERTO HELBERT SANCHEZ PALOMINO,10,JUNTOS POR EL PERÚ,22.849,18.82,158426,07845838,RAFAEL BERNARDO LÓPEZ ALIAGA CAZORLA,35,RENOVACIÓN POPULAR,4.727,3.893,32775,070000,2026-05-20T19:45:05.255982+00:00,841812,693361,125651
0,0.0,0,159363,2026-05-20T15:45:06.306816+00:00,2570,74438,1.262,KEIKO SOFIA FUJIMORI HIGUCHI,20.261,188993,16002918,ROBERTO HELBERT SANCHEZ PALOMINO,10,JUNTOS POR EL PERÚ,9.465,7.568,88291,07845838,RAFAEL BERNARDO LÓPEZ ALIAGA CAZORLA,35,RENOVACIÓN POPULAR,8.203,6.559,76520,120000,2026-05-20T20:45:05.890633+00:00,1166594,932793,11771
5302,100.0,5302,159363,2026-05-20T16:00:09.059181+00:00,2571,74438,1.262,KEIKO SOFIA FUJIMORI HIGUCHI,20.261,188993,16002918,ROBERTO HELBERT SANCHEZ PALOMINO,10,JUNTOS POR EL PERÚ,9.465,7.568,88291,07845838,RAFAEL BERNARDO LÓPEZ ALIAGA CAZORLA,35,RENOVACIÓN POPULAR,8.203,6.559,76520,120000,2026-05-20T21:00:08.756309+00:00,1166594,932793,11771
3397,100.0,3397,1977,2026-05-20T16:15:07.883888+00:00,2572,668,66.676,ROBERTO HELBERT SANCHEZ PALOMINO,68.087,4971,16002918,ROBERTO HELBERT SANCHEZ PALOMINO,10,JUNTOS POR EL PERÚ,68.087,49.98,4971,07845838,RAFAEL BERNARDO LÓPEZ ALIAGA CAZORLA,35,RENOVACIÓN POPULAR,1.411,1.036,103,200000,2026-05-20T21:15:07.463814+00:00,9946,7301,4868
3397,100.0,3397,77890,2026-05-20T16:30:08.898117+00:00,2573,41308,23.065,ROBERTO HELBERT SANCHEZ PALOMINO,24.978,162460,16002918,ROBERTO HELBERT SANCHEZ PALOMINO,10,JUNTOS POR EL PERÚ,24.978,21.11,162460,07845838,RAFAEL BERNARDO LÓPEZ ALIAGA CAZORLA,35,RENOVACIÓN POPULAR,1.913,1.617,12442,200000,2026-05-20T21:30:08.447408+00:00,769606,650408,150018
0,0.0,0,21599,2026-05-20T16:30:09.425135+00:00,2574,9363,1.076,KEIKO SOFIA FUJIMORI HIGUCHI,34.163,37850,16002918,ROBERTO HELBERT SANCHEZ PALOMINO,10,JUNTOS POR EL PERÚ,6.993,5.466,7748,07845838,RAFAEL BERNARDO LÓPEZ ALIAGA CAZORLA,35,RENOVACIÓN POPULAR,5.917,4.625,6556,230000,2026-05-20T21:30:09.008694+00:00,141754,110792,1192
632,100.0,632,21599,2026-05-20T16:45:08.015324+00:00,2575,9363,1.076,KEIKO SOFIA FUJIMORI HIGUCHI,34.163,37850,16002918,ROBERTO HELBERT SANCHEZ PALOMINO,10,JUNTOS POR EL PERÚ,6.993,5.466,7748,07845838,RAFAEL BERNARDO LÓPEZ ALIAGA CAZORLA,35,RENOVACIÓN POPULAR,5.917,4.625,6556,230000,2026-05-20T21:45:07.584062+00:00,141754,110792,1192
0,0.0,0,555344,2026-05-20T18:00:09.576264+00:00,2576,271755,-16.642,RAFAEL BERNARDO LÓPEZ ALIAGA CAZORLA,19.921,1211672,16002918,ROBERTO HELBERT SANCHEZ PALOMINO,10,JUNTOS POR EL PERÚ,3.279,2.886,199439,07845838,RAFAEL BERNARDO LÓPEZ ALIAGA CAZORLA,35,RENOVACIÓN POPULAR,19.921,17.537,1211672,140000,2026-05-20T23:00:09.271014+00:00,6909396,6082297,-1012233
29247,100.0,29247,555344,2026-05-20T18:15:06.671524+00:00,2577,271755,-16.642,RAFAEL BERNARDO LÓPEZ ALIAGA CAZORLA,19.921,1211672,16002918,ROBERTO HELBERT SANCHEZ PALOMINO,10,JUNTOS POR EL PERÚ,3.279,2.886,199439,07845838,RAFAEL BERNARDO LÓPEZ ALIAGA CAZORLA,35,RENOVACIÓN POPULAR,19.921,17.537,1211672,140000,2026-05-20T23:15:06.368156+00:00,6909396,6082297,-1012233
3472,100.0,3472,1540,2026-05-20T18:30:06.630224+00:00,2578,491,30.106,ROBERTO HELBERT SANCHEZ PALOMINO,33.208,2644,16002918,ROBERTO HELBERT SANCHEZ PALOMINO,10,JUNTOS POR EL PERÚ,33.208,26.459,2644,07845838,RAFAEL BERNARDO LÓPEZ ALIAGA CAZORLA,35,RENOVACIÓN POPULAR,3.102,2.472,247,020000,2026-05-20T23:30:06.351826+00:00,9993,7962,2397
3472,100.0,3472,104367,2026-05-20T18:45:04.917598+00:00,2579,50131,8.96,KEIKO SOFIA FUJIMORI HIGUCHI,18.0,97743,16002918,ROBERTO HELBERT SANCHEZ PALOMINO,10,JUNTOS POR EL PERÚ,15.004,11.681,81477,07845838,RAFAEL BERNARDO LÓPEZ ALIAGA CAZORLA,35,RENOVACIÓN POPULAR,6.044,4.705,32819,020000,2026-05-20T23:45:04.642695+00:00,697521,543023,48658
632,100.0,632,99060,2026-05-21T02:45:07.760005+00:00,2580,49391,18.122,ROBERTO HELBERT SANCHEZ PALOMINO,22.849,158426,16002918,ROBERTO HELBERT SANCHEZ PALOMINO,10,JUNTOS POR EL PERÚ,22.849,18.82,158426,07845838,RAFAEL BERNARDO LÓPEZ ALIAGA CAZORLA,35,RENOVACIÓN POPULAR,4.727,3.893,32775,230000,2026-05-21T07:45:07.33742+00:00,841812,693361,125651
632,100.0,632,21599,2026-05-21T03:00:10.87972+00:00,2581,9363,1.076,KEIKO SOFIA FUJIMORI HIGUCHI,34.163,37850,16002918,ROBERTO HELBERT SANCHEZ PALOMINO,10,JUNTOS POR EL PERÚ,6.993,5.466,7748,07845838,RAFAEL BERNARDO LÓPEZ ALIAGA CAZORLA,35,RENOVACIÓN POPULAR,5.917,4.625,6556,230000,2026-05-21T08:00:10.547361+00:00,141754,110792,1192
507,100.0,507,0,2026-05-21T04:15:07.389849+00:00,2582,0,18.11,ROBERTO HELBERT SANCHEZ PALOMINO,21.147,188,16002918,ROBERTO HELBERT SANCHEZ PALOMINO,10,JUNTOS POR EL PERÚ,21.147,17.424,188,07845838,RAFAEL BERNARDO LÓPEZ ALIAGA CAZORLA,35,RENOVACIÓN POPULAR,3.037,2.502,27,160000,2026-05-21T09:15:06.840852+00:00,889,889,161
507,100.0,507,18508,2026-05-21T04:30:08.646205+00:00,2583,5242,20.035,ROBERTO HELBERT SANCHEZ PALOMINO,23.452,18948,16002918,ROBERTO HELBERT SANCHEZ PALOMINO,10,JUNTOS POR EL PERÚ,23.452,18.124,18948,07845838,RAFAEL BERNARDO LÓPEZ ALIAGA CAZORLA,35,RENOVACIÓN POPULAR,3.417,2.641,2761,160000,2026-05-21T09:30:08.166392+00:00,104546,80796,16187
0,0.0,0,2298103,2026-05-21T05:00:07.37082+00:00,2584,1028218,0.548,KEIKO SOFIA FUJIMORI HIGUCHI,17.195,2825224,16002918,ROBERTO HELBERT SANCHEZ PALOMINO,10,JUNTOS POR EL PERÚ,12.216,10.159,2007120,07845838,RAFAEL BERNARDO LÓPEZ ALIAGA CAZORLA,35,RENOVACIÓN POPULAR,11.668,9.703,1917024,PERU,2026-05-21T10:00:06.336572+00:00,19756668,16430347,90096
90223,100.0,90223,2298103,2026-05-21T05:15:04.809049+00:00,2585,1028218,0.548,KEIKO SOFIA FUJIMORI HIGUCHI,17.195,2825224,16002918,ROBERTO HELBERT SANCHEZ PALOMINO,10,JUNTOS POR EL PERÚ,12.216,10.159,2007120,07845838,RAFAEL BERNARDO LÓPEZ ALIAGA CAZORLA,35,RENOVACIÓN POPULAR,11.668,9.703,1917024,PERU,2026-05-21T10:15:03.694079+00:00,19756668,16430347,90096
3590,100.0,3590,449,2026-05-21T09:00:10.045681+00:00,2586,214,-2.176,PABLO ALFONSO LOPEZ CHAU NAVA,13.335,521,16002918,ROBERTO HELBERT SANCHEZ PALOMINO,10,JUNTOS POR EL PERÚ,5.784,4.945,226,07845838,RAFAEL BERNARDO LÓPEZ ALIAGA CAZORLA,35,RENOVACIÓN POPULAR,7.96,6.805,311,130000,2026-05-21T14:00:09.729704+00:00,4570,3907,-85
1564,100.0,1564,21599,2026-05-21T09:00:11.877863+00:00,2587,9363,1.076,KEIKO SOFIA FUJIMORI HIGUCHI,34.163,37850,16002918,ROBERTO HELBERT SANCHEZ PALOMINO,10,JUNTOS POR EL PERÚ,6.993,5.466,7748,07845838,RAFAEL BERNARDO LÓPEZ ALIAGA CAZORLA,35,RENOVACIÓN POPULAR,5.917,4.625,6556,250000,2026-05-21T14:00:11.558757+00:00,141754,110792,1192
3590,100.0,3590,100404,2026-05-21T09:15:06.655464+00:00,2588,50644,2.15,KEIKO SOFIA FUJIMORI HIGUCHI,26.41,176103,16002918,ROBERTO HELBERT SANCHEZ PALOMINO,10,JUNTOS POR EL PERÚ,10.744,8.76,71644,07845838,RAFAEL BERNARDO LÓPEZ ALIAGA CAZORLA,35,RENOVACIÓN POPULAR,8.594,7.007,57305,130000,2026-05-21T14:15:06.239483+00:00,817863,666815,14339
1564,100.0,1564,58723,2026-05-21T09:15:08.247809+00:00,2589,18241,7.159,KEIKO SOFIA FUJIMORI HIGUCHI,29.709,66994,16002918,ROBERTO HELBERT SANCHEZ PALOMINO,10,JUNTOS POR EL PERÚ,12.877,9.6,29038,07845838,RAFAEL BERNARDO LÓPEZ ALIAGA CAZORLA,35,RENOVACIÓN POPULAR,5.718,4.263,12894,250000,2026-05-21T14:15:08.070041+00:00,302464,225500,16144
1317,100.0,1317,0,2026-05-21T13:15:05.781164+00:00,2590,0,32.943,ROBERTO HELBERT SANCHEZ PALOMINO,35.873,857,16002918,ROBERTO HELBERT SANCHEZ PALOMINO,10,JUNTOS POR EL PERÚ,35.873,25.536,857,07845838,RAFAEL BERNARDO LÓPEZ ALIAGA CAZORLA,35,RENOVACIÓN POPULAR,2.93,2.086,70,030000,2026-05-21T18:15:05.297705+00:00,2389,2389,787
1317,100.0,1317,39781,2026-05-21T13:30:06.983598+00:00,2591,14640,37.903,ROBERTO HELBERT SANCHEZ PALOMINO,41.062,82531,16002918,ROBERTO HELBERT SANCHEZ PALOMINO,10,JUNTOS POR EL PERÚ,41.062,32.313,82531,07845838,RAFAEL BERNARDO LÓPEZ ALIAGA CAZORLA,35,RENOVACIÓN POPULAR,3.159,2.486,6349,030000,2026-05-21T18:30:06.64637+00:00,255410,200989,76182
2534,100.0,2534,0,2026-05-21T13:45:08.359049+00:00,2592,0,3.17,KEIKO SOFIA FUJIMORI HIGUCHI,28.364,96815,16002918,ROBERTO HELBERT SANCHEZ PALOMINO,10,JUNTOS POR EL PERÚ,9.86,7.412,33655,07845838,RAFAEL BERNARDO LÓPEZ ALIAGA CAZORLA,35,RENOVACIÓN POPULAR,6.69,5.029,22835,210000,2026-05-21T18:45:07.89513+00:00,341326,341326,10820
2534,100.0,2534,104699,2026-05-21T14:00:10.802616+00:00,2593,38975,18.062,ROBERTO HELBERT SANCHEZ PALOMINO,23.936,93288,16002918,ROBERTO HELBERT SANCHEZ PALOMINO,10,JUNTOS POR EL PERÚ,23.936,17.489,93288,07845838,RAFAEL BERNARDO LÓPEZ ALIAGA CAZORLA,35,RENOVACIÓN POPULAR,5.874,4.292,22894,210000,2026-05-21T19:00:10.516575+00:00,533409,389735,70394
0,0.0,0,12001,2026-05-21T16:15:06.711198+00:00,2594,5361,7.124,ROBERTO HELBERT SANCHEZ PALOMINO,12.917,14719,16002918,ROBERTO HELBERT SANCHEZ PALOMINO,10,JUNTOS POR EL PERÚ,12.917,11.209,14719,07845838,RAFAEL BERNARDO LÓPEZ ALIAGA CAZORLA,35,RENOVACIÓN POPULAR,5.793,5.027,6601,170000,2026-05-21T21:15:06.428992+00:00,131316,113954,8118
578,100.0,578,12001,2026-05-21T16:30:09.186171+00:00,2595,5361,7.124,ROBERTO HELBERT SANCHEZ PALOMINO,12.917,14719,16002918,ROBERTO HELBERT SANCHEZ PALOMINO,10,JUNTOS POR EL PERÚ,12.917,11.209,14719,07845838,RAFAEL BERNARDO LÓPEZ ALIAGA CAZORLA,35,RENOVACIÓN POPULAR,5.793,5.027,6601,170000,2026-05-21T21:30:08.842497+00:00,131316,113954,8118
0,0.0,0,100404,2026-05-21T17:15:06.651078+00:00,2596,50644,2.15,KEIKO SOFIA FUJIMORI HIGUCHI,26.41,176103,16002918,ROBERTO HELBERT SANCHEZ PALOMINO,10,JUNTOS POR EL PERÚ,10.744,8.76,71644,07845838,RAFAEL BERNARDO LÓPEZ ALIAGA CAZORLA,35,RENOVACIÓN POPULAR,8.594,7.007,57305,130000,2026-05-21T22:15:06.286835+00:00,817863,666815,14339
3590,100.0,3590,100404,2026-05-21T17:30:08.642077+00:00,2597,50644,2.15,KEIKO SOFIA FUJIMORI HIGUCHI,26.41,176103,16002918,ROBERTO HELBERT SANCHEZ PALOMINO,10,JUNTOS POR EL PERÚ,10.744,8.76,71644,07845838,RAFAEL BERNARDO LÓPEZ ALIAGA CAZORLA,35,RENOVACIÓN POPULAR,8.594,7.007,57305,130000,2026-05-21T22:30:08.323632+00:00,817863,666815,14339
1564,100.0,1564,183282,2026-05-21T18:45:07.798312+00:00,2598,84163,4.786,KEIKO SOFIA FUJIMORI HIGUCHI,28.033,246696,16002918,ROBERTO HELBERT SANCHEZ PALOMINO,10,JUNTOS POR EL PERÚ,11.467,8.794,100908,07845838,RAFAEL BERNARDO LÓPEZ ALIAGA CAZORLA,35,RENOVACIÓN POPULAR,6.681,5.124,58795,250000,2026-05-21T23:45:07.575315+00:00,1147464,880019,42113
1564,100.0,1564,58723,2026-05-21T19:00:11.362841+00:00,2599,18241,7.159,KEIKO SOFIA FUJIMORI HIGUCHI,29.709,66994,16002918,ROBERTO HELBERT SANCHEZ PALOMINO,10,JUNTOS POR EL PERÚ,12.877,9.6,29038,07845838,RAFAEL BERNARDO LÓPEZ ALIAGA CAZORLA,35,RENOVACIÓN POPULAR,5.718,4.263,12894,250000,2026-05-22T00:00:11.079481+00:00,302464,225500,16144
0,0.0,0,32882,2026-05-21T20:45:05.71024+00:00,2600,12163,41.043,ROBERTO HELBERT SANCHEZ PALOMINO,43.4,75063,16002918,ROBERTO HELBERT SANCHEZ PALOMINO,10,JUNTOS POR EL PERÚ,43.4,34.432,75063,07845838,RAFAEL BERNARDO LÓPEZ ALIAGA CAZORLA,35,RENOVACIÓN POPULAR,2.357,1.87,4077,080000,2026-05-22T01:45:05.370645+00:00,218001,172956,70986
1273,100.0,1273,32882,2026-05-21T21:00:09.222013+00:00,2601,12163,41.043,ROBERTO HELBERT SANCHEZ PALOMINO,43.4,75063,16002918,ROBERTO HELBERT SANCHEZ PALOMINO,10,JUNTOS POR EL PERÚ,43.4,34.432,75063,07845838,RAFAEL BERNARDO LÓPEZ ALIAGA CAZORLA,35,RENOVACIÓN POPULAR,2.357,1.87,4077,080000,2026-05-22T02:00:08.919675+00:00,218001,172956,70986
0,0.0,0,18508,2026-05-21T21:00:10.457632+00:00,2602,5242,20.035,ROBERTO HELBERT SANCHEZ PALOMINO,23.452,18948,16002918,ROBERTO HELBERT SANCHEZ PALOMINO,10,JUNTOS POR EL PERÚ,23.452,18.124,18948,07845838,RAFAEL BERNARDO LÓPEZ ALIAGA CAZORLA,35,RENOVACIÓN POPULAR,3.417,2.641,2761,160000,2026-05-22T02:00:10.151896+00:00,104546,80796,16187
507,100.0,507,18508,2026-05-21T21:15:07.496455+00:00,2603,5242,20.035,ROBERTO HELBERT SANCHEZ PALOMINO,23.452,18948,16002918,ROBERTO HELBERT SANCHEZ PALOMINO,10,JUNTOS POR EL PERÚ,23.452,18.124,18948,07845838,RAFAEL BERNARDO LÓPEZ ALIAGA CAZORLA,35,RENOVACIÓN POPULAR,3.417,2.641,2761,160000,2026-05-22T02:15:07.050914+00:00,104546,80796,16187
578,100.0,578,1032,2026-05-21T22:15:06.889858+00:00,2604,496,0.683,KEIKO SOFIA FUJIMORI HIGUCHI,24.317,1530,16002918,ROBERTO HELBERT SANCHEZ PALOMINO,10,JUNTOS POR EL PERÚ,7.247,5.831,456,07845838,RAFAEL BERNARDO LÓPEZ ALIAGA CAZORLA,35,RENOVACIÓN POPULAR,6.564,5.281,413,170000,2026-05-22T03:15:06.463353+00:00,7820,6292,43
578,100.0,578,12001,2026-05-21T22:30:08.963012+00:00,2605,5361,7.124,ROBERTO HELBERT SANCHEZ PALOMINO,12.917,14719,16002918,ROBERTO HELBERT SANCHEZ PALOMINO,10,JUNTOS POR EL PERÚ,12.917,11.209,14719,07845838,RAFAEL BERNARDO LÓPEZ ALIAGA CAZORLA,35,RENOVACIÓN POPULAR,5.793,5.027,6601,170000,2026-05-22T03:30:08.570374+00:00,131316,113954,8118
0,0.0,0,71505,2026-05-22T01:30:08.202717+00:00,2606,29446,-1.666,KEIKO SOFIA FUJIMORI HIGUCHI,20.331,98052,16002918,ROBERTO HELBERT SANCHEZ PALOMINO,10,JUNTOS POR EL PERÚ,7.727,6.389,37264,07845838,RAFAEL BERNARDO LÓPEZ ALIAGA CAZORLA,35,RENOVACIÓN POPULAR,9.393,7.767,45300,100000,2026-05-22T06:30:07.912557+00:00,583222,482271,-8036
2443,100.0,2443,71505,2026-05-22T01:45:06.492152+00:00,2607,29446,-1.666,KEIKO SOFIA FUJIMORI HIGUCHI,20.331,98052,16002918,ROBERTO HELBERT SANCHEZ PALOMINO,10,JUNTOS POR EL PERÚ,7.727,6.389,37264,07845838,RAFAEL BERNARDO LÓPEZ ALIAGA CAZORLA,35,RENOVACIÓN POPULAR,9.393,7.767,45300,100000,2026-05-22T06:45:06.141605+00:00,583222,482271,-8036
0,0.0,0,124649,2026-05-22T02:30:07.418294+00:00,2608,54285,38.486,ROBERTO HELBERT SANCHEZ PALOMINO,41.724,268961,16002918,ROBERTO HELBERT SANCHEZ PALOMINO,10,JUNTOS POR EL PERÚ,41.724,32.658,268961,07845838,RAFAEL BERNARDO LÓPEZ ALIAGA CAZORLA,35,RENOVACIÓN POPULAR,3.238,2.535,20875,060000,2026-05-22T07:30:07.070624+00:00,823558,644624,248086
0,0.0,0,159363,2026-05-22T02:30:08.613921+00:00,2609,74438,1.262,KEIKO SOFIA FUJIMORI HIGUCHI,20.261,188993,16002918,ROBERTO HELBERT SANCHEZ PALOMINO,10,JUNTOS POR EL PERÚ,9.465,7.568,88291,07845838,RAFAEL BERNARDO LÓPEZ ALIAGA CAZORLA,35,RENOVACIÓN POPULAR,8.203,6.559,76520,120000,2026-05-22T07:30:08.010817+00:00,1166594,932793,11771
4240,100.0,4240,124649,2026-05-22T02:45:05.626365+00:00,2610,54285,38.486,ROBERTO HELBERT SANCHEZ PALOMINO,41.724,268961,16002918,ROBERTO HELBERT SANCHEZ PALOMINO,10,JUNTOS POR EL PERÚ,41.724,32.658,268961,07845838,RAFAEL BERNARDO LÓPEZ ALIAGA CAZORLA,35,RENOVACIÓN POPULAR,3.238,2.535,20875,060000,2026-05-22T07:45:05.265596+00:00,823558,644624,248086
5302,100.0,5302,159363,2026-05-22T02:45:06.56944+00:00,2611,74438,1.262,KEIKO SOFIA FUJIMORI HIGUCHI,20.261,188993,16002918,ROBERTO HELBERT SANCHEZ PALOMINO,10,JUNTOS POR EL PERÚ,9.465,7.568,88291,07845838,RAFAEL BERNARDO LÓPEZ ALIAGA CAZORLA,35,RENOVACIÓN POPULAR,8.203,6.559,76520,120000,2026-05-22T07:45:06.15686+00:00,1166594,932793,11771
0,0.0,0,183282,2026-05-22T05:30:11.00057+00:00,2612,84163,4.786,KEIKO SOFIA FUJIMORI HIGUCHI,28.033,246696,16002918,ROBERTO HELBERT SANCHEZ PALOMINO,10,JUNTOS POR EL PERÚ,11.467,8.794,100908,07845838,RAFAEL BERNARDO LÓPEZ ALIAGA CAZORLA,35,RENOVACIÓN POPULAR,6.681,5.124,58795,190000,2026-05-22T10:30:10.567682+00:00,1147464,880019,42113
5281,100.0,5281,183282,2026-05-22T05:45:07.823956+00:00,2613,84163,4.786,KEIKO SOFIA FUJIMORI HIGUCHI,28.033,246696,16002918,ROBERTO HELBERT SANCHEZ PALOMINO,10,JUNTOS POR EL PERÚ,11.467,8.794,100908,07845838,RAFAEL BERNARDO LÓPEZ ALIAGA CAZORLA,35,RENOVACIÓN POPULAR,6.681,5.124,58795,190000,2026-05-22T10:45:07.33494+00:00,1147464,880019,42113
0,0.0,0,107546,2026-05-22T06:45:06.668206+00:00,2614,42977,4.725,KEIKO SOFIA FUJIMORI HIGUCHI,17.105,108631,16002918,ROBERTO HELBERT SANCHEZ PALOMINO,10,JUNTOS POR EL PERÚ,12.318,9.957,78227,07845838,RAFAEL BERNARDO LÓPEZ ALIAGA CAZORLA,35,RENOVACIÓN POPULAR,7.593,6.138,48223,110000,2026-05-22T11:45:06.286527+00:00,785610,635087,30004
3691,100.0,3691,107546,2026-05-22T07:00:10.020977+00:00,2615,42977,4.725,KEIKO SOFIA FUJIMORI HIGUCHI,17.105,108631,16002918,ROBERTO HELBERT SANCHEZ PALOMINO,10,JUNTOS POR EL PERÚ,12.318,9.957,78227,07845838,RAFAEL BERNARDO LÓPEZ ALIAGA CAZORLA,35,RENOVACIÓN POPULAR,7.593,6.138,48223,110000,2026-05-22T12:00:09.730865+00:00,785610,635087,30004
0,0.0,0,75007,2026-05-22T07:15:06.014262+00:00,2616,39576,-0.508,JORGE NIETO MONTESINOS,18.655,164086,16002918,ROBERTO HELBERT SANCHEZ PALOMINO,10,JUNTOS POR EL PERÚ,10.092,8.929,88766,07845838,RAFAEL BERNARDO LÓPEZ ALIAGA CAZORLA,35,RENOVACIÓN POPULAR,10.6,9.378,93233,040000,2026-05-22T12:15:05.634111+00:00,994148,879565,-4467
4215,100.0,4215,75007,2026-05-22T07:30:07.554144+00:00,2617,39576,-0.508,JORGE NIETO MONTESINOS,18.655,164086,16002918,ROBERTO HELBERT SANCHEZ PALOMINO,10,JUNTOS POR EL PERÚ,10.092,8.929,88766,07845838,RAFAEL BERNARDO LÓPEZ ALIAGA CAZORLA,35,RENOVACIÓN POPULAR,10.6,9.378,93233,040000,2026-05-22T12:30:07.231226+00:00,994148,879565,-4467
0,0.0,0,73344,2026-05-22T09:30:07.931396+00:00,2618,24876,23.986,ROBERTO HELBERT SANCHEZ PALOMINO,29.876,102366,16002918,ROBERTO HELBERT SANCHEZ PALOMINO,10,JUNTOS POR EL PERÚ,29.876,23.22,102366,07845838,RAFAEL BERNARDO LÓPEZ ALIAGA CAZORLA,35,RENOVACIÓN POPULAR,5.89,4.578,20181,090000,2026-05-22T14:30:07.506263+00:00,440857,342637,82185
2341,100.0,2341,73344,2026-05-22T09:45:06.14607+00:00,2619,24876,23.986,ROBERTO HELBERT SANCHEZ PALOMINO,29.876,102366,16002918,ROBERTO HELBERT SANCHEZ PALOMINO,10,JUNTOS POR EL PERÚ,29.876,23.22,102366,07845838,RAFAEL BERNARDO LÓPEZ ALIAGA CAZORLA,35,RENOVACIÓN POPULAR,5.89,4.578,20181,090000,2026-05-22T14:45:05.748667+00:00,440857,342637,82185
0,0.0,0,18508,2026-05-22T09:45:07.265544+00:00,2620,5242,20.035,ROBERTO HELBERT SANCHEZ PALOMINO,23.452,18948,16002918,ROBERTO HELBERT SANCHEZ PALOMINO,10,JUNTOS POR EL PERÚ,23.452,18.124,18948,07845838,RAFAEL BERNARDO LÓPEZ ALIAGA CAZORLA,35,RENOVACIÓN POPULAR,3.417,2.641,2761,160000,2026-05-22T14:45:06.92802+00:00,104546,80796,16187
0,0.0,0,104367,2026-05-22T10:00:08.137213+00:00,2621,50131,8.96,KEIKO SOFIA FUJIMORI HIGUCHI,18.0,97743,16002918,ROBERTO HELBERT SANCHEZ PALOMINO,10,JUNTOS POR EL PERÚ,15.004,11.681,81477,07845838,RAFAEL BERNARDO LÓPEZ ALIAGA CAZORLA,35,RENOVACIÓN POPULAR,6.044,4.705,32819,020000,2026-05-22T15:00:07.776722+00:00,697521,543023,48658
507,100.0,507,18508,2026-05-22T10:00:10.300955+00:00,2622,5242,20.035,ROBERTO HELBERT SANCHEZ PALOMINO,23.452,18948,16002918,ROBERTO HELBERT SANCHEZ PALOMINO,10,JUNTOS POR EL PERÚ,23.452,18.124,18948,07845838,RAFAEL BERNARDO LÓPEZ ALIAGA CAZORLA,35,RENOVACIÓN POPULAR,3.417,2.641,2761,160000,2026-05-22T15:00:09.974404+00:00,104546,80796,16187
3472,100.0,3472,104367,2026-05-22T10:15:05.280842+00:00,2623,50131,8.96,KEIKO SOFIA FUJIMORI HIGUCHI,18.0,97743,16002918,ROBERTO HELBERT SANCHEZ PALOMINO,10,JUNTOS POR EL PERÚ,15.004,11.681,81477,07845838,RAFAEL BERNARDO LÓPEZ ALIAGA CAZORLA,35,RENOVACIÓN POPULAR,6.044,4.705,32819,020000,2026-05-22T15:15:04.986989+00:00,697521,543023,48658
29247,100.0,29247,4515,2026-05-22T15:30:09.411214+00:00,2624,2221,10.903,KEIKO SOFIA FUJIMORI HIGUCHI,18.312,4684,16002918,ROBERTO HELBERT SANCHEZ PALOMINO,10,JUNTOS POR EL PERÚ,17.127,13.557,4381,07845838,RAFAEL BERNARDO LÓPEZ ALIAGA CAZORLA,35,RENOVACIÓN POPULAR,6.224,4.927,1592,140000,2026-05-22T20:30:09.097442+00:00,32315,25579,2789
29247,100.0,29247,555344,2026-05-22T15:45:06.747199+00:00,2625,271755,-16.642,RAFAEL BERNARDO LÓPEZ ALIAGA CAZORLA,19.921,1211672,16002918,ROBERTO HELBERT SANCHEZ PALOMINO,10,JUNTOS POR EL PERÚ,3.279,2.886,199439,07845838,RAFAEL BERNARDO LÓPEZ ALIAGA CAZORLA,35,RENOVACIÓN POPULAR,19.921,17.537,1211672,140000,2026-05-22T20:45:06.416692+00:00,6909396,6082297,-1012233
3566,99.331,3590,22142,2026-05-22T16:30:09.356423+00:00,2626,8150,12.057,KEIKO SOFIA FUJIMORI HIGUCHI,18.87,21842,16002918,ROBERTO HELBERT SANCHEZ PALOMINO,10,JUNTOS POR EL PERÚ,18.666,14.794,21606,07845838,RAFAEL BERNARDO LÓPEZ ALIAGA CAZORLA,35,RENOVACIÓN POPULAR,6.609,5.238,7650,180000,2026-05-22T21:30:09.022224+00:00,146044,115752,13956
802,100.0,802,22142,2026-05-22T16:45:07.495453+00:00,2627,8150,12.057,KEIKO SOFIA FUJIMORI HIGUCHI,18.87,21842,16002918,ROBERTO HELBERT SANCHEZ PALOMINO,10,JUNTOS POR EL PERÚ,18.666,14.794,21606,07845838,RAFAEL BERNARDO LÓPEZ ALIAGA CAZORLA,35,RENOVACIÓN POPULAR,6.609,5.238,7650,180000,2026-05-22T21:45:07.032471+00:00,146044,115752,13956
0,0.0,0,77890,2026-05-22T17:30:08.862122+00:00,2628,41308,23.065,ROBERTO HELBERT SANCHEZ PALOMINO,24.978,162460,16002918,ROBERTO HELBERT SANCHEZ PALOMINO,10,JUNTOS POR EL PERÚ,24.978,21.11,162460,07845838,RAFAEL BERNARDO LÓPEZ ALIAGA CAZORLA,35,RENOVACIÓN POPULAR,1.913,1.617,12442,200000,2026-05-22T22:30:08.549209+00:00,769606,650408,150018
3397,100.0,3397,77890,2026-05-22T17:45:07.519555+00:00,2629,41308,23.065,ROBERTO HELBERT SANCHEZ PALOMINO,24.978,162460,16002918,ROBERTO HELBERT SANCHEZ PALOMINO,10,JUNTOS POR EL PERÚ,24.978,21.11,162460,07845838,RAFAEL BERNARDO LÓPEZ ALIAGA CAZORLA,35,RENOVACIÓN POPULAR,1.913,1.617,12442,200000,2026-05-22T22:45:07.084726+00:00,769606,650408,150018
0,0.0,0,555344,2026-05-22T18:00:09.273263+00:00,2630,271755,-16.642,RAFAEL BERNARDO LÓPEZ ALIAGA CAZORLA,19.921,1211672,16002918,ROBERTO HELBERT SANCHEZ PALOMINO,10,JUNTOS POR EL PERÚ,3.279,2.886,199439,07845838,RAFAEL BERNARDO LÓPEZ ALIAGA CAZORLA,35,RENOVACIÓN POPULAR,19.921,17.537,1211672,140000,2026-05-22T23:00:08.959237+00:00,6909396,6082297,-1012233
29247,100.0,29247,555344,2026-05-22T18:15:06.970531+00:00,2631,271755,-16.642,RAFAEL BERNARDO LÓPEZ ALIAGA CAZORLA,19.921,1211672,16002918,ROBERTO HELBERT SANCHEZ PALOMINO,10,JUNTOS POR EL PERÚ,3.279,2.886,199439,07845838,RAFAEL BERNARDO LÓPEZ ALIAGA CAZORLA,35,RENOVACIÓN POPULAR,19.921,17.537,1211672,140000,2026-05-22T23:15:06.548971+00:00,6909396,6082297,-1012233
0,0.0,0,39781,2026-05-22T19:45:05.378985+00:00,2632,14640,37.903,ROBERTO HELBERT SANCHEZ PALOMINO,41.062,82531,16002918,ROBERTO HELBERT SANCHEZ PALOMINO,10,JUNTOS POR EL PERÚ,41.062,32.313,82531,07845838,RAFAEL BERNARDO LÓPEZ ALIAGA CAZORLA,35,RENOVACIÓN POPULAR,3.159,2.486,6349,030000,2026-05-23T00:45:04.95893+00:00,255410,200989,76182
1317,100.0,1317,39781,2026-05-22T20:00:08.04957+00:00,2633,14640,37.903,ROBERTO HELBERT SANCHEZ PALOMINO,41.062,82531,16002918,ROBERTO HELBERT SANCHEZ PALOMINO,10,JUNTOS POR EL PERÚ,41.062,32.313,82531,07845838,RAFAEL BERNARDO LÓPEZ ALIAGA CAZORLA,35,RENOVACIÓN POPULAR,3.159,2.486,6349,030000,2026-05-23T01:00:07.669238+00:00,255410,200989,76182
3397,100.0,3397,107546,2026-05-22T20:00:10.534133+00:00,2634,42977,4.725,KEIKO SOFIA FUJIMORI HIGUCHI,17.105,108631,16002918,ROBERTO HELBERT SANCHEZ PALOMINO,10,JUNTOS POR EL PERÚ,12.318,9.957,78227,07845838,RAFAEL BERNARDO LÓPEZ ALIAGA CAZORLA,35,RENOVACIÓN POPULAR,7.593,6.138,48223,200000,2026-05-23T01:00:10.011806+00:00,785610,635087,30004
3397,100.0,3397,77890,2026-05-22T20:15:07.429052+00:00,2635,41308,23.065,ROBERTO HELBERT SANCHEZ PALOMINO,24.978,162460,16002918,ROBERTO HELBERT SANCHEZ PALOMINO,10,JUNTOS POR EL PERÚ,24.978,21.11,162460,07845838,RAFAEL BERNARDO LÓPEZ ALIAGA CAZORLA,35,RENOVACIÓN POPULAR,1.913,1.617,12442,200000,2026-05-23T01:15:06.87787+00:00,769606,650408,150018
0,0.0,0,36318,2026-05-22T20:45:04.905541+00:00,2636,15329,32.583,ROBERTO HELBERT SANCHEZ PALOMINO,36.274,59302,16002918,ROBERTO HELBERT SANCHEZ PALOMINO,10,JUNTOS POR EL PERÚ,36.274,27.566,59302,07845838,RAFAEL BERNARDO LÓPEZ ALIAGA CAZORLA,35,RENOVACIÓN POPULAR,3.691,2.805,6034,010000,2026-05-23T01:45:04.555319+00:00,215129,163482,53268
1278,100.0,1278,36318,2026-05-22T21:00:07.585488+00:00,2637,15329,32.583,ROBERTO HELBERT SANCHEZ PALOMINO,36.274,59302,16002918,ROBERTO HELBERT SANCHEZ PALOMINO,10,JUNTOS POR EL PERÚ,36.274,27.566,59302,07845838,RAFAEL BERNARDO LÓPEZ ALIAGA CAZORLA,35,RENOVACIÓN POPULAR,3.691,2.805,6034,010000,2026-05-23T02:00:07.141515+00:00,215129,163482,53268
0,0.0,0,107546,2026-05-22T23:15:06.245679+00:00,2638,42977,4.725,KEIKO SOFIA FUJIMORI HIGUCHI,17.105,108631,16002918,ROBERTO HELBERT SANCHEZ PALOMINO,10,JUNTOS POR EL PERÚ,12.318,9.957,78227,07845838,RAFAEL BERNARDO LÓPEZ ALIAGA CAZORLA,35,RENOVACIÓN POPULAR,7.593,6.138,48223,110000,2026-05-23T04:15:05.849058+00:00,785610,635087,30004
0,0.0,0,62495,2026-05-22T23:15:08.261728+00:00,2639,31746,-12.023,KEIKO SOFIA FUJIMORI HIGUCHI,20.696,119476,16002918,ROBERTO HELBERT SANCHEZ PALOMINO,10,JUNTOS POR EL PERÚ,3.01,2.588,17377,07845838,RAFAEL BERNARDO LÓPEZ ALIAGA CAZORLA,35,RENOVACIÓN POPULAR,15.033,12.923,86785,240000,2026-05-23T04:15:07.93114+00:00,671545,577304,-69408
3691,100.0,3691,107546,2026-05-22T23:30:07.966873+00:00,2640,42977,4.725,KEIKO SOFIA FUJIMORI HIGUCHI,17.105,108631,16002918,ROBERTO HELBERT SANCHEZ PALOMINO,10,JUNTOS POR EL PERÚ,12.318,9.957,78227,07845838,RAFAEL BERNARDO LÓPEZ ALIAGA CAZORLA,35,RENOVACIÓN POPULAR,7.593,6.138,48223,110000,2026-05-23T04:30:07.598825+00:00,785610,635087,30004
0,0.0,0,18508,2026-05-22T23:30:08.797677+00:00,2641,5242,20.035,ROBERTO HELBERT SANCHEZ PALOMINO,23.452,18948,16002918,ROBERTO HELBERT SANCHEZ PALOMINO,10,JUNTOS POR EL PERÚ,23.452,18.124,18948,07845838,RAFAEL BERNARDO LÓPEZ ALIAGA CAZORLA,35,RENOVACIÓN POPULAR,3.417,2.641,2761,160000,2026-05-23T04:30:08.434761+00:00,104546,80796,16187
2898,100.0,2898,62495,2026-05-22T23:30:09.857653+00:00,2642,31746,-12.023,KEIKO SOFIA FUJIMORI HIGUCHI,20.696,119476,16002918,ROBERTO HELBERT SANCHEZ PALOMINO,10,JUNTOS POR EL PERÚ,3.01,2.588,17377,07845838,RAFAEL BERNARDO LÓPEZ ALIAGA CAZORLA,35,RENOVACIÓN POPULAR,15.033,12.923,86785,240000,2026-05-23T04:30:09.612581+00:00,671545,577304,-69408
507,100.0,507,18508,2026-05-22T23:45:06.986801+00:00,2643,5242,20.035,ROBERTO HELBERT SANCHEZ PALOMINO,23.452,18948,16002918,ROBERTO HELBERT SANCHEZ PALOMINO,10,JUNTOS POR EL PERÚ,23.452,18.124,18948,07845838,RAFAEL BERNARDO LÓPEZ ALIAGA CAZORLA,35,RENOVACIÓN POPULAR,3.417,2.641,2761,160000,2026-05-23T04:45:06.671151+00:00,104546,80796,16187
0,0.0,0,104699,2026-05-23T01:45:07.741212+00:00,2644,38975,18.062,ROBERTO HELBERT SANCHEZ PALOMINO,23.936,93288,16002918,ROBERTO HELBERT SANCHEZ PALOMINO,10,JUNTOS POR EL PERÚ,23.936,17.489,93288,07845838,RAFAEL BERNARDO LÓPEZ ALIAGA CAZORLA,35,RENOVACIÓN POPULAR,5.874,4.292,22894,210000,2026-05-23T06:45:07.334825+00:00,533409,389735,70394
2534,100.0,2534,104699,2026-05-23T02:00:10.404648+00:00,2645,38975,18.062,ROBERTO HELBERT SANCHEZ PALOMINO,23.936,93288,16002918,ROBERTO HELBERT SANCHEZ PALOMINO,10,JUNTOS POR EL PERÚ,23.936,17.489,93288,07845838,RAFAEL BERNARDO LÓPEZ ALIAGA CAZORLA,35,RENOVACIÓN POPULAR,5.874,4.292,22894,210000,2026-05-23T07:00:10.039119+00:00,533409,389735,70394
2443,100.0,2443,39781,2026-05-23T02:15:06.058768+00:00,2646,14640,37.903,ROBERTO HELBERT SANCHEZ PALOMINO,41.062,82531,16002918,ROBERTO HELBERT SANCHEZ PALOMINO,10,JUNTOS POR EL PERÚ,41.062,32.313,82531,07845838,RAFAEL BERNARDO LÓPEZ ALIAGA CAZORLA,35,RENOVACIÓN POPULAR,3.159,2.486,6349,100000,2026-05-23T07:15:05.662636+00:00,255410,200989,76182
2443,100.0,2443,71505,2026-05-23T02:30:08.117531+00:00,2647,29446,-1.666,KEIKO SOFIA FUJIMORI HIGUCHI,20.331,98052,16002918,ROBERTO HELBERT SANCHEZ PALOMINO,10,JUNTOS POR EL PERÚ,7.727,6.389,37264,07845838,RAFAEL BERNARDO LÓPEZ ALIAGA CAZORLA,35,RENOVACIÓN POPULAR,9.393,7.767,45300,100000,2026-05-23T07:30:07.727457+00:00,583222,482271,-8036
0,0.0,0,2298103,2026-05-23T02:45:05.022643+00:00,2648,1028218,0.548,KEIKO SOFIA FUJIMORI HIGUCHI,17.195,2825224,16002918,ROBERTO HELBERT SANCHEZ PALOMINO,10,JUNTOS POR EL PERÚ,12.216,10.159,2007120,07845838,RAFAEL BERNARDO LÓPEZ ALIAGA CAZORLA,35,RENOVACIÓN POPULAR,11.668,9.703,1917024,PERU,2026-05-23T07:45:04.040351+00:00,19756668,16430347,90096
90223,100.0,90223,2298103,2026-05-23T03:00:07.145056+00:00,2649,1028218,0.548,KEIKO SOFIA FUJIMORI HIGUCHI,17.195,2825224,16002918,ROBERTO HELBERT SANCHEZ PALOMINO,10,JUNTOS POR EL PERÚ,12.216,10.159,2007120,07845838,RAFAEL BERNARDO LÓPEZ ALIAGA CAZORLA,35,RENOVACIÓN POPULAR,11.668,9.703,1917024,PERU,2026-05-23T08:00:06.291413+00:00,19756668,16430347,90096
2341,100.0,2341,0,2026-05-23T04:45:06.5358+00:00,2650,0,0.127,KEIKO SOFIA FUJIMORI HIGUCHI,17.192,2877678,16002918,ROBERTO HELBERT SANCHEZ PALOMINO,10,JUNTOS POR EL PERÚ,12.039,9.992,2015114,07845838,RAFAEL BERNARDO LÓPEZ ALIAGA CAZORLA,35,RENOVACIÓN POPULAR,11.912,9.887,1993905,090000,2026-05-23T09:45:06.185763+00:00,16738039,16738039,21209
2341,100.0,2341,73344,2026-05-23T05:00:08.687942+00:00,2651,24876,23.986,ROBERTO HELBERT SANCHEZ PALOMINO,29.876,102366,16002918,ROBERTO HELBERT SANCHEZ PALOMINO,10,JUNTOS POR EL PERÚ,29.876,23.22,102366,07845838,RAFAEL BERNARDO LÓPEZ ALIAGA CAZORLA,35,RENOVACIÓN POPULAR,5.89,4.578,20181,090000,2026-05-23T10:00:08.377569+00:00,440857,342637,82185
0,0.0,0,22142,2026-05-23T06:00:10.497268+00:00,2652,8150,12.057,KEIKO SOFIA FUJIMORI HIGUCHI,18.87,21842,16002918,ROBERTO HELBERT SANCHEZ PALOMINO,10,JUNTOS POR EL PERÚ,18.666,14.794,21606,07845838,RAFAEL BERNARDO LÓPEZ ALIAGA CAZORLA,35,RENOVACIÓN POPULAR,6.609,5.238,7650,180000,2026-05-23T11:00:10.186399+00:00,146044,115752,13956
802,100.0,802,22142,2026-05-23T06:15:07.21414+00:00,2653,8150,12.057,KEIKO SOFIA FUJIMORI HIGUCHI,18.87,21842,16002918,ROBERTO HELBERT SANCHEZ PALOMINO,10,JUNTOS POR EL PERÚ,18.666,14.794,21606,07845838,RAFAEL BERNARDO LÓPEZ ALIAGA CAZORLA,35,RENOVACIÓN POPULAR,6.609,5.238,7650,180000,2026-05-23T11:15:06.733047+00:00,146044,115752,13956
0,0.0,0,73344,2026-05-23T07:45:06.103704+00:00,2654,24876,23.986,ROBERTO HELBERT SANCHEZ PALOMINO,29.876,102366,16002918,ROBERTO HELBERT SANCHEZ PALOMINO,10,JUNTOS POR EL PERÚ,29.876,23.22,102366,07845838,RAFAEL BERNARDO LÓPEZ ALIAGA CAZORLA,35,RENOVACIÓN POPULAR,5.89,4.578,20181,090000,2026-05-23T12:45:05.792183+00:00,440857,342637,82185
0,0.0,0,100404,2026-05-23T07:45:06.800501+00:00,2655,50644,2.15,KEIKO SOFIA FUJIMORI HIGUCHI,26.41,176103,16002918,ROBERTO HELBERT SANCHEZ PALOMINO,10,JUNTOS POR EL PERÚ,10.744,8.76,71644,07845838,RAFAEL BERNARDO LÓPEZ ALIAGA CAZORLA,35,RENOVACIÓN POPULAR,8.594,7.007,57305,130000,2026-05-23T12:45:06.429376+00:00,817863,666815,14339
2341,100.0,2341,73344,2026-05-23T08:00:08.909342+00:00,2656,24876,23.986,ROBERTO HELBERT SANCHEZ PALOMINO,29.876,102366,16002918,ROBERTO HELBERT SANCHEZ PALOMINO,10,JUNTOS POR EL PERÚ,29.876,23.22,102366,07845838,RAFAEL BERNARDO LÓPEZ ALIAGA CAZORLA,35,RENOVACIÓN POPULAR,5.89,4.578,20181,090000,2026-05-23T13:00:08.615922+00:00,440857,342637,82185
3590,100.0,3590,100404,2026-05-23T08:00:09.553079+00:00,2657,50644,2.15,KEIKO SOFIA FUJIMORI HIGUCHI,26.41,176103,16002918,ROBERTO HELBERT SANCHEZ PALOMINO,10,JUNTOS POR EL PERÚ,10.744,8.76,71644,07845838,RAFAEL BERNARDO LÓPEZ ALIAGA CAZORLA,35,RENOVACIÓN POPULAR,8.594,7.007,57305,130000,2026-05-23T13:00:09.254406+00:00,817863,666815,14339
0,0.0,0,124649,2026-05-23T08:45:05.268006+00:00,2658,54285,38.486,ROBERTO HELBERT SANCHEZ PALOMINO,41.724,268961,16002918,ROBERTO HELBERT SANCHEZ PALOMINO,10,JUNTOS POR EL PERÚ,41.724,32.658,268961,07845838,RAFAEL BERNARDO LÓPEZ ALIAGA CAZORLA,35,RENOVACIÓN POPULAR,3.238,2.535,20875,060000,2026-05-23T13:45:04.875389+00:00,823558,644624,248086
4240,100.0,4240,124649,2026-05-23T09:00:08.130942+00:00,2659,54285,38.486,ROBERTO HELBERT SANCHEZ PALOMINO,41.724,268961,16002918,ROBERTO HELBERT SANCHEZ PALOMINO,10,JUNTOS POR EL PERÚ,41.724,32.658,268961,07845838,RAFAEL BERNARDO LÓPEZ ALIAGA CAZORLA,35,RENOVACIÓN POPULAR,3.238,2.535,20875,060000,2026-05-23T14:00:07.794152+00:00,823558,644624,248086
0,0.0,0,107546,2026-05-23T09:45:06.684657+00:00,2660,42977,4.725,KEIKO SOFIA FUJIMORI HIGUCHI,17.105,108631,16002918,ROBERTO HELBERT SANCHEZ PALOMINO,10,JUNTOS POR EL PERÚ,12.318,9.957,78227,07845838,RAFAEL BERNARDO LÓPEZ ALIAGA CAZORLA,35,RENOVACIÓN POPULAR,7.593,6.138,48223,110000,2026-05-23T14:45:06.277981+00:00,785610,635087,30004
3691,100.0,3691,107546,2026-05-23T10:00:08.915396+00:00,2661,42977,4.725,KEIKO SOFIA FUJIMORI HIGUCHI,17.105,108631,16002918,ROBERTO HELBERT SANCHEZ PALOMINO,10,JUNTOS POR EL PERÚ,12.318,9.957,78227,07845838,RAFAEL BERNARDO LÓPEZ ALIAGA CAZORLA,35,RENOVACIÓN POPULAR,7.593,6.138,48223,110000,2026-05-23T15:00:08.588755+00:00,785610,635087,30004
0,0.0,0,18508,2026-05-23T10:30:08.955262+00:00,2662,5242,20.035,ROBERTO HELBERT SANCHEZ PALOMINO,23.452,18948,16002918,ROBERTO HELBERT SANCHEZ PALOMINO,10,JUNTOS POR EL PERÚ,23.452,18.124,18948,07845838,RAFAEL BERNARDO LÓPEZ ALIAGA CAZORLA,35,RENOVACIÓN POPULAR,3.417,2.641,2761,160000,2026-05-23T15:30:08.507075+00:00,104546,80796,16187
0,0.0,0,99060,2026-05-23T10:45:06.259045+00:00,2663,49391,18.122,ROBERTO HELBERT SANCHEZ PALOMINO,22.849,158426,16002918,ROBERTO HELBERT SANCHEZ PALOMINO,10,JUNTOS POR EL PERÚ,22.849,18.82,158426,07845838,RAFAEL BERNARDO LÓPEZ ALIAGA CAZORLA,35,RENOVACIÓN POPULAR,4.727,3.893,32775,070000,2026-05-23T15:45:05.780989+00:00,841812,693361,125651
507,100.0,507,18508,2026-05-23T10:45:07.722939+00:00,2664,5242,20.035,ROBERTO HELBERT SANCHEZ PALOMINO,23.452,18948,16002918,ROBERTO HELBERT SANCHEZ PALOMINO,10,JUNTOS POR EL PERÚ,23.452,18.124,18948,07845838,RAFAEL BERNARDO LÓPEZ ALIAGA CAZORLA,35,RENOVACIÓN POPULAR,3.417,2.641,2761,160000,2026-05-23T15:45:07.226745+00:00,104546,80796,16187
3983,100.0,3983,99060,2026-05-23T11:00:08.151873+00:00,2665,49391,18.122,ROBERTO HELBERT SANCHEZ PALOMINO,22.849,158426,16002918,ROBERTO HELBERT SANCHEZ PALOMINO,10,JUNTOS POR EL PERÚ,22.849,18.82,158426,07845838,RAFAEL BERNARDO LÓPEZ ALIAGA CAZORLA,35,RENOVACIÓN POPULAR,4.727,3.893,32775,070000,2026-05-23T16:00:07.842745+00:00,841812,693361,125651
